泰文	中文	来源	常用	单音节
กล่าว	说；讲话（较正式）	人工	1	1
กับ	和；与	人工	1	1
กี่	几；多少	人工	1	1
ของ	的；属于	人工	1	1
ขาย	卖	人工	1	1
ขาว	白的	人工	1	1
เขียว	绿的	人工	1	1
ครับ	语气词，男性表示礼貌	人工	1	1
คะ	语气词，女性提问时用	人工	1	1
ค่ะ	语气词，女性表示礼貌	人工	1	1
จน	直到；以至于	人工	1	1
จ้ะ	语气词，亲昵	人工	1	1
จ้า	语气词，亲昵	人工	1	1
จาก	从；来自	人工	1	1
จึง	所以；于是	人工	1	1
ดำ	黑的	人工	1	1
แดง	红的	人工	1	1
โดย	由；通过	人工	1	1
ต่อ	对；向；每	人工	1	1
แต่	但是	人工	1	1
ใต้	在……下面	人工	1	1
ถ้า	如果	人工	1	1
ทั้ง	全；两者都	人工	1	1
ที่	在；所……的	人工	1	1
นะ	语气词，使语气柔和	人工	1	1
ใน	在……里面	人工	1	1
บน	在……上面	人工	1	1
บาท	泰铢（货币单位）	人工	1	1
เพราะ	因为	人工	1	1
เพื่อ	为了；给	人工	1	1
ฟ้า	天蓝的	人工	1	1
เมื่อ	当……时；在……时候	人工	1	1
ยิ้ม	微笑	人工	1	1
ละ	语气词	人工	1	1
และ	和；并且	人工	1	1
สิ	语气词，表示请求或强调	人工	1	1
เหลือง	黄的	人工	1	1
๏	泰语段首符号	人工	1	0
๚	泰语段末符号	人工	1	0
๛	泰语篇末符号	人工	1	0
฿	泰铢符号	人工	1	0
ก็	也；就；便	人工	1	0
ขอบใจ	谢谢（较随意）	人工	1	0
ฃ	泰语第三个辅音字母（已废弃）	人工	1	0
ครับผม	是的（男性，客气）	人工	1	0
ฅ	泰语第五个辅音字母（已废弃）	人工	1	0
ชื่อ	名字	人工	1	0
ซื้อ	买	人工	1	0
ดีใจ	高兴	人工	1	0
เต้นเขน	一种泰式舞剧	人工	1	0
เต้นรำ	跳舞	人工	1	0
เต๊ะจุ๊ย	摆架子	人工	1	0
เต๊ะท่า	摆姿势	人工	1	0
เต้าแคน	笙的吹孔	人工	1	0
เต้าซี่	豆豉	人工	1	0
เต้าทึง	泰式甜汤	人工	1	0
เต้านม	乳房	人工	1	0
เต้าน้ำ	水壶	人工	1	0
เต้าส่วน	泰式甜羹	人工	1	0
เต้าฮวย	豆花	人工	1	0
เถกิง	奉承	人工	1	0
เถนตรง	正直（旧写法）	人工	1	0
เถรตรง	正直；直率	人工	1	0
เถรภูมิ	阿罗汉的修行境界	人工	1	0
เถรวาท	上座部佛教	人工	1	0
เถรี	女修行者	人工	1	0
เถลไถล	游荡	人工	1	0
เถลิก	掀起（衣角）	人工	1	0
เถลิงศก	纪元开年	人工	1	0
เถ้าแก่	老板	人工	1	0
เถ้าถ่าน	灰烬	人工	1	0
เถาปั๊ว	老板（潮州话借词）	人工	1	0
เถาวัลย์	藤	人工	1	0
เถาหยวน	桃园	人工	1	0
เถาะศก	兔年	人工	1	0
เถิดเทิง	欢腾	人工	1	0
เทกระจาด	翻车	人工	1	0
เทคนิค	技术；技巧	人工	1	0
เทคบอล	台克球	人工	1	0
เทครัว	举家迁徙	人工	1	0
เทควันโด	跆拳道	人工	1	0
เทนนิส	网球	人工	1	0
เทนเนสซี	田纳西	人工	1	0
เทนเรค	天纳克（品牌）	人工	1	0
เทป	磁带；胶带	人工	1	0
เทปใส	透明胶带	人工	1	0
เทปูน	灌水泥	人工	1	0
เทพเจ้า	神	人工	1	0
เทพดา	神	人工	1	0
เทพธิดา	女神	人工	1	0
เทพนม	泰式合十礼（神像姿势）	人工	1	0
เทพนารี	仙女	人工	1	0
เทพนิยม	有神论	人工	1	0
เทพนิยาย	神话	人工	1	0
เทพบดี	众神之王	人工	1	0
เทพบุตร	神之子	人工	1	0
เทพย	神	人工	1	0
เทพย์	神	人工	1	0
เทพยดา	神仙	人工	1	0
เทพสิง	神狮	人工	1	0
เทพากร	神	人工	1	0
เทพี	女神	人工	1	0
เทมโป	速度（音乐术语）	人工	1	0
เทวดา	神仙；天使	人工	1	0
เทวทัณฑ์	神的惩罚	人工	1	0
เทวทูต	天使	人工	1	0
เทวธรรม	神法	人工	1	0
เทวธิดา	女神	人工	1	0
เทวนาครี	天城文	人工	1	0
เท่าไหร่	多少（问价钱、数量）	人工	1	0
ประเทศจีน	中国	人工	1	0
ประเทศไทย	泰国	人工	1	0
เมื่อไหร่	什么时候	人工	1	0
ไม่ดี	不好	人工	1	0
ไม่เป็นไร	没关系	人工	1	0
ยินดีที่ได้รู้จัก	很高兴认识你	人工	1	0
ร้องไห้	哭	人工	1	0
ราตรีสวัสดิ์	晚安	人工	1	0
ลาก่อน	再见	人工	1	0
ฦ	泰语元音字母（ลึ）	人工	1	0
ฦก	（罕用写法）	人工	1	0
สบายดีไหม	你好吗	人工	1	0
สวัสดี	你好	人工	1	0
สีขาว	白色	人工	1	0
สีเขียว	绿色	人工	1	0
สีดำ	黑色	人工	1	0
สีแดง	红色	人工	1	0
สีฟ้า	天蓝色	人工	1	0
สีเหลือง	黄色	人工	1	0
แสดงว่า	表明	人工	1	0
แสตมป์	邮票	人工	1	0
แสนกล	诡计多端	人工	1	0
แสนเข็ญ	艰难	人工	1	0
แสนงอน	爱撒娇	人工	1	0
แสนปม	心结多	人工	1	0
แสนยนิยม	沙文主义	人工	1	0
แสนยากร	极难	人工	1	0
แสนรู้	爱耍小聪明	人工	1	0
แสนวิเศษ	极妙	人工	1	0
แสยง	害怕	人工	1	0
แสยงขน	毛骨悚然	人工	1	0
แสยะ	咧（嘴）	人工	1	0
แสยะปาก	咧嘴	人工	1	0
แสร้ง	假装	人工	1	0
แสร้งทำ	假装做	人工	1	0
แสร้งว่า	佯称	人工	1	0
แสลง	忌口；犯冲	人工	1	0
แสลงใจ	刺心	人工	1	0
แสลงหู	逆耳	人工	1	0
แสวง	寻求	人工	1	0
แสวงบุญ	做功德	人工	1	0
แสวงหา	寻找	人工	1	0
หรือ	或者；还是	人工	1	0
หัวเราะ	笑	人工	1	0
แหกขี้ตา	睁不开眼	人工	1	0
แหกคอก	不守规矩	人工	1	0
แหกคุก	越狱	人工	1	0
แหกโค้ง	弯道翻车	人工	1	0
แหกตา	显眼	人工	1	0
แหกปาก	张大嘴（喊）	人工	1	0
แหงนคอ	仰头	人工	1	0
แหงนมอง	仰望	人工	1	0
แหงนหน้า	仰起脸	人工	1	0
แห่งหน	（呼语）喂	人工	1	0
แหนงใจ	疑心	人工	1	0
แหบแห้ง	沙哑干涩	人工	1	0
แหลกลาญ	溃散	人工	1	0
แหวกว่าย	游泳	人工	1	0
อรุณสวัสดิ์	早安	人工	1	0
ๅ	泰语重复符号	人工	1	0
กก	千克	机翻	0	1
ก๊ก	派	机翻	0	1
กค	七月	机翻	0	1
กง	孔	机翻	0	1
ก่ง	鞠躬	机翻	0	1
ก๊ง	喝酒	机翻	0	1
ก๋ง	爷爷	机翻	0	1
กฏ	规则	机翻	0	1
กน	鼻息	机翻	0	1
ก้น	底部	机翻	0	1
กม	公里	机翻	0	1
ก้ม	弯曲	机翻	0	1
กร	手臂	机翻	0	1
กรด	酸	机翻	0	1
กรน	打鼾	机翻	0	1
กรม	部门	机翻	0	1
กรวด	碎石	机翻	0	1
กร้วม	碰撞声	机翻	0	1
กรวย	漏斗	机翻	0	1
กรอ	倒带	机翻	0	1
กรอด	格罗德	机翻	0	1
กร่อน	腐蚀	机翻	0	1
กรอม	覆盖	机翻	0	1
กร่อม	慢慢地	机翻	0	1
กร่อย	微咸的	机翻	0	1
กระ	雀斑	机翻	0	1
กรัก	我爱你	机翻	0	1
กรัง	巢	机翻	0	1
กรัม	克	机翻	0	1
กราก	触感粗糙	机翻	0	1
กราง	昏昏沉沉的	机翻	0	1
กร่าง	昂首阔步	机翻	0	1
กราด	不加区别地	机翻	0	1
กราน	坚持	机翻	0	1
กร้าน	很粗糙	机翻	0	1
กราบ	俯卧	机翻	0	1
กราม	颚	机翻	0	1
กร่าย	尖叫	机翻	0	1
กราว	地面	机翻	0	1
กร้าว	艰难的	机翻	0	1
กรำ	喊	机翻	0	1
กริก	点击	机翻	0	1
กริ๊ก	点击	机翻	0	1
กริ่ง	蜂鸣器	机翻	0	1
กริ๊ง	叮当	机翻	0	1
กริช	匕首	机翻	0	1
กริบ	完美	机翻	0	1
กริม	严峻	机翻	0	1
กริ่ม	知足	机翻	0	1
กริ้ว	生气的	机翻	0	1
กรีก	希腊语	机翻	0	1
กรีซ	希腊	机翻	0	1
กรีด	尖叫	机翻	0	1
กรี๊ด	尖叫	机翻	0	1
กรุก	歪	机翻	0	1
กรุง	首都	机翻	0	1
กรุน	地下城	机翻	0	1
กรุ่น	一起	机翻	0	1
กรุบ	脆脆的	机翻	0	1
กรุ่ม	连续但轻微	机翻	0	1
กรุย	铺平	机翻	0	1
กรู	拧紧	机翻	0	1
กรูด	撤退	机翻	0	1
กรูม	新郎	机翻	0	1
กล	诡计	机翻	0	1
กลด	高兴的	机翻	0	1
กลบ	掩饰	机翻	0	1
กลม	圆形的	机翻	0	1
กลวง	空洞的	机翻	0	1
กล้อ	相机	机翻	0	1
กลอก	吱	机翻	0	1
กลอง	鼓	机翻	0	1
กลอน	诗	机翻	0	1
กล้อน	秃	机翻	0	1
กล่อม	麻痹	机翻	0	1
กลอย	野山药	机翻	0	1
กลัก	盒子	机翻	0	1
กลัด	钉	机翻	0	1
กลั้น	憋	机翻	0	1
กลั้ว	冲刷	机翻	0	1
กล้า	勇敢的	机翻	0	1
กลาก	湿疹	机翻	0	1
กลาง	中心	机翻	0	1
กล้าม	肌肉	机翻	0	1
กลาย	变得	机翻	0	1
กล้าย	芭蕉	机翻	0	1
กล้ำ	捆绑在一起	机翻	0	1
กลิ้ง	卷	机翻	0	1
กลิ่น	闻	机翻	0	1
กลิ้ม	放纵	机翻	0	1
กลี	恶毒	机翻	0	1
กลี่	高兴	机翻	0	1
กลีบ	叶	机翻	0	1
กลึง	车床	机翻	0	1
กลืน	吞	机翻	0	1
กลุ่ม	团体	机翻	0	1
กลุ้ม	担心	机翻	0	1
กวด	追逐	机翻	0	1
ก๊วน	帮派	机翻	0	1
กวม	关岛	机翻	0	1
ก่วม	关岛	机翻	0	1
กวัก	信号	机翻	0	1
กวัด	挥	机翻	0	1
กวา	卦	机翻	0	1
กว่า	比	机翻	0	1
กวาน	关塔那摩	机翻	0	1
กว่าน	比	机翻	0	1
กว้าน	绞盘	机翻	0	1
กว๊าน	湖	机翻	0	1
กษ	K.S	机翻	0	1
กอ	丛	机翻	0	1
ก่อ	形式	机翻	0	1
ก้อ	出色地	机翻	0	1
กอก	胸部	机翻	0	1
ก๊อก	龙头	机翻	0	1
ก้อง	共鸣的	机翻	0	1
กอซ	纱布	机翻	0	1
กอด	拥抱	机翻	0	1
ก้อน	块	机翻	0	1
กอบ	科布	机翻	0	1
ก๊อป	复制	机翻	0	1
ก๊อฟ	高尔夫球	机翻	0	1
ก้อย	尾巴	机翻	0	1
กัก	隔离	机翻	0	1
กั๊ก	四分之一	机翻	0	1
กัง	炕	机翻	0	1
กั้ง	小龙虾	机翻	0	1
กัด	咬	机翻	0	1
กั่น	刀的重量	机翻	0	1
กั้น	分割	机翻	0	1
กัป	永	机翻	0	1
กัว	果阿	机翻	0	1
กา	壶	机翻	0	1
กาก	残留物	机翻	0	1
กาง	传播	机翻	0	1
ก้าง	骨	机翻	0	1
กาด	卡德	机翻	0	1
ก๊าด	煤油	机翻	0	1
กาน	坎	机翻	0	1
ก้าน	茎	机翻	0	1
กาบ	苞片	机翻	0	1
ก้าบ	爪	机翻	0	1
กาม	好色之徒	机翻	0	1
ก้าม	爪	机翻	0	1
กาย	身体	机翻	0	1
ก่าย	嘿！	机翻	0	1
การ	行动	机翻	0	1
กาล	时间	机翻	0	1
กาว	胶水	机翻	0	1
ก้าว	步伐	机翻	0	1
กาฬ	黑暗的	机翻	0	1
กำ	捆	机翻	0	1
ก่ำ	生动地	机翻	0	1
ก้ำ	轴承	机翻	0	1
กิ๊ก	演出	机翻	0	1
กิ่ง	肢	机翻	0	1
กิจ	活动	机翻	0	1
กิช	吉什	机翻	0	1
กิ๊บ	簪	机翻	0	1
กิ่ว	瘪	机翻	0	1
กี	气	机翻	0	1
กี้	米奇	机翻	0	1
กี๋	基	机翻	0	1
กีด	减速	机翻	0	1
กีบ	蹄	机翻	0	1
กึก	突然	机翻	0	1
กึง	砰	机翻	0	1
กึ่ง	半	机翻	0	1
กึ๋น	聪明人	机翻	0	1
กุ	我	机翻	0	1
กุ๊ก	厨师	机翻	0	1
กุด	存根	机翻	0	1
กุน	坤	机翻	0	1
กุ๊น	下摆	机翻	0	1
กุบ	库布	机翻	0	1
กุม	抓住	机翻	0	1
กุ่ม	库姆	机翻	0	1
กุย	桂	机翻	0	1
กุ๊ย	流浪汉	机翻	0	1
กุ๋ย	对一个人感到羞耻	机翻	0	1
กุล	坤	机翻	0	1
กู	我	机翻	0	1
กู่	库	机翻	0	1
กู้	恢复	机翻	0	1
กูด	好的	机翻	0	1
กูบ	夫妻	机翻	0	1
เก	关于	机翻	0	1
เก๊	虚假的	机翻	0	1
เก๋	别致的	机翻	0	1
เก๊ก	自命不凡	机翻	0	1
เก็ง	推测	机翻	0	1
เก่ง	好的	机翻	0	1
เก้ง	吠鹿	机翻	0	1
เก๋ง	兜帽	机翻	0	1
เก็จ	测量	机翻	0	1
เกด	凯特	机翻	0	1
เกย	搁浅	机翻	0	1
เกรง	害怕	机翻	0	1
เกร็ง	紧张	机翻	0	1
เกร็ด	尖端	机翻	0	1
เกรน	粮食	机翻	0	1
เกร่อ	广泛	机翻	0	1
เกรอะ	过滤	机翻	0	1
เกราะ	盔甲	机翻	0	1
เกริก	克里克	机翻	0	1
เกริ่น	意味着	机翻	0	1
เกรียง	镘	机翻	0	1
เกรียน	短的	机翻	0	1
เกรียบ	脆饼干	机翻	0	1
เกรียม	烧焦的	机翻	0	1
เกรียว	一致地	机翻	0	1
เกรี้ยว	愤怒地	机翻	0	1
เกล็ด	规模	机翻	0	1
เกลอ	同胞	机翻	0	1
เกลา	倒角	机翻	0	1
เกล้า	荣誉	机翻	0	1
เกลี่ย	均衡	机翻	0	1
เกลี้ยง	完全	机翻	0	1
เกลียว	螺旋	机翻	0	1
เกลือก	滚下	机翻	0	1
เกลื่อน	广泛	机翻	0	1
เกลื้อน	癣	机翻	0	1
เกวียน	大车	机翻	0	1
เกศ	头	机翻	0	1
เก้อ	浪费地	机翻	0	1
เก๊ะ	伪造的	机翻	0	1
เกา	划痕	机翻	0	1
เก๋า	老的	机翻	0	1
เกิน	超过	机翻	0	1
เกี่ยง	讨价还价	机翻	0	1
เกียด	恨	机翻	0	1
เกียน	对不起	机翻	0	1
เกี่ยว	有关的	机翻	0	1
เกี้ยว	呜	机翻	0	1
เกี๊ยว	饺子	机翻	0	1
เกื้อ	帮忙	机翻	0	1
เกือก	鞋类	机翻	0	1
แก	为了	机翻	0	1
แก๊ก	一个插科打诨	机翻	0	1
แก่ง	急流	机翻	0	1
แก๊ง	帮派	机翻	0	1
แกน	轴	机翻	0	1
แก่น	核	机翻	0	1
แก๊ป	帽	机翻	0	1
แกม	与	机翻	0	1
แก้ม	脸颊	机翻	0	1
แกร่ง	线状的	机翻	0	1
แกร่ว	不知疲倦地	机翻	0	1
แกล้ง	逗	机翻	0	1
แกลบ	外壳	机翻	0	1
แกล้ม	零食	机翻	0	1
แกละ	去皮的	机翻	0	1
แกว	考奥	机翻	0	1
แกว่ง	摇摆	机翻	0	1
แก๊ส	气体	机翻	0	1
โก	去	机翻	0	1
โก่	称呼	机翻	0	1
โก้	云杉	机翻	0	1
โก๋	时髦的	机翻	0	1
โกง	欺骗	机翻	0	1
โก่ง	弯曲	机翻	0	1
โก่น	清除	机翻	0	1
โก๋น	蜂窝	机翻	0	1
โกย	舀	机翻	0	1
โกรก	浸出	机翻	0	1
โกรง	笼	机翻	0	1
โกร่ง	砂浆	机翻	0	1
โกลน	镫	机翻	0	1
โกศ	瓮	机翻	0	1
ไก	扳机	机翻	0	1
ไกว	岩石	机翻	0	1
ขด	线圈	机翻	0	1
ข้น	浓缩的	机翻	0	1
ขบ	弄清楚	机翻	0	1
ข่ม	压制	机翻	0	1
ขร้า	是的	机翻	0	1
ขริบ	割礼	机翻	0	1
ขรึม	沉默寡言	机翻	0	1
ขลัง	神奇	机翻	0	1
ขลับ	闪亮的	机翻	0	1
ขลาด	可怕	机翻	0	1
ขลิบ	割礼	机翻	0	1
ขลุม	赫鲁姆	机翻	0	1
ขลุ่ย	长笛	机翻	0	1
ข่วน	划痕	机翻	0	1
ขวบ	年	机翻	0	1
ขวัญ	士气	机翻	0	1
ขวัด	喊	机翻	0	1
ขวั้น	腰带	机翻	0	1
ขวับ	突然	机翻	0	1
ขวา	正确的	机翻	0	1
ขวาก	长钉	机翻	0	1
ขวาง	对角线	机翻	0	1
ขว้าง	沥青	机翻	0	1
ขวาน	斧头	机翻	0	1
ขว้าว	哇！	机翻	0	1
ขวิด	血块	机翻	0	1
ข่อ	灰	机翻	0	1
ข้อ	条款	机翻	0	1
ขอก	问	机翻	0	1
ข้อง	有关的	机翻	0	1
ขอน	日志	机翻	0	1
ข้อน	信息	机翻	0	1
ขอบ	边缘	机翻	0	1
ขอม	高棉语	机翻	0	1
ข่อย	科伊语	机翻	0	1
ขัง	被监禁	机翻	0	1
ขัด	擦洗	机翻	0	1
ขัน	可笑地	机翻	0	1
ขั้น	步	机翻	0	1
ขัว	我耽心	机翻	0	1
ขั้ว	极性	机翻	0	1
ข่า	高良姜	机翻	0	1
ข้า	我	机翻	0	1
ขาก	破碎的	机翻	0	1
ข่าง	消息	机翻	0	1
ขาด	破碎的	机翻	0	1
ขาน	称呼	机翻	0	1
ขาบ	科普	机翻	0	1
ขาม	康区	机翻	0	1
ข่าย	网	机翻	0	1
ขาล	老虎	机翻	0	1
ขำ	傻笑	机翻	0	1
ขิง	姜	机翻	0	1
ขิม	洋琴	机翻	0	1
ขี้	拉屎	机翻	0	1
ขีด	短跑	机翻	0	1
ขึง	拉紧	机翻	0	1
ขึ้ง	愤怒	机翻	0	1
ขืน	反对	机翻	0	1
ขื่น	可恶的	机翻	0	1
ขุด	挖	机翻	0	1
ขุน	施肥	机翻	0	1
ขุ่น	不透明	机翻	0	1
ขุม	积累	机翻	0	1
ขุย	起毛	机翻	0	1
ขู่	威胁	机翻	0	1
ขูด	刮	机翻	0	1
เข	他	机翻	0	1
เข้	鳄鱼	机翻	0	1
เขก	摇	机翻	0	1
เข่ง	篮子	机翻	0	1
เข็ญ	悲惨地	机翻	0	1
เข็ด	绞	机翻	0	1
เขน	携带	机翻	0	1
เข็น	大车	机翻	0	1
เข่น	磅	机翻	0	1
เข็ม	针	机翻	0	1
เข้ม	密集的	机翻	0	1
เขย	女婿	机翻	0	1
เขรอะ	肮脏	机翻	0	1
เขลง	我很困惑	机翻	0	1
เขละ	我无知	机翻	0	1
เขลา	愚蠢的	机翻	0	1
เขว	我心烦意乱	机翻	0	1
เขวี้ยง	扔	机翻	0	1
เขี่ย	耙	机翻	0	1
เขียด	基亚特	机翻	0	1
เขี่ยน	划痕	机翻	0	1
เขียม	节约	机翻	0	1
เขี้ยว	犬科动物	机翻	0	1
เขือ	茄子	机翻	0	1
เขื่อง	笨手笨脚的	机翻	0	1
เขื่อน	坝	机翻	0	1
แข	站立	机翻	0	1
แข่ง	种族	机翻	0	1
แข้ง	胫	机翻	0	1
แข่น	加热至干	机翻	0	1
แขม	卡姆	机翻	0	1
แขวน	悬挂	机翻	0	1
แขวะ	坚持，稍等	机翻	0	1
โข	非常	机翻	0	1
โขก	罢工	机翻	0	1
โขง	湄公河	机翻	0	1
โขด	岗	机翻	0	1
โขน	哑剧	机翻	0	1
โขลก	磅	机翻	0	1
โขลง	一群	机翻	0	1
โขลน	宫廷女侍卫	机翻	0	1
ใข่	蛋	机翻	0	1
ไข	蜡	机翻	0	1
ไขว่	忙碌地	机翻	0	1
ไขว้	叉	机翻	0	1
ฃวด	按摩	机翻	0	1
ฃอง	让	机翻	0	1
ฃัน	ฃน	机翻	0	1
ฃาย	男性	机翻	0	1
ฃุน	太阳	机翻	0	1
เฃ้า	是的	机翻	0	1
เฃียน	西安	机翻	0	1
คค	克克	机翻	0	1
คช	科赫	机翻	0	1
คด	歪	机翻	0	1
ค้น	搜索	机翻	0	1
คบ	约会	机翻	0	1
ครก	砂浆	机翻	0	1
ครบ	完全	机翻	0	1
ครวญ	呻吟	机翻	0	1
ครอก	垃圾	机翻	0	1
ครอง	占据	机翻	0	1
ครอบ	覆盖	机翻	0	1
คร่อม	跨骑	机翻	0	1
ครั่ง	虫胶	机翻	0	1
ครัช	离合器	机翻	0	1
ครัน	完全地	机翻	0	1
ครั้น	什么时候	机翻	0	1
ครัว	厨房	机翻	0	1
ครา	一次	机翻	0	1
คร่า	是的，是的	机翻	0	1
คราก	牦牛	机翻	0	1
คราง	呻吟	机翻	0	1
คราด	耙	机翻	0	1
คร้าน	我很困惑	机翻	0	1
คราบ	弄脏	机翻	0	1
คราม	靛青	机翻	0	1
คร้าม	恐惧	机翻	0	1
คราว	时间	机翻	0	1
คร่าว	大致	机翻	0	1
คราส	蚀	机翻	0	1
คร่ำ	狡猾的	机翻	0	1
ครีบ	鳍	机翻	0	1
ครีม	奶油	机翻	0	1
ครึ	邋遢的	机翻	0	1
ครึน	满的	机翻	0	1
ครึ้ม	浓密的	机翻	0	1
ครืน	陷阱	机翻	0	1
ครุ	老师	机翻	0	1
ครุฑ	迦楼罗	机翻	0	1
ครุ่น	沉思	机翻	0	1
ครุย	荷叶边	机翻	0	1
ครู่	片刻	机翻	0	1
ครูด	磨损	机翻	0	1
คลอ	旁边	机翻	0	1
คลอก	破裂	机翻	0	1
คล่อง	自发的	机翻	0	1
คล้อง	钩	机翻	0	1
คลอด	生	机翻	0	1
คลอน	摇	机翻	0	1
คล้อย	推迟	机翻	0	1
คละ	什锦	机翻	0	1
คลั่ก	无数地	机翻	0	1
คลัง	国库	机翻	0	1
คลั่ง	狂欢	机翻	0	1
คลาด	躲避	机翻	0	1
คลาน	爬行	机翻	0	1
คลาย	松开	机翻	0	1
คล้าย	类似	机翻	0	1
คลำ	感觉	机翻	0	1
คล่ำ	混合起来	机翻	0	1
คล้ำ	黑暗的	机翻	0	1
คลิป	夹子	机翻	0	1
คลี่	展开	机翻	0	1
คลึง	卷	机翻	0	1
คลุก	揉	机翻	0	1
คลุ้ง	弥漫地	机翻	0	1
คลุม	覆盖	机翻	0	1
ควง	挥	机翻	0	1
ควบ	驰骋	机翻	0	1
ควย	公鸡	机翻	0	1
ควัก	舀	机翻	0	1
คว้า	抓住	机翻	0	1
คว้าง	漫无目的地	机翻	0	1
ควาญ	象夫	机翻	0	1
ควาน	摸索	机翻	0	1
คว้าน	舀	机翻	0	1
ความ	感觉	机翻	0	1
คว่ำ	倒挂	机翻	0	1
ควีน	女王	机翻	0	1
ค้อ	科	机翻	0	1
คอด	鳕鱼	机翻	0	1
คอน	栖息	机翻	0	1
ค่อน	有些	机翻	0	1
คอม	电脑	机翻	0	1
ค่อม	发育不良的	机翻	0	1
ค้อม	弓	机翻	0	1
คอย	等待	机翻	0	1
ค่อย	逐步地	机翻	0	1
คั่ง	拥堵	机翻	0	1
คัด	选择	机翻	0	1
คั่น	分离器	机翻	0	1
คั้น	压碎	机翻	0	1
คั่ว	烤	机翻	0	1
คา	价格	机翻	0	1
ค่า	费用	机翻	0	1
ค้า	贸易	机翻	0	1
คาง	下巴	机翻	0	1
ค่าง	狐猴	机翻	0	1
ค้าง	杰出的	机翻	0	1
คาด	预计	机翻	0	1
คาน	光束	机翻	0	1
ค้าน	目的	机翻	0	1
คาบ	时期	机翻	0	1
คาย	发展	机翻	0	1
ค่าย	营	机翻	0	1
คาว	腥	机翻	0	1
ค่าว	哇！	机翻	0	1
ค่ำ	晚上	机翻	0	1
ค้ำ	极	机翻	0	1
คิง	国王	机翻	0	1
คิ้ว	眉	机翻	0	1
คี่	奇怪的	机翻	0	1
คีต	音乐	机翻	0	1
คีบ	通	机翻	0	1
คีม	钳	机翻	0	1
คึก	愤怒地	机翻	0	1
คึ่ก	哇！	机翻	0	1
คืบ	蠕变	机翻	0	1
คุ	抽烟	机翻	0	1
คุก	监狱	机翻	0	1
คุง	你	机翻	0	1
คุ้ง	弯曲	机翻	0	1
คุด	向内生长的	机翻	0	1
คุ่น	熟悉的	机翻	0	1
คุ้น	熟悉的	机翻	0	1
คุม	控制	机翻	0	1
คุ้ม	警卫	机翻	0	1
คุ้ย	临检	机翻	0	1
คู	沟	机翻	0	1
คู้	扭曲	机翻	0	1
คูณ	乘	机翻	0	1
คูถ	展位	机翻	0	1
คูน	浣熊	机翻	0	1
คูม	库姆	机翻	0	1
เค	K	机翻	0	1
เค้ง	躺	机翻	0	1
เค้น	风门	机翻	0	1
เคร่ง	严格的	机翻	0	1
เครน	起重机	机翻	0	1
เครา	胡须	机翻	0	1
เครือ	网络	机翻	0	1
เคล้ง	打瞌睡	机翻	0	1
เคล็ด	扭伤	机翻	0	1
เคล้น	揉	机翻	0	1
เคล้า	混合	机翻	0	1
เคลิ้ม	瞌睡	机翻	0	1
เคลีย	清除	机翻	0	1
เคลื่อน	移动	机翻	0	1
เคลือบ	搪瓷	机翻	0	1
เคว้ง	卷轴	机翻	0	1
เคอะ	笨拙地	机翻	0	1
เคะ	他妈的	机翻	0	1
เค้า	他	机翻	0	1
เคาะ	敲	机翻	0	1
เคียง	并排	机翻	0	1
เคียน	圈	机翻	0	1
เคียว	镰刀	机翻	0	1
เคี่ยว	炖	机翻	0	1
เคี้ยว	嚼	机翻	0	1
เคือง	刺激	机翻	0	1
แค	凯惠	机翻	0	1
แคน	能	机翻	0	1
แค่น	只是	机翻	0	1
แค้น	不满	机翻	0	1
แคม	阴唇	机翻	0	1
แคร่	垃圾	机翻	0	1
แคระ	矮人	机翻	0	1
แคล	卡路里	机翻	0	1
แคลน	氏族	机翻	0	1
แคล้ว	避免	机翻	0	1
แคว	支流	机翻	0	1
แคว้น	地区	机翻	0	1
แคะ	挑选	机翻	0	1
โค	奶牛	机翻	0	1
โคก	可乐	机翻	0	1
โค้ก	可乐	机翻	0	1
โค่ง	超大号	机翻	0	1
โค้ง	曲线	机翻	0	1
โค้ช	教练	机翻	0	1
โค้ท	外套	机翻	0	1
โคน	根据	机翻	0	1
โค่น	推翻	机翻	0	1
โคม	光	机翻	0	1
โครก	克罗克	机翻	0	1
โครง	框架	机翻	0	1
โคร่ง	超大的	机翻	0	1
โครต	非常酷	机翻	0	1
โครม	铬合金	机翻	0	1
โคลง	十四行诗	机翻	0	1
โคลน	泥	机翻	0	1
ใคร่	欲望	机翻	0	1
ไค	凯	机翻	0	1
ไคล	凯尔	机翻	0	1
ไคล้	喜欢	机翻	0	1
ฅน	人	机翻	0	1
ฅอ	所以	机翻	0	1
ฅ้อน	欢迎	机翻	0	1
ฅำ	沙拉	机翻	0	1
ฅ่ำ	低的	机翻	0	1
ฅิง	狮子	机翻	0	1
ฅีน	皮肤	机翻	0	1
ฅืน	站立	机翻	0	1
แฅ่ง	展示	机翻	0	1
แฅน	谢谢	机翻	0	1
แฅว	哇	机翻	0	1
ฆ้อง	锣	机翻	0	1
ฆ้อน	锤	机翻	0	1
ฆ่า	杀	机翻	0	1
ฆาฏ	杀手	机翻	0	1
ฆาต	谋杀	机翻	0	1
เฆี่ยน	鞭打	机翻	0	1
งก	恩格克	机翻	0	1
งง	使困惑	机翻	0	1
งด	目瞪口呆	机翻	0	1
งบ	预算	机翻	0	1
งม	我不知道	机翻	0	1
งวง	长鼻	机翻	0	1
ง่วน	毛孔	机翻	0	1
ง้วน	津津有味	机翻	0	1
งอ	弯曲	机翻	0	1
ง้อ	调和	机翻	0	1
งอก	发芽	机翻	0	1
งอน	生闷气	机翻	0	1
งอบ	恩戈布	机翻	0	1
งอม	饥饿的	机翻	0	1
ง่อย	残废的	机翻	0	1
งั่ก	非常	机翻	0	1
งั่ง	恩刚	机翻	0	1
งัด	目瞪口呆	机翻	0	1
งัน	击晕	机翻	0	1
งั้น	否则	机翻	0	1
งับ	折断！	机翻	0	1
งัว	窗台	机翻	0	1
งั่ว	恩高	机翻	0	1
งา	芝麻	机翻	0	1
ง่า	哇！	机翻	0	1
ง้าง	拖船	机翻	0	1
งาบ	滑动	机翻	0	1
งาม	美丽的	机翻	0	1
ง่าม	叉	机翻	0	1
งาย	恩盖	机翻	0	1
ง้าว	戟	机翻	0	1
งำ	披风	机翻	0	1
ง้ำ	倾斜	机翻	0	1
งิ้ว	中国戏曲	机翻	0	1
งีบ	打盹	机翻	0	1
งุบ	瞌睡	机翻	0	1
งุ้ม	鹰嘴豆	机翻	0	1
เงย	津贴	机翻	0	1
เงอะ	尴尬	机翻	0	1
เง่า	我很傻	机翻	0	1
เงิบ	沉默的	机翻	0	1
เงี่ยง	倒钩	机翻	0	1
เงี่ยน	欲火中烧	机翻	0	1
เงียบ	安静的	机翻	0	1
เงี้ยว	曲折	机翻	0	1
เงื้อ	提升	机翻	0	1
เงือก	美人鱼	机翻	0	1
เงื่อง	迟迟	机翻	0	1
เงื่อน	结	机翻	0	1
เงือบ	移动鳃	机翻	0	1
เงื้อม	投影	机翻	0	1
แง	哭！	机翻	0	1
แง่	观点	机翻	0	1
แง่ง	干	机翻	0	1
แง่น	真的	机翻	0	1
แง้ม	半开着	机翻	0	1
แงะ	撬	机翻	0	1
โง	增加	机翻	0	1
โง่	愚蠢的	机翻	0	1
โงก	点头	机翻	0	1
โง้ง	弯曲	机翻	0	1
โงน	恩贡	机翻	0	1
ไง	如何	机翻	0	1
จก	有限公司	机翻	0	1
จง	是	机翻	0	1
จด	写	机翻	0	1
จม	下沉	机翻	0	1
จร	旅行	机翻	0	1
จรุง	吸引	机翻	0	1
จวก	推力	机翻	0	1
จ้วง	暴跌	机翻	0	1
จวน	几乎	机翻	0	1
จวบ	直到	机翻	0	1
จอ	屏幕	机翻	0	1
จ่อ	在枪口下	机翻	0	1
จ้อ	潺潺	机翻	0	1
จ๋อ	黑猩猩	机翻	0	1
จอก	不倒翁	机翻	0	1
จ้อง	盯	机翻	0	1
จอน	鬓角	机翻	0	1
จอบ	锄	机翻	0	1
จอม	乔姆	机翻	0	1
จ่อม	蘸	机翻	0	1
จ้อย	微小的	机翻	0	1
จ๋อย	肮脏的	机翻	0	1
จัก	将要	机翻	0	1
จัง	真的	机翻	0	1
จัน	陈	机翻	0	1
จั่น	圈套	机翻	0	1
จั่ว	山墙	机翻	0	1
จ่า	军士	机翻	0	1
จ๋า	是的	机翻	0	1
จ๊าก	哇！	机翻	0	1
จาง	褪色	机翻	0	1
จ๊าด	非常酷	机翻	0	1
จ้าน	杰出的	机翻	0	1
จาบ	戳	机翻	0	1
จ๊าบ	哇！	机翻	0	1
จาม	喷嚏	机翻	0	1
จาร	题词	机翻	0	1
จาว	纸浆	机翻	0	1
จ้าว	主	机翻	0	1
จ้ำ	挫伤	机翻	0	1
จิก	捏	机翻	0	1
จิ๊ก	夹具	机翻	0	1
จิต	头脑	机翻	0	1
จิ้น	斤	机翻	0	1
จิบ	啜饮	机翻	0	1
จิ้ม	刺	机翻	0	1
จิ๋ม	猫	机翻	0	1
จิ๋ว	微小的	机翻	0	1
จี	G	机翻	0	1
จี่	斤	机翻	0	1
จี้	吊坠	机翻	0	1
จี๊ด	非常酷	机翻	0	1
จีน	中国	机翻	0	1
จีบ	法庭	机翻	0	1
จี๊ป	吉普车	机翻	0	1
จึ้ง	钟	机翻	0	1
จุ	容量	机翻	0	1
จุก	软木	机翻	0	1
จุน	君	机翻	0	1
จุ่น	凸出	机翻	0	1
จุ๊บ	吻	机翻	0	1
จุ่ม	蘸	机翻	0	1
จุ้ม	暴跌	机翻	0	1
จุล	微-	机翻	0	1
จู่	突然	机翻	0	1
จู๋	阴茎	机翻	0	1
จูง	带领	机翻	0	1
จูบ	吻	机翻	0	1
จูล	焦耳	机翻	0	1
เจ	杰伊	机翻	0	1
เจ๊	姐姐	机翻	0	1
เจ๊ก	杰克	机翻	0	1
เจ๊ง	破产	机翻	0	1
เจ๋ง	凉爽的	机翻	0	1
เจต	精神	机翻	0	1
เจน	简	机翻	0	1
เจ็บ	伤害	机翻	0	1
เจล	凝胶	机翻	0	1
เจ่อ	凸出	机翻	0	1
เจ๋อ	敢	机翻	0	1
เจอะ	遇到	机翻	0	1
เจ้า	所有者	机翻	0	1
เจ๊า	画	机翻	0	1
เจาะ	钻头	机翻	0	1
เจิ่ง	淹没	机翻	0	1
เจิด	明亮的	机翻	0	1
เจิ่น	太糟糕了	机翻	0	1
เจิม	膏抹	机翻	0	1
เจี๊ยก	叶氏	机翻	0	1
เจียด	分配	机翻	0	1
เจียน	几乎	机翻	0	1
เจี๋ยน	劈	机翻	0	1
เจี๊ยบ	小鸡	机翻	0	1
เจียม	谦虚地	机翻	0	1
เจียร	旷日持久的	机翻	0	1
เจียว	炒	机翻	0	1
เจี๊ยว	公鸡	机翻	0	1
เจือ	合金	机翻	0	1
เจื่อน	羞怯地	机翻	0	1
เจื๋อน	可耻	机翻	0	1
เจื้อย	顺利	机翻	0	1
แจ	宰	机翻	0	1
แจ๋	耀眼的	机翻	0	1
แจก	交易	机翻	0	1
แจง	解释	机翻	0	1
แจ๊ด	强烈地	机翻	0	1
แจ้น	迅速地	机翻	0	1
แจ๋น	扬	机翻	0	1
แจม	果酱	机翻	0	1
แจ่ม	发光的	机翻	0	1
แจว	橹	机翻	0	1
แจ้ว	甜蜜地	机翻	0	1
แจ๋ว	响亮而清晰	机翻	0	1
แจ๊ส	爵士乐	机翻	0	1
แจะ	触碰	机翻	0	1
โจ้	乔	机翻	0	1
โจ๋	青少年	机翻	0	1
โจก	乔	机翻	0	1
โจง	正	机翻	0	1
โจน	琼	机翻	0	1
โจม	天篷	机翻	0	1
โจร	土匪	机翻	0	1
โจษ	谣言	机翻	0	1
ใจ	心	机翻	0	1
ไจ	海梅	机翻	0	1
ฉก	抢夺	机翻	0	1
ฉวย	抢夺	机翻	0	1
ฉ้อ	撕掉	机翻	0	1
ฉ่อย	蔡	机翻	0	1
ฉะ	削减	机翻	0	1
ฉัด	抢夺	机翻	0	1
ฉาง	粮仓	机翻	0	1
ฉาน	山	机翻	0	1
ฉาบ	石膏	机翻	0	1
ฉาย	项目	机翻	0	1
ฉาว	传闻	机翻	0	1
ฉ่ำ	多汁的	机翻	0	1
ฉิง	清	机翻	0	1
ฉิ่ง	钹	机翻	0	1
ฉี่	撒尿	机翻	0	1
ฉีก	撕	机翻	0	1
ฉีด	喷	机翻	0	1
ฉุ	我很生气	机翻	0	1
ฉุก	紧急情况	机翻	0	1
ฉุด	运输	机翻	0	1
ฉุน	泼辣	机翻	0	1
ฉุย	巧妙地	机翻	0	1
เฉ	仅有的	机翻	0	1
เฉก	类似于	机翻	0	1
เฉ่ง	冷漠	机翻	0	1
เฉด	阴影	机翻	0	1
เฉย	冷漠	机翻	0	1
เฉา	枯萎	机翻	0	1
เฉาะ	打开	机翻	0	1
เฉิ่ม	令人心寒	机翻	0	1
เฉียง	斜	机翻	0	1
เฉียด	几乎	机翻	0	1
เฉียบ	杰出的	机翻	0	1
เฉี่ยว	抓住	机翻	0	1
เฉือน	削减	机翻	0	1
เฉื่อย	惰性的	机翻	0	1
แฉ	展开	机翻	0	1
แฉก	尖	机翻	0	1
แฉ่ง	广泛地	机翻	0	1
แฉะ	湿的	机翻	0	1
โฉด	失策	机翻	0	1
โฉบ	徘徊	机翻	0	1
โฉม	看	机翻	0	1
ชก	冲床	机翻	0	1
ชง	酿造	机翻	0	1
ชด	对不起	机翻	0	1
ชน	碰撞	机翻	0	1
ชม	手表	机翻	0	1
ชล	湖泊	机翻	0	1
ช่วง	范围	机翻	0	1
ชวด	失去	机翻	0	1
ชวน	邀请	机翻	0	1
ชวย	帮助	机翻	0	1
ชวร	生病的	机翻	0	1
ช่อ	花束	机翻	0	1
ช้อง	假发	机翻	0	1
ชอน	肖恩	机翻	0	1
ช่อน	黑鱼	机翻	0	1
ช้อย	可口的	机翻	0	1
ชะ	浸出	机翻	0	1
ชัก	鞭	机翻	0	1
ชัง	鄙视	机翻	0	1
ชัด	清楚地	机翻	0	1
ชัน	陡	机翻	0	1
ชัย	胜利	机翻	0	1
ชั่ว	邪恶的	机翻	0	1
ชาญ	聪明的	机翻	0	1
ชาด	辰砂	机翻	0	1
ชาน	阳台	机翻	0	1
ชาย	男人	机翻	0	1
ชาว	人们	机翻	0	1
ชำ	保留	机翻	0	1
ช้ำ	擦伤的	机翻	0	1
ชิ	施	机翻	0	1
ชิง	赢	机翻	0	1
ชิ่ง	弹跳	机翻	0	1
ชิด	关闭	机翻	0	1
ชิน	习惯了	机翻	0	1
ชิ่น	结束	机翻	0	1
ชิว	令人心寒	机翻	0	1
ชี	尼姑	机翻	0	1
ชี้	观点	机翻	0	1
ชีพ	活的	机翻	0	1
ชืด	无味的	机翻	0	1
ชื่น	清爽	机翻	0	1
ชื้น	潮湿	机翻	0	1
ชุก	经常	机翻	0	1
ชุ้ง	弯曲	机翻	0	1
ชุน	针织	机翻	0	1
ชุบ	电镀	机翻	0	1
ชุม	社区	机翻	0	1
ชุ่ม	潮湿	机翻	0	1
ชุ่ย	不经意地	机翻	0	1
ชู	楚	机翻	0	1
ชู้	奸夫	机翻	0	1
เช็ก	查看	机翻	0	1
เช้ง	橙子	机翻	0	1
เช็ด	擦拭	机翻	0	1
เชน	耆那教	机翻	0	1
เช่น	例如	机翻	0	1
เชย	卡盘	机翻	0	1
เช่า	聘请	机翻	0	1
เช้า	早晨	机翻	0	1
เชิง	脚	机翻	0	1
เชิด	炫耀	机翻	0	1
เชิ้ต	衬衫	机翻	0	1
เชี่ย	他妈的	机翻	0	1
เชียง	蒋	机翻	0	1
เชี่ยน	专家	机翻	0	1
เชียบ	非常酷	机翻	0	1
เชียว	哇！	机翻	0	1
เชี่ยว	动荡的	机翻	0	1
เชื้อ	病菌	机翻	0	1
เชื่อง	驯服	机翻	0	1
เชือด	片	机翻	0	1
เชือน	迟缓地	机翻	0	1
เชื่อม	关联	机翻	0	1
แช่	浸泡	机翻	0	1
แช่ง	该死	机翻	0	1
โช้ก	呛	机翻	0	1
โชค	运气	机翻	0	1
โชย	浸湿的	机翻	0	1
ใชย	是的	机翻	0	1
ไช	柴	机翻	0	1
ไชย	柴	机翻	0	1
ซด	啜饮	机翻	0	1
ซน	淘气	机翻	0	1
ซ้น	被压缩	机翻	0	1
ซบ	雀巢	机翻	0	1
ซม	厘米	机翻	0	1
ซวน	恶作剧	机翻	0	1
ซวย	倒霉的	机翻	0	1
ซอ	小提琴	机翻	0	1
ซ้อ	所以	机翻	0	1
ซอก	利基	机翻	0	1
ซ่อง	妓院	机翻	0	1
ซ้อง	欢呼	机翻	0	1
ซอน	儿子	机翻	0	1
ซ้อน	重叠	机翻	0	1
ซ่อม	维修	机翻	0	1
ซ้อม	实践	机翻	0	1
ซะ	是的	机翻	0	1
ซัง	玉米穗轴	机翻	0	1
ซั้ง	鱼陷阱	机翻	0	1
ซัด	打	机翻	0	1
ซับ	拖把	机翻	0	1
ซา	萨	机翻	0	1
ซ่า	凶猛的	机翻	0	1
ซาก	尸体	机翻	0	1
ซาง	桑	机翻	0	1
ซาน	桑	机翻	0	1
ซ่าน	旭日	机翻	0	1
ซาย	赛伊	机翻	0	1
ซ้าย	左边	机翻	0	1
ซาว	浸泡	机翻	0	1
ซ้ำ	再次	机翻	0	1
ซิ	硅	机翻	0	1
ซิง	处女	机翻	0	1
ซิ่ง	赛车	机翻	0	1
ซิ่น	裙子	机翻	0	1
ซิบ	细雨	机翻	0	1
ซิป	拉链	机翻	0	1
ซิ้ม	阿姨	机翻	0	1
ซิว	缝	机翻	0	1
ซิ่ว	缝	机翻	0	1
ซี	C	机翻	0	1
ซี่	牙齿	机翻	0	1
ซี้	关闭	机翻	0	1
ซีก	边	机翻	0	1
ซีด	苍白	机翻	0	1
ซึง	哪个	机翻	0	1
ซึ่ง	哪个	机翻	0	1
ซึ้ง	深刻地	机翻	0	1
ซุก	推	机翻	0	1
ซุง	日志	机翻	0	1
ซุ่ม	伏击	机翻	0	1
ซุ้ม	拱	机翻	0	1
ซูม	飞涨	机翻	0	1
เซ	硒	机翻	0	1
เซ็ง	无聊的	机翻	0	1
เซ่ง	我很无聊	机翻	0	1
เซ้ง	租	机翻	0	1
เซน	禅	机翻	0	1
เซ่น	供品	机翻	0	1
เซ่อ	愚蠢的	机翻	0	1
เซอะ	很傻	机翻	0	1
เซา	骚	机翻	0	1
เซาะ	底切	机翻	0	1
เซิ้ง	盛	机翻	0	1
เซียน	掌握	机翻	0	1
เซียว	肖	机翻	0	1
แซ	萨埃	机翻	0	1
แซ่	氏族	机翻	0	1
แซง	超过	机翻	0	1
แซด	伤心	机翻	0	1
แซบ	好吃	机翻	0	1
แซ่บ	好吃	机翻	0	1
แซ้บ	辛辣的	机翻	0	1
แซม	山姆	机翻	0	1
แซว	逗	机翻	0	1
แซะ	铲	机翻	0	1
โซ	所以	机翻	0	1
โซ่	链	机翻	0	1
โซก	浸泡	机翻	0	1
โซน	区	机翻	0	1
โซม	浸泡	机翻	0	1
โซล	汉城	机翻	0	1
ไซ	尺寸	机翻	0	1
ไซ้	整理	机翻	0	1
ฌาน	沉思	机翻	0	1
เฌอ	树	机翻	0	1
ญวน	越南语	机翻	0	1
ญ้อ	哇	机翻	0	1
ญาณ	洞察力	机翻	0	1
ญิน	吉恩	机翻	0	1
ญิบ	二	机翻	0	1
ฐาน	根据	机翻	0	1
ฑูต	大使	机翻	0	1
เฒ่า	老的	机翻	0	1
เณร	新手	机翻	0	1
ดก	很多	机翻	0	1
ดง	董	机翻	0	1
ด้ง	浅托盘	机翻	0	1
ด้น	力量	机翻	0	1
ดม	闻	机翻	0	1
ดล	dl	机翻	0	1
ดวง	星座运势	机翻	0	1
ด้วง	甲虫	机翻	0	1
ด่วน	紧迫的	机翻	0	1
ด้วน	被截断的	机翻	0	1
ด้วย	也	机翻	0	1
ดวล	决斗	机翻	0	1
ดอ	做	机翻	0	1
ดอก	花	机翻	0	1
ดอง	保留	机翻	0	1
ดอด	潜行	机翻	0	1
ดอน	大学教师	机翻	0	1
ดอม	香水业	机翻	0	1
ด่อม	集中精力	机翻	0	1
ด้อม	鬼鬼祟祟	机翻	0	1
ดอย	山	机翻	0	1
ด้อย	下	机翻	0	1
ดอล	美元	机翻	0	1
ดะ	无法控制地	机翻	0	1
ดัก	陷阱	机翻	0	1
ดัง	作为	机翻	0	1
ดั่ง	作为	机翻	0	1
ดั้ง	桥	机翻	0	1
ดัด	弯曲	机翻	0	1
ดัน	推	机翻	0	1
ดั้น	创业	机翻	0	1
ดับ	熄灭	机翻	0	1
ดา	达	机翻	0	1
ด่า	抢白	机翻	0	1
ดาก	该死	机翻	0	1
ด่าง	碱	机翻	0	1
ดาด	装箱的	机翻	0	1
ดาน	紧凑地	机翻	0	1
ดาบ	剑	机翻	0	1
ดาม	红肿	机翻	0	1
ด้าม	处理	机翻	0	1
ดาย	容易地	机翻	0	1
ด้าย	线	机翻	0	1
ดาล	达尔	机翻	0	1
ด้าว	国家	机翻	0	1
ด้ำ	黑色的	机翻	0	1
ดิก	迪克	机翻	0	1
ดิ่ง	垂直	机翻	0	1
ดิ้น	弯曲	机翻	0	1
ดิ่ว	直	机翻	0	1
ดิ้ว	连枷	机翻	0	1
ดี้	迪伊	机翻	0	1
ดีด	斯特鲁姆	机翻	0	1
ดึก	晚的	机翻	0	1
ดึ่ง	直下	机翻	0	1
ดึ่ม	深一点	机翻	0	1
ดื่น	丰富	机翻	0	1
ดุ	凶猛的	机翻	0	1
ดุก	公爵	机翻	0	1
ดุ๊ก	公爵	机翻	0	1
ดุ้ง	向上弯曲	机翻	0	1
ดุจ	喜欢	机翻	0	1
ดุน	轻推	机翻	0	1
ดุ้น	戳	机翻	0	1
ดุม	中心	机翻	0	1
ดุ่ม	哑的	机翻	0	1
ดุล	平衡	机翻	0	1
ดูก	看	机翻	0	1
ดูด	吸	机翻	0	1
เด่	凉爽的	机翻	0	1
เด้ง	弹跳	机翻	0	1
เด็จ	中断	机翻	0	1
เดช	力量	机翻	0	1
เด็ด	坚决地	机翻	0	1
เดท	日期	机翻	0	1
เดน	书房	机翻	0	1
เด่น	值得注意的	机翻	0	1
เด๋อ	尴尬的	机翻	0	1
เด่า	扭动地	机翻	0	1
เด้า	上下移动底部	机翻	0	1
เดาะ	破裂的	机翻	0	1
เดิ้ง	当	机翻	0	1
เดิม	老的	机翻	0	1
เดียด	太糟糕了	机翻	0	1
เดี่ยว	单身的	机翻	0	1
เดี๋ยว	等一下	机翻	0	1
เดือด	熬	机翻	0	1
เดือย	支线	机翻	0	1
แด	大埃	机翻	0	1
แด่	到	机翻	0	1
แดก	该死	机翻	0	1
แดน	土地	机翻	0	1
แด่ว	扭动地	机翻	0	1
โด	做	机翻	0	1
โด่	屹立	机翻	0	1
โด่ง	著名的	机翻	0	1
โดด	跳	机翻	0	1
โดน	打	机翻	0	1
โดม	圆顶	机翻	0	1
โด๊ส	剂量	机翻	0	1
ใด	任何	机翻	0	1
ตง	托梁	机翻	0	1
ตด	屁	机翻	0	1
ตน	他自己	机翻	0	1
ต้น	植物	机翻	0	1
ตบ	拍击	机翻	0	1
ตม	移民	机翻	0	1
ตรวน	链	机翻	0	1
ตรอก	胡同	机翻	0	1
ตรอม	饱受折磨	机翻	0	1
ตรัง	董里	机翻	0	1
ตรับ	收到	机翻	0	1
ตรัย	三	机翻	0	1
ตรัส	说话	机翻	0	1
ตราด	达叻府	机翻	0	1
ตราบ	只要	机翻	0	1
ตรำ	品牌	机翻	0	1
ตริ	三	机翻	0	1
ตรี	学士学位	机翻	0	1
ตรึก	商榷	机翻	0	1
ตรึง	挂钩	机翻	0	1
ตรึม	特雷姆	机翻	0	1
ตรุ	地牢	机翻	0	1
ตรุก	特鲁克	机翻	0	1
ตรุษ	新年	机翻	0	1
ตรู	真的	机翻	0	1
ตรู่	很早	机翻	0	1
ตฤๅ	三	机翻	0	1
ตวง	措施	机翻	0	1
ต่วน	缎	机翻	0	1
ตวว	今天	机翻	0	1
ตอ	树桩	机翻	0	1
ต้อ	到	机翻	0	1
ตอก	锤	机翻	0	1
ตอง	童	机翻	0	1
ตอด	蚕食	机翻	0	1
ต้อน	牧羊人	机翻	0	1
ตอม	蜂群	机翻	0	1
ต่อม	腺	机翻	0	1
ต๋อม	汤姆	机翻	0	1
ต่อย	冲床	机翻	0	1
ตะ	t	机翻	0	1
ตัก	圈	机翻	0	1
ตัง	麸质	机翻	0	1
ตั่ง	凳子	机翻	0	1
ตั้ง	放	机翻	0	1
ตัด	切	机翻	0	1
ตัน	吨	机翻	0	1
ตาน	眼睛	机翻	0	1
ต้าน	抵抗的	机翻	0	1
ตาล	谭	机翻	0	1
ตาว	眼睛	机翻	0	1
ต้าว	哇	机翻	0	1
ตำ	磅	机翻	0	1
ติ	批评	机翻	0	1
ติง	反对	机翻	0	1
ติ่ง	突出	机翻	0	1
ติ๋ง	丁	机翻	0	1
ติด	卡住	机翻	0	1
ติม	蒂姆	机翻	0	1
ติว	家教	机翻	0	1
ตี	打	机翻	0	1
ตี่	分离	机翻	0	1
ตี๋	球座	机翻	0	1
ตีน	脚	机翻	0	1
ตีบ	收缩的	机翻	0	1
ตึ	陈旧	机翻	0	1
ตึง	紧的	机翻	0	1
ตึ๊ง	目瞪口呆	机翻	0	1
ตื้น	浅的	机翻	0	1
ตื้บ	哇！	机翻	0	1
ตุ	臭的	机翻	0	1
ตุง	董	机翻	0	1
ตุ๊ด	异装癖	机翻	0	1
ตุน	囤货	机翻	0	1
ตุ่น	痣	机翻	0	1
ตุ๋น	炖	机翻	0	1
ตุ่ม	水疱	机翻	0	1
ตุ้ม	鲍勃	机翻	0	1
ตุย	推伊	机翻	0	1
ตุ่ย	膨胀的	机翻	0	1
ตุ๊ย	小丑	机翻	0	1
ตุ๋ย	推伊	机翻	0	1
ตุล	天秤座	机翻	0	1
ตู	芭蕾舞短裙	机翻	0	1
ตู่	涂	机翻	0	1
ตูก	拿了	机翻	0	1
ตูด	屁股	机翻	0	1
ตูบ	棚	机翻	0	1
ตูม	有前途的	机翻	0	1
เตง	腾	机翻	0	1
เต่ง	发达	机翻	0	1
เต้น	舞蹈	机翻	0	1
เตย	螺旋松	机翻	0	1
เตร่	漫游	机翻	0	1
เตร็จ	完全的	机翻	0	1
เต่อ	过短	机翻	0	1
เตอะ	很厚	机翻	0	1
เตะ	触碰	机翻	0	1
เต๊ะ	傲慢地	机翻	0	1
เต้า	胸部	机翻	0	1
เต๋า	道教	机翻	0	1
เติบ	奢侈地	机翻	0	1
เตี่ย	低的	机翻	0	1
เตี้ย	短的	机翻	0	1
เตียน	田	机翻	0	1
เตียบ	低的	机翻	0	1
เตี๊ยม	准备	机翻	0	1
เตี่ยว	裤子	机翻	0	1
แตก	休息	机翻	0	1
แตง	瓜	机翻	0	1
แต่ง	装扮	机翻	0	1
แตด	阴蒂	机翻	0	1
แตน	大黄蜂	机翻	0	1
แต้ม	标记	机翻	0	1
แต๋ว	塔乌	机翻	0	1
โต้	柜台	机翻	0	1
โต้ง	大鸡巴	机翻	0	1
โตรก	峡谷	机翻	0	1
ไต่	爬	机翻	0	1
ไต้	火炬	机翻	0	1
ไต๋	王牌	机翻	0	1
ไตร	三	机翻	0	1
ถก	讨论	机翻	0	1
ถด	向下	机翻	0	1
ถม	充满	机翻	0	1
ถ่ม	吐	机翻	0	1
ถ่วง	杂乱	机翻	0	1
ถ้วน	完全的	机翻	0	1
ถ่อ	平底船	机翻	0	1
ถอก	裸露	机翻	0	1
ถอง	丁字裤	机翻	0	1
ถ่อง	丁字裤	机翻	0	1
ถ่อม	谦逊的	机翻	0	1
ถอย	落下	机翻	0	1
ถ่อย	磨料	机翻	0	1
ถ้อย	字	机翻	0	1
ถะ	哇！	机翻	0	1
ถัก	针织	机翻	0	1
ถัด	下一个	机翻	0	1
ถัน	敦	机翻	0	1
ถัว	数数	机翻	0	1
ถา	如果	机翻	0	1
ถาก	削	机翻	0	1
ถาง	清除	机翻	0	1
ถ่าง	拉紧	机翻	0	1
ถาด	托盘	机翻	0	1
ถาน	地方	机翻	0	1
ถ่าน	木炭	机翻	0	1
ถ่าย	拿	机翻	0	1
ถิ่น	当地的	机翻	0	1
ถีบ	踢	机翻	0	1
ถึก	艰难的	机翻	0	1
ถุน	垃圾	机翻	0	1
ถุย	吐	机翻	0	1
เถน	假和尚	机翻	0	1
เถร	主教会议	机翻	0	1
เถ่อ	仍然	机翻	0	1
เถอะ	快点	机翻	0	1
เถา	巢	机翻	0	1
เถ้า	灰	机翻	0	1
เถาะ	野兔	机翻	0	1
เถิก	秃头	机翻	0	1
เถิด	请	机翻	0	1
เถิน	高架	机翻	0	1
เถียร	稳定的	机翻	0	1
เถือ	雕刻	机翻	0	1
เถือก	嘿嘿！	机翻	0	1
เถื่อน	非法的	机翻	0	1
แถ	讲话	机翻	0	1
แถก	跳来跳去	机翻	0	1
แถง	月亮	机翻	0	1
แถน	精灵	机翻	0	1
แถบ	酒吧	机翻	0	1
แถม	自由的	机翻	0	1
แถว	排	机翻	0	1
โถ	罐	机翻	0	1
โถง	大厅	机翻	0	1
โถบ	碗	机翻	0	1
โถม	镖	机翻	0	1
ไถ	犁	机翻	0	1
ไถ่	赎金	机翻	0	1
ไถ้	钱包	机翻	0	1
ทด	通勤	机翻	0	1
ทน	熊	机翻	0	1
ท้น	一开始	机翻	0	1
ทบ	军队	机翻	0	1
ทพ	TP	机翻	0	1
ทม	曼谷	机翻	0	1
ทรง	风格	机翻	0	1
ทรวง	胸部	机翻	0	1
ทราก	根	机翻	0	1
ทราบ	知道	机翻	0	1
ทราม	堕落的	机翻	0	1
ทรุด	倒塌	机翻	0	1
ทวง	要求	机翻	0	1
ท่วง	旋律	机翻	0	1
ท้วง	反对	机翻	0	1
ทวด	曾祖父	机翻	0	1
ทวน	反对	机翻	0	1
ท่วม	被水淹没	机翻	0	1
ท้วม	丰满	机翻	0	1
ทวย	女神	机翻	0	1
ทศ	小数	机翻	0	1
ทส	TS	机翻	0	1
ทอ	编织	机翻	0	1
ท่อ	管道	机翻	0	1
ท้อ	灰心	机翻	0	1
ทอง	金子	机翻	0	1
ท่อง	背诵	机翻	0	1
ทอน	改变	机翻	0	1
ท่อน	片	机翻	0	1
ท้อป	顶部	机翻	0	1
ทอม	汤姆	机翻	0	1
ทอย	折腾	机翻	0	1
ทัก	你好	机翻	0	1
ทั่ง	砧	机翻	0	1
ทัด	泰德	机翻	0	1
ทัน	并列	机翻	0	1
ทับ	压碎	机翻	0	1
ทัพ	军队	机翻	0	1
ทั่ว	超过	机翻	0	1
ทา	申请	机翻	0	1
ท่า	姿势	机翻	0	1
ท้า	违抗	机翻	0	1
ทาก	蛞蝓	机翻	0	1
ทาง	方式	机翻	0	1
ทาน	吃	机翻	0	1
ท่าน	先生	机翻	0	1
ทาบ	支撑	机翻	0	1
ทาย	猜测	机翻	0	1
ท้าย	结尾	机翻	0	1
ท้าว	邵族	机翻	0	1
ทาส	奴隶	机翻	0	1
ทิด	潮汐	机翻	0	1
ทิป	提示	机翻	0	1
ทิพ	提示	机翻	0	1
ทิม	蒂姆	机翻	0	1
ทิ่ม	刺	机翻	0	1
ทิว	风景	机翻	0	1
ทิศ	方向	机翻	0	1
ที	时间	机翻	0	1
ทีป	提示	机翻	0	1
ทึก	记录	机翻	0	1
ทึ่ง	惊讶	机翻	0	1
ทึ้ง	撕	机翻	0	1
ทึบ	稠密	机翻	0	1
ทึม	乏味的	机翻	0	1
ทึ่ม	加加	机翻	0	1
ทุ	全部	机翻	0	1
ทุ่ง	场地	机翻	0	1
ทุ้ง	董	机翻	0	1
ทุ่น	浮标	机翻	0	1
ทุบ	粉碎	机翻	0	1
ทุ่ม	晚上7点	机翻	0	1
ทุ้ม	深的	机翻	0	1
ทุย	推伊	机翻	0	1
ทุ้ย	推伊	机翻	0	1
ทู	二	机翻	0	1
ทู่	虚张声势	机翻	0	1
ทู้	线	机翻	0	1
ทูต	大使	机翻	0	1
ทูน	调	机翻	0	1
ทูบ	管	机翻	0	1
ทูล	工具	机翻	0	1
เท่	凉爽的	机翻	0	1
เท็จ	错误的	机翻	0	1
เทพ	神	机翻	0	1
เทริด	头饰	机翻	0	1
เทศ	古怪的	机翻	0	1
เท่อ	太多了	机翻	0	1
เท้อ	略有上升	机翻	0	1
เทอะ	笨重	机翻	0	1
เทา	灰色的	机翻	0	1
เท่า	平等的	机翻	0	1
เทิ่ง	笨拙的	机翻	0	1
เทิด	荣誉	机翻	0	1
เทิน	壁垒	机翻	0	1
เทิ้ม	颤抖地	机翻	0	1
เทียง	墙	机翻	0	1
เที่ยง	中午	机翻	0	1
เทียด	比较	机翻	0	1
เทียน	蜡烛	机翻	0	1
เทียบ	比较	机翻	0	1
เทียม	人造的	机翻	0	1
เทียร	不可避免地	机翻	0	1
เที่ยว	旅行	机翻	0	1
เทื้อ	老处女	机翻	0	1
เทือก	腰带	机翻	0	1
แท้	真的	机翻	0	1
แทง	刺	机翻	0	1
แท่ง	戳	机翻	0	1
แท้ง	中止	机翻	0	1
แท่น	平台	机翻	0	1
แทบ	几乎	机翻	0	1
แทรก	插入	机翻	0	1
แทะ	蚕食	机翻	0	1
โท	掌握	机翻	0	1
โท่	明显地	机翻	0	1
โทน	语气	机翻	0	1
โทรม	破旧	机翻	0	1
โทษ	责备	机翻	0	1
โทส	吐司	机翻	0	1
ไท	独立的	机翻	0	1
ไท้	泰	机翻	0	1
ไทย	泰国	机翻	0	1
ไทร	榕树	机翻	0	1
ธง	旗帜	机翻	0	1
ธน	比	机翻	0	1
ธัญ	粮食	机翻	0	1
ธาร	战俘	机翻	0	1
ธุช	图奇	机翻	0	1
ธูป	香	机翻	0	1
เธียร	曲高和寡	机翻	0	1
โธ่	唉!	机翻	0	1
นบ	诺布	机翻	0	1
นพ	诺普	机翻	0	1
นวด	按摩	机翻	0	1
นวม	手套	机翻	0	1
น่วม	软化	机翻	0	1
นวล	象牙	机翻	0	1
นอ	不	机翻	0	1
นอง	沼泽	机翻	0	1
น่อง	小牛	机翻	0	1
น้อม	弓	机翻	0	1
นอย	诺伊	机翻	0	1
น่ะ	就是这样	机翻	0	1
นัก	学生	机翻	0	1
นัง	母狗	机翻	0	1
นั่น	那	机翻	0	1
นัว	努阿	机翻	0	1
น่า	大概	机翻	0	1
นาก	獭	机翻	0	1
นาค	娜迦	机翻	0	1
นาง	太太	机翻	0	1
นาฏ	演员	机翻	0	1
นาน	长的	机翻	0	1
น่าน	南	机翻	0	1
นาบ	纳布	机翻	0	1
นาม	名词	机翻	0	1
นาย	先生	机翻	0	1
น้าว	弯曲	机翻	0	1
นิ้	英寸	机翻	0	1
นิค	缺口	机翻	0	1
นิ่ง	仍然	机翻	0	1
นิจ	不断地	机翻	0	1
นิด	一点点	机翻	0	1
นิ่ม	柔软的	机翻	0	1
นิล	碧玉	机翻	0	1
นิว	新的	机翻	0	1
นิ่ว	皱眉	机翻	0	1
นี่	这	机翻	0	1
นึก	想象	机翻	0	1
นุก	乐趣	机翻	0	1
นุง	紊乱	机翻	0	1
นุ่ง	穿	机翻	0	1
นุ่น	尼姑	机翻	0	1
นุ้ย	胖的	机翻	0	1
นูน	压花	机翻	0	1
นู่น	在那边	机翻	0	1
นู้น	在那边	机翻	0	1
เน็ต	互联网	机翻	0	1
เน้น	强调	机翻	0	1
เนย	黄油	机翻	0	1
เนา	现在	机翻	0	1
เนิน	坡	机翻	0	1
เนิ่น	早期的	机翻	0	1
เนิบ	慢慢地	机翻	0	1
เนี่ย	这	机翻	0	1
เนียง	娘	机翻	0	1
เนียน	光滑的	机翻	0	1
เนี้ยบ	整洁的	机翻	0	1
เนื้อ	肉	机翻	0	1
เนื่อง	因为	机翻	0	1
แน่	确实	机翻	0	1
แน่น	紧的	机翻	0	1
แนม	领带	机翻	0	1
แนว	条纹	机翻	0	1
แน่ว	确实	机翻	0	1
แนะ	推荐	机翻	0	1
แน่ะ	确实	机翻	0	1
โน	不	机翻	0	1
โน่น	那	机翻	0	1
โน้ม	弯曲	机翻	0	1
ไน	夜晚	机翻	0	1
บก	土地	机翻	0	1
บ่ง	表明	机翻	0	1
บ้ง	奉	机翻	0	1
บด	捣碎	机翻	0	1
บถ	发誓	机翻	0	1
บท	章	机翻	0	1
บ่น	抱怨	机翻	0	1
บ่ม	养护	机翻	0	1
บวก	加	机翻	0	1
บ่วง	环形	机翻	0	1
บวช	命定	机翻	0	1
บ้วน	吐	机翻	0	1
บวบ	西葫芦	机翻	0	1
บ๊วย	李子	机翻	0	1
บวว	西葫芦	机翻	0	1
บอ	博	机翻	0	1
บ่อ	沮丧	机翻	0	1
บ้อง	邦	机翻	0	1
บ๊อง	疯狂的	机翻	0	1
บอด	瞎的	机翻	0	1
บ่อน	赌场	机翻	0	1
บอบ	鲍勃	机翻	0	1
บ๋อย	男生	机翻	0	1
บอล	球	机翻	0	1
บัง	盾	机翻	0	1
บั้ง	雪佛龙	机翻	0	1
บัด	芽	机翻	0	1
บั่น	刺	机翻	0	1
บั้น	屁股	机翻	0	1
บัย	再见	机翻	0	1
บัว	莲花	机翻	0	1
บั่ว	布阿	机翻	0	1
บา	一些	机翻	0	1
บ่า	肩膀	机翻	0	1
บ้า	疯狂的	机翻	0	1
บาก	缺口	机翻	0	1
บ่าง	土拨鼠	机翻	0	1
บ้าง	一些	机翻	0	1
บาด	切	机翻	0	1
บาน	盛开	机翻	0	1
บาป	罪	机翻	0	1
บาย	再见	机翻	0	1
บ่าย	下午	机翻	0	1
บ้าย	涂抹	机翻	0	1
บาล	巴尔	机翻	0	1
บ่าว	奴隶	机翻	0	1
บาศ	套索	机翻	0	1
บิ	双	机翻	0	1
บิ๊ก	大的	机翻	0	1
บิฐ	砖	机翻	0	1
บิด	捻	机翻	0	1
บิต	少量	机翻	0	1
บิ่น	有缺口的	机翻	0	1
บิล	账单	机翻	0	1
บิ้ว	建造	机翻	0	1
บิ๊ว	美丽的	机翻	0	1
บี	乙	机翻	0	1
บี้	摇摇欲坠	机翻	0	1
บีบ	挤	机翻	0	1
บึก	艰难的	机翻	0	1
บึง	沼泽	机翻	0	1
บึ่ง	匆忙	机翻	0	1
บึ้ง	卢尔	机翻	0	1
บุ	软垫	机翻	0	1
บุก	入侵	机翻	0	1
บุ๊ก	书签	机翻	0	1
บุ๊ค	书	机翻	0	1
บุ่ง	沼泽	机翻	0	1
บุ้ง	蛞蝓	机翻	0	1
บุญ	优点	机翻	0	1
บุบ	磅	机翻	0	1
บุ๋ม	凹痕	机翻	0	1
บุ้ย	噘	机翻	0	1
บู่	虾虎鱼	机翻	0	1
บู้	嘘！	机翻	0	1
บู๊	军队	机翻	0	1
บูด	被宠坏的	机翻	0	1
เบ๊	裴	机翻	0	1
เบ่ง	推	机翻	0	1
เบ็ด	钩	机翻	0	1
เบน	本	机翻	0	1
เบะ	是	机翻	0	1
เบ้า	插座	机翻	0	1
เบาะ	软垫	机翻	0	1
เบิ่ง	跑步	机翻	0	1
เบิ้ม	大的	机翻	0	1
เบิ้ล	双倍的	机翻	0	1
เบี้ย	芯片	机翻	0	1
เบี่ยง	偏离	机翻	0	1
เบียด	挤	机翻	0	1
เบียน	寄生	机翻	0	1
เบียว	彪	机翻	0	1
เบี้ยว	歪曲的	机翻	0	1
เบือ	就一点点	机翻	0	1
เบื๊อก	大的	机翻	0	1
เบื้อง	多于	机翻	0	1
เบือน	愣	机翻	0	1
แบ	平坦的	机翻	0	1
แบต	电池	机翻	0	1
แบน	平坦的	机翻	0	1
แบ้ว	哇！	机翻	0	1
แบ๊ว	可爱的	机翻	0	1
โบ	丝带	机翻	0	1
โบ้	博！	机翻	0	1
โบ๋	凹陷	机翻	0	1
โบก	海浪	机翻	0	1
โบย	睫毛	机翻	0	1
ใบ้	哑的	机翻	0	1
ปก	覆盖	机翻	0	1
ปด	说谎	机翻	0	1
ปน	混合的	机翻	0	1
ป่น	一顿饭	机翻	0	1
ปม	结	机翻	0	1
ปรก	蔓延	机翻	0	1
ปรง	苏铁	机翻	0	1
ปรบ	皮瓣	机翻	0	1
ปรอย	细雨	机翻	0	1
ประ	短跑	机翻	0	1
ปร่า	残酷的	机翻	0	1
ปราณ	呼吸	机翻	0	1
ปราด	迅速地	机翻	0	1
ปราบ	压制	机翻	0	1
ปราม	劝阻	机翻	0	1
ปราย	光	机翻	0	1
ปริ้น	打印	机翻	0	1
ปริ่ม	满的	机翻	0	1
ปรี่	普雷	机翻	0	1
ปรุ	穿孔	机翻	0	1
ปรุง	厨师	机翻	0	1
ปรูด	滑动	机翻	0	1
ปรู๊ฟ	校对	机翻	0	1
ปลง	放下	机翻	0	1
ปล้น	抢	机翻	0	1
ปลวก	白蚁	机翻	0	1
ปลอก	套管	机翻	0	1
ปล่อง	烟囱	机翻	0	1
ปล้อง	部分	机翻	0	1
ปลอด	自由的	机翻	0	1
ปล้อน	削减	机翻	0	1
ปลอบ	舒缓	机翻	0	1
ปลอม	伪造	机翻	0	1
ปล่อย	发布	机翻	0	1
ปลัก	沼泽	机翻	0	1
ปลั่ง	彩虹色的	机翻	0	1
ปลา	鱼	机翻	0	1
ปลาย	结尾	机翻	0	1
ปล้ำ	握紧	机翻	0	1
ปลิง	水蛭	机翻	0	1
ปลิด	关闭	机翻	0	1
ปลิ้น	把里面翻出来	机翻	0	1
ปลิว	吹	机翻	0	1
ปลี	香蕉叶	机翻	0	1
ปลีก	零售	机翻	0	1
ปลื้ม	高兴极了	机翻	0	1
ปลุก	警报	机翻	0	1
ปลูก	植物	机翻	0	1
ปวง	全部的	机翻	0	1
ป่วง	腹泻	机翻	0	1
ปวด	疼痛	机翻	0	1
ป่วน	麻烦	机翻	0	1
ป้วน	闲逛	机翻	0	1
ปอ	黄麻	机翻	0	1
ป๋อ	支撑	机翻	0	1
ปอง	乒乓球	机翻	0	1
ป่อง	臃肿的	机翻	0	1
ป้อง	保护	机翻	0	1
ปอน	庞	机翻	0	1
ป้อน	进入	机翻	0	1
ปอบ	食尸鬼	机翻	0	1
ป้อม	堡垒	机翻	0	1
ป๋อม	扑通！	机翻	0	1
ปอย	凝灰岩	机翻	0	1
ปะ	修补	机翻	0	1
ป่ะ	所以？	机翻	0	1
ปัก	蕾丝	机翻	0	1
ปัง	砰!	机翻	0	1
ปัด	轻弹	机翻	0	1
ปัน	分享	机翻	0	1
ปั่น	混合	机翻	0	1
ปั้น	模具	机翻	0	1
ปั๊บ	立刻	机翻	0	1
ปั้ม	泵	机翻	0	1
ปั๊ม	泵	机翻	0	1
ปั่ว	普阿	机翻	0	1
ปา	帕	机翻	0	1
ป๊า	爸爸	机翻	0	1
ป๋า	帕	机翻	0	1
ปาง	庞	机翻	0	1
ปาด	切	机翻	0	1
ปาน	柱头	机翻	0	1
ป่าน	麻	机翻	0	1
ป้าน	虚张声势	机翻	0	1
ป่าย	没有！	机翻	0	1
ป่าว	不	机翻	0	1
ป้ำ	勇敢的	机翻	0	1
ปิ๊	压碎	机翻	0	1
ปิ้ง	吐司	机翻	0	1
ปิ๊ง	压碎	机翻	0	1
ปิ่น	簪	机翻	0	1
ปิ่ม	几乎	机翻	0	1
ปิ๋ว	错过	机翻	0	1
ปี่	风笛	机翻	0	1
ปี้	年	机翻	0	1
ปี๋	紧紧	机翻	0	1
ปี๊ด	窥视！	机翻	0	1
ปีน	爬	机翻	0	1
ปีบ	点	机翻	0	1
ปี๊บ	桶	机翻	0	1
ปึก	沃德	机翻	0	1
ปึง	彭	机翻	0	1
ปึ่ง	不屑的	机翻	0	1
ปืน	枪	机翻	0	1
ปื้น	出血	机翻	0	1
ปุ	普	机翻	0	1
ปุด	缝	机翻	0	1
ปุ๊บ	不料	机翻	0	1
ปุย	蓬松的	机翻	0	1
ปุ้ย	贝	机翻	0	1
ปูด	鼓胀的	机翻	0	1
ปูน	砂浆	机翻	0	1
ปูม	年鉴	机翻	0	1
เป้	背包	机翻	0	1
เป๋	倾斜的	机翻	0	1
เป่ง	膨胀起来	机翻	0	1
เป๋ง	固定地	机翻	0	1
เปต	移液器	机翻	0	1
เปน	是	机翻	0	1
เปรต	精灵	机翻	0	1
เปรม	使满意	机翻	0	1
เปรย	意味着	机翻	0	1
เปรอ	真的吗？	机翻	0	1
เปรอะ	涂抹的	机翻	0	1
เปรี้ยง	灼热的	机翻	0	1
เปรียญ	圣人	机翻	0	1
เปรียบ	比较	机翻	0	1
เปรียว	敏捷	机翻	0	1
เปล	摇篮	机翻	0	1
เปล่ง	发射	机翻	0	1
เปลว	火焰	机翻	0	1
เปล่า	没有什么	机翻	0	1
เปลาะ	单元	机翻	0	1
เปลี้ย	疲劳	机翻	0	1
เปลี่ยว	僻	机翻	0	1
เปลือก	壳	机翻	0	1
เปลือง	浪费	机翻	0	1
เปลื้อง	撤资	机翻	0	1
เปลือย	裸	机翻	0	1
เป๋อ	愚蠢的	机翻	0	1
เป๊ะ	确切地	机翻	0	1
เปา	鲍	机翻	0	1
เป่า	吹	机翻	0	1
เป้า	目标	机翻	0	1
เปิ่น	尴尬的	机翻	0	1
เปิบ	用手指吃饭	机翻	0	1
เปีย	编织	机翻	0	1
เปี๊ยก	微小的	机翻	0	1
เปี๊ยบ	完美的	机翻	0	1
เปี่ยม	冲水	机翻	0	1
เปือก	粘液	机翻	0	1
เปื้อน	弄脏	机翻	0	1
เปื่อย	溃疡	机翻	0	1
แป	帕	机翻	0	1
แป้ก	白	机翻	0	1
แป๊ก	白	机翻	0	1
แป้ง	面粉	机翻	0	1
แป้น	键盘	机翻	0	1
แปร	改变	机翻	0	1
แปร๋	尖叫	机翻	0	1
แปรง	刷子	机翻	0	1
แปร่ง	走调	机翻	0	1
แประ	填满	机翻	0	1
แปล้	满载着	机翻	0	1
แปลง	转变	机翻	0	1
แปลน	计划	机翻	0	1
แปลบ	很奇怪	机翻	0	1
แปล๊บ	绝对地！	机翻	0	1
แป้ว	泄气	机翻	0	1
แป๋ว	不受影响	机翻	0	1
แป๊ะ	佩埃	机翻	0	1
โป	坡	机翻	0	1
โป๊	裸体	机翻	0	1
โป๊ก	猪肉	机翻	0	1
โปง	乒乓球	机翻	0	1
โป่ง	鼓胀的	机翻	0	1
โป้ง	拇指	机翻	0	1
โปน	鼓胀的	机翻	0	1
โปป	教皇	机翻	0	1
โป๊ป	教皇	机翻	0	1
โปร่ง	通风的	机翻	0	1
โปรย	分散	机翻	0	1
โปะ	充满	机翻	0	1
ไป่	白族	机翻	0	1
ผก	导演	机翻	0	1
ผง	粉末	机翻	0	1
ผด	丘疹	机翻	0	1
ผล	结果	机翻	0	1
ผวน	波动	机翻	0	1
ผวย	被子	机翻	0	1
ผอก	容器	机翻	0	1
ผอง	朋友们	机翻	0	1
ผ่อง	明亮的	机翻	0	1
ผ่อน	放松	机翻	0	1
ผอม	薄的	机翻	0	1
ผัง	图表	机翻	0	1
ผัน	共轭	机翻	0	1
ผับ	酒吧	机翻	0	1
ผัว	丈夫	机翻	0	1
ผัวะ	流行音乐	机翻	0	1
ผา	悬崖	机翻	0	1
ผ่า	解剖	机翻	0	1
ผ้า	布	机翻	0	1
ผาก	前额	机翻	0	1
ผาด	屁	机翻	0	1
ผาย	噗	机翻	0	1
ผิ	如果	机翻	0	1
ผิง	烤	机翻	0	1
ผี	鬼	机翻	0	1
ผืน	片	机翻	0	1
ผุ	衰变	机翻	0	1
ผุด	弹出窗口	机翻	0	1
ผู้	人	机翻	0	1
ผูก	捆绑	机翻	0	1
เผง	确切地	机翻	0	1
เผ่น	飞跃	机翻	0	1
เผา	烧伤	机翻	0	1
เผ่า	部落	机翻	0	1
เผือ	普埃亚	机翻	0	1
เผื่อ	万一	机翻	0	1
เผือก	芋头	机翻	0	1
เผือด	病态的	机翻	0	1
แผ่	传播	机翻	0	1
แผง	控制板	机翻	0	1
แผด	吼	机翻	0	1
แผ่น	床单	机翻	0	1
แผ่ว	微弱地	机翻	0	1
แผ้ว	闪亮的	机翻	0	1
โผ	镖	机翻	0	1
โผง	一声巨响	机翻	0	1
โผน	暴跌	机翻	0	1
ฝ่อ	萎缩	机翻	0	1
ฝอย	模糊	机翻	0	1
ฝัก	鞘	机翻	0	1
ฝัง	嵌入	机翻	0	1
ฝั่ง	银行	机翻	0	1
ฝัด	簸	机翻	0	1
ฝัน	梦	机翻	0	1
ฝา	盖	机翻	0	1
ฝ่า	请	机翻	0	1
ฝ้า	半透明	机翻	0	1
ฝาง	方	机翻	0	1
ฝาด	涩	机翻	0	1
ฝาน	片	机翻	0	1
ฝาย	堰	机翻	0	1
ฝ้าย	棉布	机翻	0	1
ฝิ่น	鸦片	机翻	0	1
ฝี	脓肿	机翻	0	1
ฝืด	僵硬的	机翻	0	1
ฝืน	被迫	机翻	0	1
ฝูง	群众	机翻	0	1
เฝอ	维吉尔	机翻	0	1
เฝ้า	警卫	机翻	0	1
เฝือ	纠结的	机翻	0	1
เฝือก	夹板	机翻	0	1
เฝื่อน	难吃的	机翻	0	1
แฝก	芦苇	机翻	0	1
แฝง	伪装	机翻	0	1
แฝด	双	机翻	0	1
ใฝ	欲望	机翻	0	1
ใฝ่	追求	机翻	0	1
ไฝ	痣	机翻	0	1
ไฝ่	痣	机翻	0	1
พก	携带	机翻	0	1
พง	灌木丛	机翻	0	1
พณ	丰	机翻	0	1
พ่น	吐	机翻	0	1
พ้น	超过	机翻	0	1
พร	祝福	机翻	0	1
พรต	祝福	机翻	0	1
พรวด	突然	机翻	0	1
พร่อง	耗尽的	机翻	0	1
พร้อง	准备好	机翻	0	1
พร้อย	花衣	机翻	0	1
พระ	僧	机翻	0	1
พรั่ง	涌	机翻	0	1
พรั่น	害怕	机翻	0	1
พร่า	模糊	机翻	0	1
พร้า	蚱蜢	机翻	0	1
พราก	撕	机翻	0	1
พราง	伪装	机翻	0	1
พราน	猎人	机翻	0	1
พราย	精灵	机翻	0	1
พราว	令人眼花缭乱	机翻	0	1
พร้าว	帕劳	机翻	0	1
พรำ	细雨	机翻	0	1
พร่ำ	太多了	机翻	0	1
พริ้ง	漂亮的	机翻	0	1
พริบ	眨	机翻	0	1
พริ้ม	甜蜜地	机翻	0	1
พริ้ว	流动的	机翻	0	1
พรึบ	一下子	机翻	0	1
พรืด	丰富地	机翻	0	1
พรุ	泥炭	机翻	0	1
พรุก	泥炭	机翻	0	1
พรุ่ง	明天	机翻	0	1
พรุน	多孔的	机翻	0	1
พรู	环面	机翻	0	1
พล	一般的	机翻	0	1
พลบ	黄昏	机翻	0	1
พลวง	锑	机翻	0	1
พลอง	职员	机翻	0	1
พลอด	突然	机翻	0	1
พลอย	宝石	机翻	0	1
พลั่ง	大量地	机翻	0	1
พลัด	分开	机翻	0	1
พลัน	及时	机翻	0	1
พลับ	柿子	机翻	0	1
พลัม	李子	机翻	0	1
พลั่ว	铲	机翻	0	1
พลาง	尽管	机翻	0	1
พล่าน	兴奋地	机翻	0	1
พล่าม	泡沫	机翻	0	1
พลาย	普莱	机翻	0	1
พลิก	翻动	机翻	0	1
พลิ้ว	扑	机翻	0	1
พลุ	烟花	机翻	0	1
พลุก	醒来	机翻	0	1
พลุ่ง	爆发	机翻	0	1
พลุ่ย	松弛	机翻	0	1
พลุ้ย	大腹便便的	机翻	0	1
พลู	槟榔	机翻	0	1
พวก	伙计们	机翻	0	1
พวง	束	机翻	0	1
พ่วง	拖	机翻	0	1
พวน	普安	机翻	0	1
พวย	喷口	机翻	0	1
พอ	足够的	机翻	0	1
พ้อ	嘘	机翻	0	1
พอก	面具	机翻	0	1
พอง	水疱	机翻	0	1
พ่อง	父亲	机翻	0	1
พ้อง	代名词	机翻	0	1
พอน	什么时候	机翻	0	1
พ้อม	准备好	机翻	0	1
พัง	破碎的	机翻	0	1
พัด	吹	机翻	0	1
พัว	聚集的	机翻	0	1
พาง	喜欢	机翻	0	1
พ่าง	喜欢	机翻	0	1
พาณ	贸易	机翻	0	1
พาด	穿过	机翻	0	1
พาท	小路	机翻	0	1
พาน	托盘	机翻	0	1
พ่าน	弥漫地	机翻	0	1
พาม	如果	机翻	0	1
พาย	馅饼	机翻	0	1
พ่าย	失去	机翻	0	1
พาล	欺负	机翻	0	1
พาฬ	帕拉	机翻	0	1
พำ	潜水	机翻	0	1
พิง	倾斜	机翻	0	1
พิณ	曼陀林	机翻	0	1
พิศ	盯	机翻	0	1
พิษ	毒液	机翻	0	1
พี	磷	机翻	0	1
พึง	应该	机翻	0	1
พึ่ง	只是	机翻	0	1
พึ่บ	同时地	机翻	0	1
พึม	无人	机翻	0	1
พืด	不间断的	机翻	0	1
พุ	普	机翻	0	1
พุง	腹部	机翻	0	1
พุฒ	发达	机翻	0	1
พุด	栀子花	机翻	0	1
พุธ	周三	机翻	0	1
พุ่ม	衬套	机翻	0	1
พุ้ย	推进	机翻	0	1
พู	叶	机翻	0	1
พู่	流苏	机翻	0	1
พูน	堆积	机翻	0	1
พู้น	那个	机翻	0	1
เพ็ก	啄	机翻	0	1
เพ่ง	看	机翻	0	1
เพ็จ	微小的	机翻	0	1
เพ็ญ	笔	机翻	0	1
เพรง	以前的	机翻	0	1
เพรา	因为	机翻	0	1
เพริศ	美丽的	机翻	0	1
เพรียก	哭	机翻	0	1
เพรียง	藤壶	机翻	0	1
เพรียว	苗条的	机翻	0	1
เพรื่อ	轻率地	机翻	0	1
เพล	玩	机翻	0	1
เพลิง	火	机翻	0	1
เพลิด	享受	机翻	0	1
เพลิน	享受	机翻	0	1
เพลี้ย	蚜	机翻	0	1
เพลี่ยง	犯错误	机翻	0	1
เพศ	性别	机翻	0	1
เพ้อ	狂言	机翻	0	1
เพะ	石膏	机翻	0	1
เพา	力量	机翻	0	1
เพาะ	品种	机翻	0	1
เพิก	条	机翻	0	1
เพิง	棚	机翻	0	1
เพี้ย	疯狂的	机翻	0	1
เพี้ยง	只是	机翻	0	1
เพี้ยน	扭曲的	机翻	0	1
เพียบ	无限地	机翻	0	1
เพียร	辛苦的	机翻	0	1
เพียว	纯的	机翻	0	1
แพ	筏	机翻	0	1
แพ่ง	民事	机翻	0	1
แพน	平底锅	机翻	0	1
แพ่น	冲进去	机翻	0	1
แพร	丝绸	机翻	0	1
แพร่	传播	机翻	0	1
แพร่ง	十字路口	机翻	0	1
แพรว	闪闪发光的	机翻	0	1
แพร้ว	令人眼花缭乱	机翻	0	1
แพลง	扭伤	机翻	0	1
แพลม	突出	机翻	0	1
แพว	拉乌	机翻	0	1
โพ	坡	机翻	0	1
โพก	头饰	机翻	0	1
โพง	喇叭	机翻	0	1
โพด	荚	机翻	0	1
โพธ	波思	机翻	0	1
โพน	丰	机翻	0	1
โพ้น	极端主义者	机翻	0	1
โพย	闲聊	机翻	0	1
โพรก	软弱无力地	机翻	0	1
โพรง	空腔	机翻	0	1
โพลง	模糊	机翻	0	1
โพล่ง	脱口而出	机翻	0	1
โพล้ง	大贝贝	机翻	0	1
โพลน	模糊的	机翻	0	1
ไพ่	卡片	机翻	0	1
ไพร	私人的	机翻	0	1
ไพร่	无产阶级的	机翻	0	1
ไพล	普莱	机翻	0	1
ไพล่	急转弯	机翻	0	1
ฟก	伪造的	机翻	0	1
ฟ่อ	嘶	机翻	0	1
ฟ้อ	美丽的	机翻	0	1
ฟอก	净化	机翻	0	1
ฟอง	气泡	机翻	0	1
ฟ่อง	漂浮	机翻	0	1
ฟอด	海绵状的	机翻	0	1
ฟอน	字体	机翻	0	1
ฟ่อน	捆	机翻	0	1
ฟ้อน	舞蹈	机翻	0	1
ฟัก	孵化	机翻	0	1
ฟัด	摇摆	机翻	0	1
ฟั่น	剪力	机翻	0	1
ฟั้น	揉	机翻	0	1
ฟา	法	机翻	0	1
ฟาก	边	机翻	0	1
ฟาง	稻草	机翻	0	1
ฟ่าง	粟	机翻	0	1
ฟาด	鞭打	机翻	0	1
ฟาน	货车	机翻	0	1
ฟ่าม	海绵状的	机翻	0	1
ฟาย	美好的！	机翻	0	1
ฟิด	他妈的	机翻	0	1
ฟิน	太高兴了	机翻	0	1
ฟี่	菲	机翻	0	1
ฟี้	咕噜声	机翻	0	1
ฟืน	柴	机翻	0	1
ฟื้น	恢复	机翻	0	1
ฟืม	唷！	机翻	0	1
ฟุ	福	机翻	0	1
ฟุ้ง	阴云密布	机翻	0	1
ฟุต	脚	机翻	0	1
ฟุน	火焰	机翻	0	1
ฟุบ	坍塌	机翻	0	1
ฟุ่บ	我很慌张	机翻	0	1
ฟู	蓬松的	机翻	0	1
ฟู่	嘶嘶声	机翻	0	1
ฟูก	床垫	机翻	0	1
ฟูด	食物	机翻	0	1
ฟูม	饱和的	机翻	0	1
เฟ้น	挑选	机翻	0	1
เฟ้อ	臃肿	机翻	0	1
เฟอะ	浑	机翻	0	1
เฟะ	浑	机翻	0	1
เฟิน	蕨类	机翻	0	1
เฟี้ยม	盾	机翻	0	1
เฟี้ยว	华丽地	机翻	0	1
เฟือง	齿轮	机翻	0	1
เฟื่อง	生育力	机翻	0	1
เฟื้อง	齿轮	机翻	0	1
เฟือน	忘记	机翻	0	1
เฟื่อน	朋友	机翻	0	1
เฟือย	杂草丛生的银行	机翻	0	1
เฟื้อย	长的	机翻	0	1
แฟง	骨髓	机翻	0	1
แฟบ	平坦的	机翻	0	1
แฟ้บ	平坦的	机翻	0	1
โฟม	泡沫	机翻	0	1
ภพ	世界	机翻	0	1
ภร	兄弟	机翻	0	1
ภอ	父亲	机翻	0	1
ภัจ	仆人	机翻	0	1
ภัต	食物	机翻	0	1
ภัย	危险	机翻	0	1
ภา	图片	机翻	0	1
ภาค	部门	机翻	0	1
ภาพ	图片	机翻	0	1
ภาม	问题	机翻	0	1
ภาย	之内	机翻	0	1
ภาร	重的	机翻	0	1
ภาส	热情	机翻	0	1
ภีม	可怕	机翻	0	1
ภู	山	机翻	0	1
ภู่	富	机翻	0	1
ภูต	守护进程	机翻	0	1
เภท	类型	机翻	0	1
โภค	财富	机翻	0	1
โภช	食物	机翻	0	1
ใภ้	姻亲	机翻	0	1
ม่ง	旺	机翻	0	1
ม้ง	苗族	机翻	0	1
มท	公吨	机翻	0	1
มน	圆形的	机翻	0	1
ม่วง	紫色的	机翻	0	1
มวน	卷	机翻	0	1
ม่วน	玩得开心	机翻	0	1
ม้วน	卷	机翻	0	1
มวย	拳击	机翻	0	1
ม้วย	稀饭	机翻	0	1
ม่อง	旺	机翻	0	1
มอญ	周一	机翻	0	1
มอด	蛾	机翻	0	1
มอน	周一	机翻	0	1
ม่อน	周一	机翻	0	1
มอม	黩	机翻	0	1
ม่อย	苍白	机翻	0	1
มะ	马	机翻	0	1
มัง	男人	机翻	0	1
มั่ง	或许？	机翻	0	1
มัด	捆	机翻	0	1
มั่น	自信的	机翻	0	1
มัย	骡子	机翻	0	1
มั้ย	是吗？	机翻	0	1
มัว	暗淡	机翻	0	1
มั่ว	混合	机翻	0	1
มาด	出来	机翻	0	1
มาน	湿疹	机翻	0	1
มาบ	地图	机翻	0	1
ม้าม	脾	机翻	0	1
มาย	我的	机翻	0	1
ม่าย	寡	机翻	0	1
มาร	魔鬼	机翻	0	1
มาศ	垫	机翻	0	1
มาส	马斯	机翻	0	1
มิ	米	机翻	0	1
มิค	米克	机翻	0	1
มิ่ง	珍惜的拥有	机翻	0	1
มิด	中间	机翻	0	1
มิ้ม	下摆	机翻	0	1
มิว	喵	机翻	0	1
มี่	公然的	机翻	0	1
มีน	我有	机翻	0	1
มีม	模因	机翻	0	1
มึง	你	机翻	0	1
มึน	麻木的	机翻	0	1
มืด	黑暗的	机翻	0	1
มุ	亩	机翻	0	1
มุก	珍珠	机翻	0	1
มุข	湾	机翻	0	1
มุง	苫	机翻	0	1
มุ่ง	目的	机翻	0	1
มุ้ง	网	机翻	0	1
มุด	鸭子	机翻	0	1
มุบ	咕哝	机翻	0	1
มุ้ม	鹰嘴豆	机翻	0	1
มุ่ย	皱眉	机翻	0	1
มู	哞	机翻	0	1
มูก	粘液	机翻	0	1
มูล	粪便	机翻	0	1
เม็ก	梅格	机翻	0	1
เม็ด	粮食	机翻	0	1
เมท	伴侣	机翻	0	1
เมธ	冰毒	机翻	0	1
เมน	缅因州	机翻	0	1
เม่น	豪猪	机翻	0	1
เม้น	评论	机翻	0	1
เมม	记忆	机翻	0	1
เมษ	白羊座	机翻	0	1
เมะ	我	机翻	0	1
เมา	醉	机翻	0	1
เมาะ	醉	机翻	0	1
เมิน	忽略	机翻	0	1
เมีย	妻子	机翻	0	1
เมียง	明	机翻	0	1
เมี่ยง	米昂	机翻	0	1
เมี้ยน	完全隐藏	机翻	0	1
เมือ	什么时候	机翻	0	1
เมือก	粘液	机翻	0	1
เมื่อย	疲劳的	机翻	0	1
แมก	猫	机翻	0	1
แมง	昆虫	机翻	0	1
แม่ง	他妈的	机翻	0	1
แมน	男人	机翻	0	1
แม่น	准确	机翻	0	1
แม้น	甚至	机翻	0	1
แม้ว	梅奥	机翻	0	1
แมะ	梅	机翻	0	1
โม	莫	机翻	0	1
โม่	磨	机翻	0	1
โม้	夸	机翻	0	1
โมก	莫克	机翻	0	1
โม้ก	吸吮	机翻	0	1
โมง	小时	机翻	0	1
โม่ง	强盗	机翻	0	1
โมน	周一	机翻	0	1
โมษ	商店扒手	机翻	0	1
โมะ	萌	机翻	0	1
ไม	不	机翻	0	1
ยง	勇	机翻	0	1
ยธ	尤斯	机翻	0	1
ย่น	皱纹	机翻	0	1
ยม	对方	机翻	0	1
ยล	线粒体	机翻	0	1
ยวง	假种皮	机翻	0	1
ยวด	尤其	机翻	0	1
ยวน	元	机翻	0	1
ยวบ	地震	机翻	0	1
ย้วย	偏见	机翻	0	1
ยศ	秩	机翻	0	1
ยอ	哟	机翻	0	1
ย่อ	短的	机翻	0	1
ยอก	约克	机翻	0	1
ยอง	麈	机翻	0	1
ย่อง	潜行	机翻	0	1
ย้อง	漂亮	机翻	0	1
ยอด	精英	机翻	0	1
ยอน	永	机翻	0	1
ย้อน	倒带	机翻	0	1
ยอบ	烘烤	机翻	0	1
ยอม	我同意	机翻	0	1
ย่อม	不可避免地	机翻	0	1
ย้อม	染色的	机翻	0	1
ย่อย	小的	机翻	0	1
ย้อย	赃物	机翻	0	1
ย่ะ	啊！	机翻	0	1
ยัก	耸肩	机翻	0	1
ยั้ง	抑制	机翻	0	1
ยัญ	赎罪	机翻	0	1
ยัด	鞭	机翻	0	1
ยัน	倾斜	机翻	0	1
ยั่น	吓唬	机翻	0	1
ยับ	皱	机翻	0	1
ยัย	耶！	机翻	0	1
ยั่ว	挑衅	机翻	0	1
ยัวะ	哎呀！	机翻	0	1
ยาง	橡皮	机翻	0	1
ยาน	宇宙飞船	机翻	0	1
ย่าม	包	机翻	0	1
ย้าย	外婆	机翻	0	1
ยำ	百胜	机翻	0	1
ย่ำ	踏	机翻	0	1
ย้ำ	重复	机翻	0	1
ยิง	射击	机翻	0	1
ยิ่ง	更多的	机翻	0	1
ยิน	听到	机翻	0	1
ยิบ	彻底地	机翻	0	1
ยิม	健身房	机翻	0	1
ยิว	犹	机翻	0	1
ยี	捣碎	机翻	0	1
ยี่	彝族	机翻	0	1
ยี้	该死！	机翻	0	1
ยีน	基因	机翻	0	1
ยืด	拉紧	机翻	0	1
ยุ	于	机翻	0	1
ยุค	时代	机翻	0	1
ยุ้ง	粮仓	机翻	0	1
ยุ่น	日本人	机翻	0	1
ยุ่ย	透水	机翻	0	1
ยู	U	机翻	0	1
ยูง	容	机翻	0	1
เย	是的	机翻	0	1
เย็ด	他妈的	机翻	0	1
เยน	日元	机翻	0	1
เย็บ	缝	机翻	0	1
เยอะ	很多	机翻	0	1
เยิน	被打破	机翻	0	1
เยิ้ม	薄薄的	机翻	0	1
เยีย	是的	机翻	0	1
เยี่ยง	喜欢	机翻	0	1
เยียน	访问	机翻	0	1
เยี่ยม	访问	机翻	0	1
เยี่ยว	小便	机翻	0	1
เยื่อ	纸浆	机翻	0	1
เยือก	寒冷的	机翻	0	1
เยือน	访问	机翻	0	1
แย้	鬣蜥	机翻	0	1
แย่ง	抓住	机翻	0	1
แย้ง	骗局	机翻	0	1
แยม	果酱	机翻	0	1
แย้ม	暗示	机翻	0	1
แยะ	很多	机翻	0	1
โยก	岩石	机翻	0	1
โยง	关联	机翻	0	1
โย่ง	长的	机翻	0	1
โยม	赎罪日	机翻	0	1
ใย	灯丝	机翻	0	1
ไย	为什么？	机翻	0	1
ไย่	不！	机翻	0	1
รก	杂乱的	机翻	0	1
รณ	罗恩	机翻	0	1
รด	水	机翻	0	1
รน	贪睡	机翻	0	1
ร่น	缩短	机翻	0	1
ร้น	草草	机翻	0	1
รบ	战斗	机翻	0	1
รม	朗姆酒	机翻	0	1
รวก	鲁阿克	机翻	0	1
รวง	耳朵	机翻	0	1
ร่วง	落下	机翻	0	1
รวด	自始至终	机翻	0	1
รวน	杂乱无章	机翻	0	1
ร่วน	易碎的	机翻	0	1
รวบ	抓住	机翻	0	1
รส	味道	机翻	0	1
รอก	卷轴	机翻	0	1
รอง	中学	机翻	0	1
ร่อง	槽	机翻	0	1
ร้อง	哭	机翻	0	1
รอด	存活	机翻	0	1
รอน	罗恩	机翻	0	1
ร่อน	平底锅	机翻	0	1
รอบ	时间	机翻	0	1
รอม	只读存储器	机翻	0	1
รอย	痕迹	机翻	0	1
ร่อย	可口的	机翻	0	1
ระ	拉	机翻	0	1
รั้ง	支撑	机翻	0	1
รัช	匆忙	机翻	0	1
รัฐ	状态	机翻	0	1
รัด	乐队	机翻	0	1
รัต	有色	机翻	0	1
รั้น	看涨	机翻	0	1
รัม	朗姆酒	机翻	0	1
รัว	不由自主	机翻	0	1
รา	模具	机翻	0	1
ร่า	哇！	机翻	0	1
ร้า	店铺	机翻	0	1
ราง	轨	机翻	0	1
ร้าง	荒凉的	机翻	0	1
ราช	皇家的	机翻	0	1
ราญ	斗争	机翻	0	1
ราด	倒	机翻	0	1
ราน	赎金	机翻	0	1
ร่าน	荡妇	机翻	0	1
ร้าน	店铺	机翻	0	1
ราบ	平坦的	机翻	0	1
ราม	内存	机翻	0	1
ราย	列表	机翻	0	1
ร่าย	投掷	机翻	0	1
ร้าย	邪恶的	机翻	0	1
ราว	关于	机翻	0	1
ร้าว	裂缝	机翻	0	1
รำ	舞蹈	机翻	0	1
ร่ำ	重击	机翻	0	1
ริ	里	机翻	0	1
ริน	倒	机翻	0	1
ริ้น	蚊虫	机翻	0	1
ริบ	丧失	机翻	0	1
ริม	边缘	机翻	0	1
ริ้ว	条纹	机翻	0	1
รี	椭圆形	机翻	0	1
รี่	真的	机翻	0	1
รีต	撤退	机翻	0	1
รีบ	匆忙	机翻	0	1
รีม	令	机翻	0	1
รึ	或者？	机翻	0	1
รื่น	令人愉快的	机翻	0	1
รุก	积极主动的	机翻	0	1
รุ่ง	梯级	机翻	0	1
รุด	匆忙	机翻	0	1
รุน	荚	机翻	0	1
รุม	人群	机翻	0	1
รุ่ม	热烈地	机翻	0	1
รุ่ย	松动的	机翻	0	1
รู	洞	机翻	0	1
รู่	划痕	机翻	0	1
รูด	滑动	机翻	0	1
รูบ	擦	机翻	0	1
เร	我们	机翻	0	1
เร่	层数	机翻	0	1
เร่ง	速度	机翻	0	1
เร้น	隐	机翻	0	1
เรอ	嗝	机翻	0	1
เร่า	反复	机翻	0	1
เร้า	刺激	机翻	0	1
เริง	快乐	机翻	0	1
เริด	出色的	机翻	0	1
เริ่ด	惊人的	机翻	0	1
เริม	疱疹	机翻	0	1
เรียก	称呼	机翻	0	1
เรียง	种类	机翻	0	1
เรียด	撇去	机翻	0	1
เรียม	准备好了	机翻	0	1
เรี่ยม	钉钉子	机翻	0	1
เรียล	真实的	机翻	0	1
เรียว	细长的	机翻	0	1
เรี่ยว	力量	机翻	0	1
เรื่อ	褪色了	机翻	0	1
เรื้อ	脱离实践	机翻	0	1
เรือก	第一的	机翻	0	1
เรือง	荧光	机翻	0	1
เรื่อง	主题	机翻	0	1
เรือด	臭虫	机翻	0	1
เรือน	房子	机翻	0	1
เรื้อน	麻风	机翻	0	1
เรื่อย	不断地	机翻	0	1
แร	雷埃	机翻	0	1
แร่	矿物	机翻	0	1
แรก	第一的	机翻	0	1
แรง	力量	机翻	0	1
แร้ง	狮鹫	机翻	0	1
แรด	犀牛	机翻	0	1
แรม	内存	机翻	0	1
แร้ว	圈套	机翻	0	1
โร	罗	机翻	0	1
โรง	剧院	机翻	0	1
โรจ	出色地	机翻	0	1
โรม	罗马	机翻	0	1
โรย	撒	机翻	0	1
ไร	什么？	机翻	0	1
ไร้	没有	机翻	0	1
ลก	世界	机翻	0	1
ลน	酡	机翻	0	1
ล่ม	碰撞	机翻	0	1
ล้ม	落下	机翻	0	1
ลวก	大致	机翻	0	1
ลวง	朗朗上口的	机翻	0	1
ล่วง	经过	机翻	0	1
ล้วง	伸出手	机翻	0	1
ลวด	金属丝	机翻	0	1
ล้วน	全部	机翻	0	1
ล่อ	骡子	机翻	0	1
ลอก	脱皮	机翻	0	1
ลอง	尝试	机翻	0	1
ล่อง	下游	机翻	0	1
ลอด	筛	机翻	0	1
ลอน	海浪	机翻	0	1
ลอบ	偷偷地	机翻	0	1
ลอม	组装的	机翻	0	1
ล้อม	大约	机翻	0	1
ลอย	漂浮	机翻	0	1
ล่ะ	所以？	机翻	0	1
ลัก	偷	机翻	0	1
ลัง	箱	机翻	0	1
ลัด	捷径	机翻	0	1
ลั่น	大声	机翻	0	1
ลา	驴	机翻	0	1
ล่า	打猎	机翻	0	1
ล้า	疲劳的	机翻	0	1
ลาก	拖	机翻	0	1
ลาง	预兆	机翻	0	1
ล่าง	降低	机翻	0	1
ลาด	坡	机翻	0	1
ลาภ	财富	机翻	0	1
ลาม	传播	机翻	0	1
ล่าม	口译员	机翻	0	1
ลาว	老挝	机翻	0	1
ลำ	身体	机翻	0	1
ล่ำ	坚定的	机翻	0	1
ล้ำ	异常地	机翻	0	1
ลิด	修剪	机翻	0	1
ลิ่น	穿山甲	机翻	0	1
ลิบ	库	机翻	0	1
ลิป	唇	机翻	0	1
ลิ่ม	楔	机翻	0	1
ลิ้ม	品尝	机翻	0	1
ลี้	李	机翻	0	1
ลีบ	萎缩	机翻	0	1
ลึก	深的	机翻	0	1
ลืบ	删除	机翻	0	1
ลุ	看	机翻	0	1
ลุ้น	推动	机翻	0	1
ลุ่ม	盆地	机翻	0	1
ลุย	韦德	机翻	0	1
ลุ่ย	基佬	机翻	0	1
ลู่	追踪	机翻	0	1
ลูบ	拍	机翻	0	1
เลก	腿	机翻	0	1
เลข	数字	机翻	0	1
เลง	疯狂的	机翻	0	1
เล็ง	目的	机翻	0	1
เล้ง	大声说话	机翻	0	1
เล็ด	隔断	机翻	0	1
เล็น	螨虫	机翻	0	1
เล่น	玩	机翻	0	1
เล็ม	修剪	机翻	0	1
เลย	根本不	机翻	0	1
เลว	坏的	机翻	0	1
เลศ	诡计	机翻	0	1
เลอ	乐	机翻	0	1
เล่อ	笨拙	机翻	0	1
เลอะ	搞砸	机翻	0	1
เละ	凌乱的	机翻	0	1
เลา	老挝	机翻	0	1
เล้า	鸡舍	机翻	0	1
เลาะ	剥离	机翻	0	1
เลิก	结束	机翻	0	1
เลิศ	出色的	机翻	0	1
เลีย	舔	机翻	0	1
เลียง	带来	机翻	0	1
เลี่ยง	纯粹的	机翻	0	1
เลี้ยง	增加	机翻	0	1
เลียน	模拟	机翻	0	1
เลียบ	裙子	机翻	0	1
เลี่ยม	镶嵌	机翻	0	1
เลื่อง	著名的	机翻	0	1
เลือน	模糊	机翻	0	1
เลื่อม	亮片	机翻	0	1
เลื่อย	锯	机翻	0	1
เลื้อย	摆动	机翻	0	1
แล	和	机翻	0	1
แล่	切	机翻	0	1
แลง	郎	机翻	0	1
แล่ง	劈开	机翻	0	1
แล้ง	干旱	机翻	0	1
แลน	局域网	机翻	0	1
แล่น	跑步	机翻	0	1
แลบ	闪光	机翻	0	1
โล	洛	机翻	0	1
โล่	盾	机翻	0	1
โล้	摇摆	机翻	0	1
โลง	棺材	机翻	0	1
โลด	跳	机翻	0	1
โลน	孤独	机翻	0	1
โล้น	秃	机翻	0	1
โลภ	抢夺	机翻	0	1
โลม	宠物	机翻	0	1
โละ	丢弃	机翻	0	1
ไล่	追逐	机翻	0	1
ไล้	申请	机翻	0	1
วก	炒锅	机翻	0	1
วง	环形	机翻	0	1
วท	科学	机翻	0	1
วน	圆圈	机翻	0	1
วว	哇！	机翻	0	1
วอ	轿车	机翻	0	1
วอก	猴	机翻	0	1
วอด	烧毁	机翻	0	1
วอน	韩元	机翻	0	1
ว่อน	传播	机翻	0	1
วะ	哇！	机翻	0	1
ว่ะ	哇！	机翻	0	1
วัง	宫殿	机翻	0	1
วัต	宗教活动	机翻	0	1
วัย	年龄	机翻	0	1
วา	佤族	机翻	0	1
ว่า	那	人工	0	1
ว้าก	哇！	机翻	0	1
ว้าง	空着	机翻	0	1
วาต	字	机翻	0	1
วาท	修辞	机翻	0	1
วาน	昨天	机翻	0	1
ว่าน	芦荟	机翻	0	1
วาบ	闪光	机翻	0	1
วาม	闪闪发光的	机翻	0	1
วาย	是	机翻	0	1
ว้าย	哇！	机翻	0	1
วาร	时期	机翻	0	1
วาว	珠状的	机翻	0	1
ว่าว	风筝	机翻	0	1
ว้าว	哇	机翻	0	1
วิก	假发	机翻	0	1
วิง	翼	机翻	0	1
วิด	视频	机翻	0	1
วิธ	方法	机翻	0	1
วิน	赢	机翻	0	1
วิว	看法	机翻	0	1
วี	V	机翻	0	1
วุฒ	长老	机翻	0	1
วุ่น	忙碌的	机翻	0	1
วุ้น	果冻	机翻	0	1
วู้	哇！	机翻	0	1
วูบ	晕倒了	机翻	0	1
เว้	色调	机翻	0	1
เวค	唤醒	机翻	0	1
เวช	药品	机翻	0	1
เวท	魔法	机翻	0	1
เวน	文	机翻	0	1
เว้น	除了	机翻	0	1
เว็บ	网络	机翻	0	1
เว้ย	哇！	机翻	0	1
เว่อ	张开	机翻	0	1
เว้า	凹	机翻	0	1
เวิก	起飞	机翻	0	1
เวิ้ง	河湾	机翻	0	1
เวี่ย	威亚	机翻	0	1
เวียง	维昂	机翻	0	1
เวียน	圆	机翻	0	1
เวียร	勤奋	机翻	0	1
แว้	瓦埃	机翻	0	1
แว้ง	急转弯	机翻	0	1
แวด	环境	机翻	0	1
แว้ด	瓦德	机翻	0	1
แวต	笏	机翻	0	1
แวน	货车	机翻	0	1
แว่น	眼镜	机翻	0	1
แว้น	驾驶	机翻	0	1
แวบ	闪光	机翻	0	1
แวม	发光的	机翻	0	1
แวว	闪光	机翻	0	1
แว่ว	我听到了	机翻	0	1
โว	哇！	机翻	0	1
โวย	强烈抗议	机翻	0	1
โว้ย	哇！	机翻	0	1
ไว	快速地	机翻	0	1
ไว้	抓住	机翻	0	1
ศก	时代	机翻	0	1
ศต	一世纪	机翻	0	1
ศธ	教育部	机翻	0	1
ศพ	身体	机翻	0	1
ศร	箭	机翻	0	1
ศรี	斯里	机翻	0	1
ศรุต	可听见的	机翻	0	1
ศอ	所以	机翻	0	1
ศอก	弯头	机翻	0	1
ศิต	锋利的	机翻	0	1
ศีล	佳能	机翻	0	1
ศึก	战斗	机翻	0	1
เศษ	废料	机翻	0	1
เศิก	特别的	机翻	0	1
เศียร	头	机翻	0	1
โศก	忧郁的	机翻	0	1
ไศล	滑动	机翻	0	1
สง	歌曲	机翻	0	1
สธ	公共卫生部	机翻	0	1
สน	松树	机翻	0	1
ส้น	脚跟	机翻	0	1
สบ	交界处	机翻	0	1
สม	方程	机翻	0	1
สว	你好	机翻	0	1
สวด	祈祷	机翻	0	1
สวบ	你好	机翻	0	1
ส้วม	壁橱	机翻	0	1
ส่วย	贡	机翻	0	1
สอ	所以	机翻	0	1
ส่อ	预设	机翻	0	1
ส่อง	看	机翻	0	1
สอด	插入	机翻	0	1
ส่อน	脱落	机翻	0	1
สอย	拿	机翻	0	1
สัก	纹身	机翻	0	1
สัค	萨克	机翻	0	1
สัด	热刺	机翻	0	1
สัต	有德行的	机翻	0	1
สัน	岭	机翻	0	1
สั่น	摇	机翻	0	1
สัส	你好！	机翻	0	1
สา	萨	机翻	0	1
ส่า	酵母	机翻	0	1
สาก	粗	机翻	0	1
สาง	幽灵	机翻	0	1
ส่าง	桑	机翻	0	1
สาด	溅	机翻	0	1
สาน	编织	机翻	0	1
สาบ	乒乓球	机翻	0	1
สาป	诅咒	机翻	0	1
สาย	线	机翻	0	1
ส่าย	摇	机翻	0	1
สาร	物质	机翻	0	1
สำ	为了	机翻	0	1
สิง	出没	机翻	0	1
สิ่ง	事物	机翻	0	1
สิน	资产	机翻	0	1
สิ้น	结尾	机翻	0	1
สิว	粉刺	机翻	0	1
สิ่ว	凿	机翻	0	1
สึก	磨损的	机翻	0	1
สึส	苏斯	机翻	0	1
สืบ	间谍	机翻	0	1
สุ	苏	机翻	0	1
สุก	成熟	机翻	0	1
สุข	快乐的	机翻	0	1
สุด	结尾	机翻	0	1
สุม	堆	机翻	0	1
สู	苏	机翻	0	1
สู่	到	机翻	0	1
สู้	斗争	机翻	0	1
สูญ	失去	机翻	0	1
สูด	吸入	机翻	0	1
สูต	公式	机翻	0	1
สูท	套装	机翻	0	1
สูบ	泵	机翻	0	1
เส	改变	机翻	0	1
เสก	神奇	机翻	0	1
เส้น	线	机翻	0	1
เสพ	拿	机翻	0	1
เสย	吸	机翻	0	1
เสา	极	机翻	0	1
เสาะ	搜索	机翻	0	1
เสิก	塞克	机翻	0	1
เสี่ย	有钱人	机翻	0	1
เสียด	人群	机翻	0	1
เสี้ยน	毛刺	机翻	0	1
เสียบ	插头	机翻	0	1
เสียม	镐	机翻	0	1
เสี้ยม	金字塔形的	机翻	0	1
เสียว	惊险	机翻	0	1
เสี่ยว	裙带关系	机翻	0	1
เสี้ยว	新月	机翻	0	1
เสื่อ	垫	机翻	0	1
เสือก	突兀的	机翻	0	1
เสื่อม	衰退	机翻	0	1
แส่	找麻烦	机翻	0	1
แส้	鞭	机翻	0	1
แสก	分手了	机翻	0	1
แสด	展示	机翻	0	1
แสบ	敏锐的	机翻	0	1
แสะ	打	机翻	0	1
โสด	单身的	机翻	0	1
โสม	参	机翻	0	1
โสษ	索斯	机翻	0	1
ใส	清除	机翻	0	1
ใส้	填充	机翻	0	1
ไส	刨削	机翻	0	1
ไส้	核	机翻	0	1
ไสย	神秘的	机翻	0	1
ไสว	大量地	机翻	0	1
หงอ	垂头丧气	机翻	0	1
หงอก	灰色的	机翻	0	1
หงอน	波峰	机翻	0	1
หง่อม	衰老	机翻	0	1
หงอย	郁闷地	机翻	0	1
หงาย	脸	机翻	0	1
หงำ	极其	机翻	0	1
หงิก	弯曲	机翻	0	1
หงิม	预订的	机翻	0	1
หงุบ	点头	机翻	0	1
หญัว	头	机翻	0	1
หญิง	女性	机翻	0	1
หด	收缩	机翻	0	1
หน	什么时候	机翻	0	1
หนม	名义	机翻	0	1
หนวก	聋	机翻	0	1
หน่วง	延迟	机翻	0	1
หนวด	胡子	机翻	0	1
หนอ	嗯！	机翻	0	1
หน่อ	分支	机翻	0	1
หนอก	单峰骆驼	机翻	0	1
หนอง	脓	机翻	0	1
หน่อย	少量	机翻	0	1
หนัง	皮肤	机翻	0	1
หนั่น	那	机翻	0	1
หนับ	哇！	机翻	0	1
หนาม	刺	机翻	0	1
หน่าย	我很反感	机翻	0	1
หนี	逃脱	机翻	0	1
หนีบ	别针	机翻	0	1
หนึบ	黏	机翻	0	1
หนืด	粘稠的	机翻	0	1
หนุน	支撑	机翻	0	1
หนุบ	耐嚼	机翻	0	1
ห่ม	毯子	机翻	0	1
หมก	深的	机翻	0	1
หม่น	沉思的	机翻	0	1
หมวด	团体	机翻	0	1
หมวย	拳击	机翻	0	1
หมอง	暗淡	机翻	0	1
หม่อง	香脂	机翻	0	1
หม่อน	桑	机翻	0	1
หมอบ	蹲	机翻	0	1
หม่อม	配偶	机翻	0	1
หมอย	莫伊	机翻	0	1
หมัก	发酵	机翻	0	1
หมัด	冲床	机翻	0	1
หมัน	无菌的	机翻	0	1
หมั่น	执着的	机翻	0	1
หมั้น	已订婚的	机翻	0	1
หมับ	一会儿	机翻	0	1
หม่า	马	机翻	0	1
หมาก	槟榔	机翻	0	1
หมาง	我很矛盾	机翻	0	1
หมาด	潮湿	机翻	0	1
หมาย	意义	机翻	0	1
หม้าย	寡	机翻	0	1
หม่ำ	吃	机翻	0	1
หมิ่น	濒临	机翻	0	1
หมี่	米粉	机翻	0	1
หมึก	墨水	机翻	0	1
หมุด	别针	机翻	0	1
หมุน	转动	机翻	0	1
หมุบ	迅速地	机翻	0	1
หมู่	团体	机翻	0	1
หยก	玉	机翻	0	1
หย่ง	勇	机翻	0	1
หยด	降低	机翻	0	1
หยวก	香蕉茎髓	机翻	0	1
หยวน	元	机翻	0	1
หยอก	逗	机翻	0	1
หย่อง	紧随其后	机翻	0	1
หยอด	降低	机翻	0	1
หยอน	令人震惊	机翻	0	1
หย่อน	松弛	机翻	0	1
หย่อม	修补	机翻	0	1
หยอย	迅速地	机翻	0	1
หยัก	锯齿状的	机翻	0	1
หยั่ง	探测	机翻	0	1
หยัด	站稳	机翻	0	1
หยัน	嘲笑	机翻	0	1
หย่า	离婚	机翻	0	1
หยาด	降低	机翻	0	1
หยาม	蔑视	机翻	0	1
หยิก	捏	机翻	0	1
หยิ่ง	傲慢的	机翻	0	1
หยิม	严	机翻	0	1
หยี	眨	机翻	0	1
หยุ่น	灵活的	机翻	0	1
หยุม	小的	机翻	0	1
หยูก	牦牛	机翻	0	1
หรอ	真的吗？	机翻	0	1
หรอก	真的吗？	机翻	0	1
หรา	高度	机翻	0	1
หรี่	暗淡	机翻	0	1
หรีด	花圈	机翻	0	1
หรึ่ง	一半	机翻	0	1
หรุ่ม	优雅的	机翻	0	1
หรู	奢华	机翻	0	1
หลง	丢失的	机翻	0	1
หลน	煨	机翻	0	1
หล่น	降低	机翻	0	1
หลบ	躲闪	机翻	0	1
หล่ม	泥潭	机翻	0	1
หลวก	小鼠	机翻	0	1
หลวง	皇家的	机翻	0	1
หลอ	这是真的吗？	机翻	0	1
หลอก	诡计	机翻	0	1
หลอด	电灯泡	机翻	0	1
หลอน	吓	机翻	0	1
หล่อน	她	机翻	0	1
หลอม	熔化	机翻	0	1
หลัก	主要的	机翻	0	1
หลั่ง	倒	机翻	0	1
หลั่น	按降序排列	机翻	0	1
หลัว	朦胧	机翻	0	1
หลา	院子	机翻	0	1
หล้า	疲劳的	机翻	0	1
หลาก	各种各样的	机翻	0	1
หลาบ	最新的	机翻	0	1
หลาม	Python	机翻	0	1
หลาว	派克	机翻	0	1
หลิม	林	机翻	0	1
หลิว	刘	机翻	0	1
หลิ่ว	用一只眼睛看	机翻	0	1
หลี	李	机翻	0	1
หลีก	避免	机翻	0	1
หลืบ	狭窄的开口	机翻	0	1
หลุด	滑	机翻	0	1
หลุบ	驳回	机翻	0	1
หลุม	坑	机翻	0	1
หลู่	羞辱	机翻	0	1
หวง	嫉妒的	机翻	0	1
ห่วง	环形	机翻	0	1
ห้วง	领域	机翻	0	1
หวด	汽船	机翻	0	1
หวน	返回	机翻	0	1
ห้วน	简洁	机翻	0	1
หวย	彩票	机翻	0	1
ห่วย	坏的	机翻	0	1
ห้วย	溪	机翻	0	1
หวล	担心	机翻	0	1
หวะ	广泛的	机翻	0	1
หวัด	寒冷的	机翻	0	1
หวั่น	害怕的	机翻	0	1
หว้า	哇	机翻	0	1
หว่าง	之间	机翻	0	1
หวาด	可怕的	机翻	0	1
หว่าน	母猪	机翻	0	1
หวาม	刺激	机翻	0	1
หวาย	藤	机翻	0	1
หวิด	靠近	机翻	0	1
หวิว	晕眩的	机翻	0	1
หวีด	尖叫	机翻	0	1
หวูด	哨	机翻	0	1
หอ	塔	机翻	0	1
ห่อ	裹	机翻	0	1
ห้อ	种族	机翻	0	1
หอก	矛	机翻	0	1
หอน	抱怨	机翻	0	1
ห่อน	裹	机翻	0	1
หอบ	喘气	机翻	0	1
ห้อม	环绕	机翻	0	1
ห้อย	悬挂	机翻	0	1
หัด	麻疹	机翻	0	1
หัน	转动	机翻	0	1
หับ	中心	机翻	0	1
หัว	头	机翻	0	1
หัส	代码	机翻	0	1
ห่า	到底是什么啊！	机翻	0	1
หาก	如果	机翻	0	1
ห้าง	百货商店	机翻	0	1
หาญ	大胆的	机翻	0	1
หาด	海滩	机翻	0	1
ห่าน	鹅	机翻	0	1
หาบ	携带	机翻	0	1
หาม	携带	机翻	0	1
ห่าม	冲动的	机翻	0	1
หาร	划分	机翻	0	1
หาว	打哈欠	机翻	0	1
ห้าว	潇洒的	机翻	0	1
หำ	睾丸	机翻	0	1
หิ้ง	架子	机翻	0	1
หิด	疥	机翻	0	1
หิ้ว	携带	机翻	0	1
หี	猫	机翻	0	1
หีบ	胸部	机翻	0	1
หึ	啊？	机翻	0	1
หึ่ง	腐烂	机翻	0	1
หืด	哮喘	机翻	0	1
หืน	馊	机翻	0	1
หื่น	欲望	机翻	0	1
หุน	投资	机翻	0	1
หุ่น	木偶	机翻	0	1
หุบ	峡谷	机翻	0	1
หุ้ม	外套	机翻	0	1
หูก	织布机	机翻	0	1
หูด	疣	机翻	0	1
หูย	啊？	机翻	0	1
เห	嘿	机翻	0	1
เห่	麻痹	机翻	0	1
เหง้า	根茎	机翻	0	1
เหงื่อ	汗	机翻	0	1
เหน่ง	灼灼	机翻	0	1
เหน็บ	塔克	机翻	0	1
เหน่อ	带着乡音	机翻	0	1
เหนอะ	恶心的	机翻	0	1
เหน้า	少年	机翻	0	1
เหนียง	荆棘	机翻	0	1
เหนียม	胆怯地	机翻	0	1
เหนี่ยว	拉	机翻	0	1
เหนือ	多于	机翻	0	1
เห็บ	打钩	机翻	0	1
เหม็ง	恰如其分地	机翻	0	1
เหม่ง	秃	机翻	0	1
เหม็น	臭	机翻	0	1
เหม่อ	空缺	机翻	0	1
เหมาะ	合适的	机翻	0	1
เหมียว	喵呜	机翻	0	1
เหมือง	矿	机翻	0	1
เหย	哇！	机翻	0	1
เหยง	疯狂地	机翻	0	1
เหย้า	家	机翻	0	1
เหยาะ	一点一滴	机翻	0	1
เหยิน	听到	机翻	0	1
เหยียด	拉紧	机翻	0	1
เหยียบ	踏	机翻	0	1
เหยี่ยว	鹰	机翻	0	1
เหยื่อ	受害者	机翻	0	1
เหยือก	投手	机翻	0	1
เหร่	啊？	机翻	0	1
เหรอ	真的吗？	机翻	0	1
เหล่	眯	机翻	0	1
เหล็ก	铁	机翻	0	1
เหลน	曾孙	机翻	0	1
เหล้ม	失败的	机翻	0	1
เหลว	体液	机翻	0	1
เหลอ	面无表情	机翻	0	1
เหลา	磨练	机翻	0	1
เหล่า	这些	机翻	0	1
เหล้า	酒精	机翻	0	1
เหลิง	散漫	机翻	0	1
เหลี่ยม	边缘	机翻	0	1
เหลียว	环顾四周	机翻	0	1
เหลือ	左边	机翻	0	1
เหลือก	非常	机翻	0	1
เหลือบ	一瞥	机翻	0	1
เหลือม	Python	机翻	0	1
เหลื่อม	重叠	机翻	0	1
เหว	深渊	机翻	0	1
เหวอะ	张开	机翻	0	1
เหวี่ยง	投掷	机翻	0	1
เห่อ	兴奋的	机翻	0	1
เหอะ	嘿！	机翻	0	1
เหา	虱	机翻	0	1
เห่า	吠	机翻	0	1
เหาะ	飞行	机翻	0	1
เหิน	滑行	机翻	0	1
เหิม	变得大胆	机翻	0	1
เหี้ย	该死	机翻	0	1
เหี้ยน	该死	机翻	0	1
เหี้ยม	无情	机翻	0	1
เหี่ยว	干枯	机翻	0	1
เหือด	风疹	机翻	0	1
แห	鱼网	机翻	0	1
แห่	游行	机翻	0	1
แหก	休息	机翻	0	1
แหง่	孩子	机翻	0	1
แหง่ง	我很困惑	机翻	0	1
แหงน	到场	机翻	0	1
แหน	浮萍	机翻	0	1
แหนง	牢牢	机翻	0	1
แหนบ	镊子	机翻	0	1
แหนม	酸肉	机翻	0	1
แหบ	沙哑	机翻	0	1
แหม	哦！	机翻	0	1
แหม่ม	女士	机翻	0	1
แหมะ	滴水	机翻	0	1
แหย	戏弄	机翻	0	1
แหย่	敦促	机翻	0	1
แหยง	鹌鹑	机翻	0	1
แหย่ง	休息	机翻	0	1
แหยม	侵入	机翻	0	1
แหยะ	恶心	机翻	0	1
แหล่	很多	机翻	0	1
แหลก	碎	机翻	0	1
แหล่ง	来源	机翻	0	1
แหลม	尖	机翻	0	1
แหละ	是的	机翻	0	1
แหว	哇！	机翻	0	1
แห้ว	挫折	机翻	0	1
แหวก	闯入	机翻	0	1
แหว่ง	有缺口的	机翻	0	1
แหวะ	呕吐	机翻	0	1
แหะ	哈哈	机翻	0	1
โห่	叫喊	机翻	0	1
โหด	野蛮	机翻	0	1
โหน	挂	机翻	0	1
โหนก	突出	机翻	0	1
โหม	发挥	机翻	0	1
โหม่ง	标头	机翻	0	1
โหมด	模式	机翻	0	1
โหย	渴望	机翻	0	1
โหยง	敏捷地	机翻	0	1
โหย่ง	长的	机翻	0	1
โหร	占星家	机翻	0	1
โหรง	薄薄地	机翻	0	1
โหล	打	机翻	0	1
โหล่	最终的	机翻	0	1
โหลด	加载	机翻	0	1
โหว	空洞的	机翻	0	1
โหว่	不	机翻	0	1
โหวง	轻轻	机翻	0	1
โหวด	投票	机翻	0	1
โหวต	投票	机翻	0	1
ไห	罐	机翻	0	1
ไห้	嘿！	机翻	0	1
ไหม	丝绸	机翻	0	1
ไหม้	烧伤	机翻	0	1
ไหล	流动	机翻	0	1
ไหว	我能应付	机翻	0	1
ไหว้	致敬	机翻	0	1
ฬ่อ	哇	机翻	0	1
ฬา	运动	机翻	0	1
อก	胸部	机翻	0	1
อด	饿死	机翻	0	1
อ้น	怡安	机翻	0	1
อ๊บ	哎呀！	机翻	0	1
อม	吸	机翻	0	1
อร	在	机翻	0	1
อ้วก	呕吐	机翻	0	1
อ๊วก	呕吐	机翻	0	1
อวด	繁荣	机翻	0	1
อวน	网	机翻	0	1
อ้วน	胖的	机翻	0	1
อวบ	胖乎乎的	机翻	0	1
อ่วม	变得更糟	机翻	0	1
อวย	称赞	机翻	0	1
อวล	宣传	机翻	0	1
ออ	收集	机翻	0	1
อ้อ	哦	机翻	0	1
อ๋อ	哦	机翻	0	1
อ่อง	完美地	机翻	0	1
อ๋อง	王子	机翻	0	1
ออด	门铃	机翻	0	1
อ่อน	虚弱的	机翻	0	1
อ้อน	求	机翻	0	1
อ่อม	谦逊的	机翻	0	1
อ้อม	迂回	机翻	0	1
อ่อย	饵	机翻	0	1
อ๋อย	葵	机翻	0	1
อะ	啊!	机翻	0	1
อ่ะ	啊	机翻	0	1
อ๊ะ	哎呀！	机翻	0	1
อัง	昂	机翻	0	1
อัฐ	阿特	机翻	0	1
อัฒ	看台	机翻	0	1
อัด	压缩	机翻	0	1
อั้น	憋	机翻	0	1
อั๋น	丰满	机翻	0	1
อับ	很遗憾	机翻	0	1
อั่ว	奥阿	机翻	0	1
อั๊ว	啊!	机翻	0	1
อ่า	裙子	机翻	0	1
อ้า	打开	机翻	0	1
อ่าง	下沉	机翻	0	1
อ้าง	宣称	机翻	0	1
อาด	勇敢地	机翻	0	1
อาน	鞍	机翻	0	1
อาบ	洗澡	机翻	0	1
อาม	是	机翻	0	1
อ้าย	人工智能	机翻	0	1
อาว	哦	机翻	0	1
อ่าว	湾	机翻	0	1
อ้าว	哦	机翻	0	1
อำ	掩饰	机翻	0	1
อ่ำ	黑暗的	机翻	0	1
อิง	英格	机翻	0	1
อิ้ง	英格	机翻	0	1
อิ๊ง	英格	机翻	0	1
อิฐ	砖	机翻	0	1
อิด	我不知道	机翻	0	1
อิน	在	机翻	0	1
อิส	是	机翻	0	1
อี	e	机翻	0	1
อี๊	厄	机翻	0	1
อี๋	奉承	机翻	0	1
อึ	拉屎	机翻	0	1
อึก	吞咽	机翻	0	1
อึง	嘈杂	机翻	0	1
อึ่ง	牛蛙	机翻	0	1
อึ้ง	目瞪口呆	机翻	0	1
อึด	容忍	机翻	0	1
อึน	恩	机翻	0	1
อึ๋ม	忙碌的	机翻	0	1
อืด	缓慢地	机翻	0	1
อื้น	恩	机翻	0	1
อืม	嗯	机翻	0	1
อุ้ง	小袋	机翻	0	1
อุจ	乌日	机翻	0	1
อุด	塞子	机翻	0	1
อุน	联合国	机翻	0	1
อุ้ม	携带	机翻	0	1
อุ่ย	哎呀！	机翻	0	1
อุ้ย	笨重的	机翻	0	1
อุ๊ย	哎哟!	机翻	0	1
อู่	摇篮	机翻	0	1
อู้	萦绕	机翻	0	1
อูฐ	骆驼	机翻	0	1
อู๊ด	乌德	机翻	0	1
อูม	膨胀	机翻	0	1
อูย	哦！	机翻	0	1
เอ	一个	机翻	0	1
เอ้	呃	机翻	0	1
เอก	主要的	机翻	0	1
เอ็ง	你	机翻	0	1
เอ๋ง	安恩	机翻	0	1
เอซ	高手	机翻	0	1
เอ็ด	埃德	机翻	0	1
เอน	倾斜	机翻	0	1
เอ็น	韧带	机翻	0	1
เอม	埃姆	机翻	0	1
เอ็ม	中号	机翻	0	1
เอย	哦！	机翻	0	1
เอ่ย	说	机翻	0	1
เอ้ย	天哪！	机翻	0	1
เออ	是的！	机翻	0	1
เอ้อ	出色地！	机翻	0	1
เอ๋อ	呃	机翻	0	1
เอ๊ะ	呃！	机翻	0	1
เอิบ	弥漫	机翻	0	1
เอิ่ม	呃	机翻	0	1
เอียง	斜	机翻	0	1
เอียด	微小的	机翻	0	1
เอียน	伊恩	机翻	0	1
เอี่ยม	新鲜地	机翻	0	1
เอี๊ยม	围兜	机翻	0	1
เอี่ยว	涉及	机翻	0	1
เอี้ยว	捻	机翻	0	1
เอื้อ	促进	机翻	0	1
เอื้อง	翁	机翻	0	1
เอือน	担心	机翻	0	1
เอื้อน	说出	机翻	0	1
เอือม	我厌倦了	机翻	0	1
เอื้อม	抵达	机翻	0	1
เอื่อย	缓慢地	机翻	0	1
แอ	应用程序	机翻	0	1
แอ้	埃	机翻	0	1
แอ๋	埃	机翻	0	1
แอก	轭	机翻	0	1
แอ่ง	水池	机翻	0	1
แอ่น	弯曲	机翻	0	1
แอบ	隐藏	机翻	0	1
แอ้ม	吃	机翻	0	1
แอล	L	机翻	0	1
แอ่ว	呜	机翻	0	1
แอ๊ว	惊人的	机翻	0	1
โอ	哦	机翻	0	1
โอ้	哦	机翻	0	1
โอ้ก	橡木！	机翻	0	1
โอ๊ก	橡木	机翻	0	1
โอ่ง	罐	机翻	0	1
โอฐ	燕麦	机翻	0	1
โอด	打扰一下！	机翻	0	1
โอ๊ต	燕麦	机翻	0	1
โอบ	缠绕	机翻	0	1
โอม	欧姆	机翻	0	1
โอ๊ย	哎哟!	机翻	0	1
โอ๊ะ	哦！	机翻	0	1
ไอ	咳嗽	机翻	0	1
ไอ้	混蛋	机翻	0	1
ฮวน	胡安	机翻	0	1
ฮวบ	彻底地	机翻	0	1
ฮ่อ	哇！	机翻	0	1
ฮ้อ	好的	机翻	0	1
ฮะ	哈!	机翻	0	1
ฮ่ะ	是的！	机翻	0	1
ฮัก	反复	机翻	0	1
ฮั้ว	华	机翻	0	1
ฮา	哈哈	机翻	0	1
ฮ่า	哈哈	机翻	0	1
ฮ้า	嘿！	机翻	0	1
ฮาม	火腿	机翻	0	1
ฮิต	受欢迎的	机翻	0	1
ฮี้	呸!	机翻	0	1
ฮึ	啊!	机翻	0	1
ฮึก	蓬勃	机翻	0	1
ฮึด	解决	机翻	0	1
ฮึ่ม	嗯！	机翻	0	1
ฮึย	啊!	机翻	0	1
ฮุด	兜帽	机翻	0	1
ฮุบ	吞噬	机翻	0	1
ฮู	哇！	机翻	0	1
ฮูก	猫头鹰	机翻	0	1
เฮ	嘿	机翻	0	1
เฮ้	嘿！	机翻	0	1
เฮง	幸运的	机翻	0	1
เฮ้ย	嘿！	机翻	0	1
เฮ้อ	叹	机翻	0	1
เฮีย	嘿	机翻	0	1
เฮี้ยน	闹鬼	机翻	0	1
เฮือก	重重地	机翻	0	1
แฮ้ง	饥饿的	机翻	0	1
โฮ	何	机翻	0	1
โฮก	哇！	机翻	0	1
โฮ่ง	纬	机翻	0	1
ไฮ้	你好！	机翻	0	1
็	ก	机翻	0	0
่	ฺ	机翻	0	0
้	这	机翻	0	0
๊	哦	机翻	0	0
๋	哦	机翻	0	0
๐	0	机翻	0	0
๑	1	机翻	0	0
๑๐	10	机翻	0	0
๑๑	11	机翻	0	0
๑๒	12	机翻	0	0
๑๓	13	机翻	0	0
๑๔	14	机翻	0	0
๑๕	15	机翻	0	0
๑๖	16	机翻	0	0
๑๗	17 号	机翻	0	0
๑๘	18	机翻	0	0
๑๙	19 号	机翻	0	0
๒	2	机翻	0	0
๒๐	20	机翻	0	0
๓	3	机翻	0	0
๔	4	机翻	0	0
๕	5	机翻	0	0
๕๕๕	第555章	机翻	0	0
๖	6	机翻	0	0
๗	7	机翻	0	0
๘	8	机翻	0	0
๙	9	机翻	0	0
ก	克	机翻	0	0
กกกอด	拥抱	机翻	0	0
กกุท	库特	机翻	0	0
กกุสันธ	卡库桑塔	机翻	0	0
กกุสันธะ	觉善达	机翻	0	0
กงกาง	把裤子铺开	机翻	0	0
กงการ	商业	机翻	0	0
กงเกวียน	侧手翻	机翻	0	0
กงจักร	罗厄尔	机翻	0	0
กงฉาก	角撑	机翻	0	0
กงไฉ่	酸菜	机翻	0	0
กงเต๊ก	中国葬礼	机翻	0	0
กงล้อ	车轮	机翻	0	0
กงเวียน	圆圈	机翻	0	0
กงศุล	领事	机翻	0	0
กงสี	辛迪加	机翻	0	0
กงสุล	领事	机翻	0	0
กจ	กจก	机翻	0	0
ก็ช่าง	好吧，没关系	机翻	0	0
กฎเกณฑ์	规则	机翻	0	0
กฎจราจร	交通规则	机翻	0	0
กฎทบวง	部长令	机翻	0	0
กฎบัตร	宪章	机翻	0	0
กฎหมู่	团体规则	机翻	0	0
กฐิน	凯欣仪式	机翻	0	0
กฐินทาน	卡辛​​施舍	机翻	0	0
กดกริ่ง	按响门铃	机翻	0	0
กดขี่	压抑的	机翻	0	0
กดคอ	按压颈部	机翻	0	0
กดน้ำ	苏塞	机翻	0	0
กดบัตร	记者证	机翻	0	0
กดปุ่ม	按下按钮	机翻	0	0
กดราคา	抛售	机翻	0	0
กดหัว	听写	机翻	0	0
กดออด	按门铃	机翻	0	0
ก็ดี	好的	机翻	0	0
ก็ได้	好的	机翻	0	0
กตเวทิตา	感激	机翻	0	0
กตเวที	欣赏的	机翻	0	0
กตัญญุตา	感恩	机翻	0	0
กตัญญู	感激的	机翻	0	0
ก็ตาม	反正	机翻	0	0
ก็ตามที	任何	机翻	0	0
กติกา	规则	机翻	0	0
กถา	演讲	机翻	0	0
กถามุข	介绍	机翻	0	0
กเทย	变性人	机翻	0	0
กนก	卡诺克	机翻	0	0
ก้นกบ	尾骨	机翻	0	0
ก้นกรอง	过滤器底部	机翻	0	0
ก้นกระดก	兴高采烈	机翻	0	0
ก้นกุฏิ	杂工	机翻	0	0
ก้นขบ	臀部	机翻	0	0
ก้นครัว	厨房的底部	机翻	0	0
ก้นตะกรน	渣	机翻	0	0
ก้นถุง	袋子底部	机翻	0	0
ก้นบึ้ง	深渊	机翻	0	0
ก้นปอด	臀部平坦	机翻	0	0
ก้นย้อย	屁股下垂	机翻	0	0
ก่นสร้าง	清除	机翻	0	0
ก้นหอย	螺旋	机翻	0	0
กนิษฐา	弟弟	机翻	0	0
กบฎ	反叛	机翻	0	0
กบฏ	反叛	机翻	0	0
กบด	压碎的青蛙	机翻	0	0
กบดาน	说谎	机翻	0	0
กบนา	稻田蛙	机翻	0	0
กบในกะลา	壳里的青蛙	机翻	0	0
กบไสไม้	刨床	机翻	0	0
กบเหลา	磨刀器	机翻	0	0
กบาล	头部	机翻	0	0
กปิตัน	甲必丹	机翻	0	0
กพ	二月	机翻	0	0
ก้มตัว	跪拜	机翻	0	0
กมรเตง	卡蒙腾	机翻	0	0
กมล	百合	机翻	0	0
ก้มลง	弯下腰	机翻	0	0
กมลา	卡玛拉	机翻	0	0
ก้มหน้า	熊	机翻	0	0
ก้มหัว	屈服	机翻	0	0
กรกฎ	癌症	机翻	0	0
กรกฎา	七月	机翻	0	0
กรงขัง	缺口	机翻	0	0
กรงนก	鸟笼	机翻	0	0
กรงปินัง	槟榔笼	机翻	0	0
กรงเล็บ	爪	机翻	0	0
กรณฑ์	平方根	机翻	0	0
กรณาฏกะ	卡纳塔克邦	机翻	0	0
กรณีที่	如果	机翻	0	0
กรณีย์	事务	机翻	0	0
กรณียกิจ	活动	机翻	0	0
กรดไขมัน	脂肪酸	机翻	0	0
กรดมะนาว	柠檬酸	机翻	0	0
กรบูร	樟	机翻	0	0
กรพินธุ์	科恩芬	机翻	0	0
กรมการ	商务系	机翻	0	0
กรมตำรวจ	警察局	机翻	0	0
กรมท่า	海军	机翻	0	0
กรมธรรม	佛法部	机翻	0	0
กรมธรรม์	保险	机翻	0	0
กรมประมง	渔业部	机翻	0	0
กรมพระยา	克罗帕耶	机翻	0	0
กรมยุโรป	欧洲部	机翻	0	0
กรมหมื่น	克罗姆恩	机翻	0	0
กรมหลวง	克罗姆銮	机翻	0	0
กรรเชียง	桨	机翻	0	0
กรรโชก	勒索	机翻	0	0
กรรณ	耳朵	机翻	0	0
กรรตุ	演员	机翻	0	0
กรรปุระ	甘普拉	机翻	0	0
กรรม	业力	机翻	0	0
กรรมกร	劳动	机翻	0	0
กรรมการก	委员	机翻	0	0
กรรมเก่า	旧业力	机翻	0	0
กรรมฐาน	冥想	机翻	0	0
กรรมพิธี	仪式	机翻	0	0
กรรมวาจก	被动语态	机翻	0	0
กรรมวาจา	宣言	机翻	0	0
กรรมวิธี	过程	机翻	0	0
กรรมเวร	孽障	机翻	0	0
กรรมสาร	业力	机翻	0	0
กรรมาชีพ	无产阶级	机翻	0	0
กรวดทราย	砂砾石	机翻	0	0
กรวดน้ำ	倒水	机翻	0	0
กรวยเชิง	定向锥体	机翻	0	0
กรอกแกรก	填写一下	机翻	0	0
กรอบแกรบ	破裂声	机翻	0	0
กรอบรูป	镜框	机翻	0	0
กรอบหน้า	脸框	机翻	0	0
กระจกเงา	镜子	机翻	0	0
กระจกตา	角膜	机翻	0	0
กระจกนูน	凸的	机翻	0	0
กระจกฝ้า	磨砂玻璃	机翻	0	0
กระจกรถ	汽车镜	机翻	0	0
กระจกใส	透明玻璃	机翻	0	0
กระจกหุง	彩色玻璃	机翻	0	0
กระจง	鼠鹿	机翻	0	0
กระจอก	麻雀	机翻	0	0
กระจ้อย	微不足道的	机翻	0	0
กระจะ	大概	机翻	0	0
กระจัด	分散	机翻	0	0
กระจับ	板栗	机翻	0	0
กระจ่าง	清除	机翻	0	0
กระจาด	篮子	机翻	0	0
กระจาบ	织布鸟	机翻	0	0
กระจิบ	一点点	机翻	0	0
กระจิริด	无穷小	机翻	0	0
กระจุก	簇	机翻	0	0
กระจุ๊บ	灯头	机翻	0	0
กระจุย	散架	机翻	0	0
กระจู้	克拉图	机翻	0	0
กระเจิง	散射	机翻	0	0
กระโจน	飞跃	机翻	0	0
กระโจม	亭	机翻	0	0
กระโจมไฟ	灯塔	机翻	0	0
กระโจมอก	穿裙子遮住胸部	机翻	0	0
กระฉอก	洒	机翻	0	0
กระฉ่อน	臭名昭著	机翻	0	0
กระฉิ่ง	皇家仪式遮阳伞	机翻	0	0
กระฉูด	喷	机翻	0	0
กระเฉด	含羞草	机翻	0	0
กระชอน	滤器	机翻	0	0
กระชัง	炖	机翻	0	0
กระชั้น	关闭	机翻	0	0
กระชาก	抢夺	机翻	0	0
กระชาย	克拉猜	机翻	0	0
กระชุ	箱	机翻	0	0
กระชุก	很多	机翻	0	0
กระเชอ	竹篮	机翻	0	0
กระเชา	篮子	机翻	0	0
กระเช้า	篮子	机翻	0	0
กระแชง	天篷	机翻	0	0
กระโชก	阵风	机翻	0	0
กระซับ	超级货运	机翻	0	0
กระซิบ	耳语	机翻	0	0
กระซู่	苏门答腊犀牛	机翻	0	0
กระเซ็น	飞溅	机翻	0	0
กระเซอ	笨拙	机翻	0	0
กระเซ้า	取笑	机翻	0	0
กระเซิง	蓬乱的	机翻	0	0
กระแซะ	铲	机翻	0	0
กระฎุมพี	资产阶级的	机翻	0	0
กระดก	斜	机翻	0	0
กระด้ง	打谷篮	机翻	0	0
กระดวง	圆圈	机翻	0	0
กระดอ	迪克	机翻	0	0
กระดอง	衔铁	机翻	0	0
กระดอน	反弹	机翻	0	0
กระดอม	帐篷	机翻	0	0
กระดังงา	依兰	机翻	0	0
กระดาก	胆小	机翻	0	0
กระดากใจ	尴尬的	机翻	0	0
กระด้าง	狠	机翻	0	0
กระดาด	木板	机翻	0	0
กระดานดำ	黑板	机翻	0	0
กระดานไฟ	灯板	机翻	0	0
กระดานหก	跷跷板	机翻	0	0
กระดาษไข	蜡纸	机翻	0	0
กระดาษสา	桑皮纸	机翻	0	0
กระดาษสี	彩色纸	机翻	0	0
กระดิก	摆动	机翻	0	0
กระดิ่ง	钟	机翻	0	0
กระดิบ	哇！	机翻	0	0
กระดี่	克拉迪	机翻	0	0
กระดึง	牛铃	机翻	0	0
กระดึ๊บ	突然	机翻	0	0
กระดืบ	蠕变	机翻	0	0
กระดุม	按钮	机翻	0	0
กระดูกคอ	锁骨	机翻	0	0
กระดูกงู	龙骨	机翻	0	0
กระเด้ง	弹跳	机翻	0	0
กระเด็น	反弹	机翻	0	0
กระเดาะ	点击	机翻	0	0
กระเดิด	移动	机翻	0	0
กระเดียด	有头脑的	机翻	0	0
กระเดือก	吞咽	机翻	0	0
กระแดะ	满贯	机翻	0	0
กระโดง	桅杆	机翻	0	0
กระได	梯子	机翻	0	0
กระตรุด	克拉特鲁德	机翻	0	0
กระต๊อบ	舱	机翻	0	0
กระติก	食堂	机翻	0	0
กระติบ	眨	机翻	0	0
กระตุก	肉干	机翻	0	0
กระตุ่น	竹鼠	机翻	0	0
กระตูบ	棚	机翻	0	0
กระเตง	传达	机翻	0	0
กระเต็น	翠鸟	机翻	0	0
กระแต	花栗鼠	机翻	0	0
กระโตน	扑向	机翻	0	0
กระถด	转移	机翻	0	0
กระถาง	锅	机翻	0	0
กระถิน	金合欢属	机翻	0	0
กระถึก	小松鼠	机翻	0	0
กระเถิบ	四处走动	机翻	0	0
กระโถน	便壶	机翻	0	0
กระทง	水灯节	机翻	0	0
กระทบใจ	影响心脏	机翻	0	0
กระท้อน	桑托尔	机翻	0	0
กระท่อม	小屋	机翻	0	0
กระทั่ง	直到	机翻	0	0
กระทา	鹧鸪	机翻	0	0
กระทาย	小篮子	机翻	0	0
กระทำ	行为	机翻	0	0
กระทำการ	行为	机翻	0	0
กระทิง	公牛	机翻	0	0
กระทืบ	紧缩	机翻	0	0
กระทุง	水灯节	机翻	0	0
กระทุ้ง	戳	机翻	0	0
กระทุ่ม	溅	机翻	0	0
กระทู้	话题	机翻	0	0
กระเท่	倾斜地	机翻	0	0
กระเทย	变性人	机翻	0	0
กระเทือน	起疙瘩的	机翻	0	0
กระแทก	撞	机翻	0	0
กระแทะ	大车	机翻	0	0
กระโทง	马林鱼	机翻	0	0
กระนี้	现在	机翻	0	0
กระโน้น	很久以前	机翻	0	0
กระบถ	桶	机翻	0	0
กระบวน	程序	机翻	0	0
กระบวย	杓	机翻	0	0
กระบวร	装饰	机翻	0	0
กระบอก	圆柱	机翻	0	0
กระบอกตา	眼圈	机翻	0	0
กระบอง	二十一点	机翻	0	0
กระบะ	捡起	机翻	0	0
กระบัง	遮阳板	机翻	0	0
กระบาล	颅骨	机翻	0	0
กระบิ	剥落	机翻	0	0
กระบิด	捻	机翻	0	0
กระบิล	系统	机翻	0	0
กระบี่	剑	机翻	0	0
กระบือ	水牛	机翻	0	0
กระบุง	篮子	机翻	0	0
กระเบน	射线	机翻	0	0
กระเบียด	四分之一英寸	机翻	0	0
กระปอก	罐	机翻	0	0
กระปี๋	包	机翻	0	0
กระปุก	碗	机翻	0	0
กระเปาะ	电灯泡	机翻	0	0
กระโปก	阴囊	机翻	0	0
กระผม	我	机翻	0	0
กระผีก	微不足道	机翻	0	0
กระพรวน	钟	机翻	0	0
กระพริบ	眨眼	机翻	0	0
กระพอก	锅	机翻	0	0
กระพอง	起泡	机翻	0	0
กระพัง	沼泽	机翻	0	0
กระพัน	刀枪不入	机翻	0	0
กระพี้	边材	机翻	0	0
กระพือ	扑	机翻	0	0
กระพุ้ง	凸出	机翻	0	0
กระพุ่ม	尖头	机翻	0	0
กระเพรา	罗勒	机翻	0	0
กระเพา	胃	机翻	0	0
กระแพ้ง	病竹	机翻	0	0
กระมัง	也许	机翻	0	0
กระยาง	白鹭	机翻	0	0
กระยาจก	破布	机翻	0	0
กระยาบวช	不含鱼或肉的食物	机翻	0	0
กระยาเลย	混合的	机翻	0	0
กระยาหาร	食物	机翻	0	0
กระรอก	松鼠	机翻	0	0
กระเรียน	起重机	机翻	0	0
กระไร	如何	机翻	0	0
กระลาการ	内阁	机翻	0	0
กระลาโหม	攻击	机翻	0	0
กระวาน	小豆蔻	机翻	0	0
กระษัตร	国王	机翻	0	0
กระษัตรี	国王	机翻	0	0
กระษัย	消耗性疾病	机翻	0	0
กระษาปณ์	铸币	机翻	0	0
กระสวน	图案	机翻	0	0
กระสวย	线轴	机翻	0	0
กระสอบ	解雇	机翻	0	0
กระสะ	克拉萨埃	机翻	0	0
กระสัน	系	机翻	0	0
กระสา	苍鹭	机翻	0	0
กระสาบ	皮包	机翻	0	0
กระสาย	溶剂	机翻	0	0
กระสือ	克拉苏埃	机翻	0	0
กระสุน	弹药	机翻	0	0
กระเสด	沙洲	机翻	0	0
กระเส่า	颤抖	机翻	0	0
กระเสียน	恰如其分地	机翻	0	0
กระแสง	当前的	机翻	0	0
กระแสจิต	心灵感应	机翻	0	0
กระแสตรง	华盛顿特区	机翻	0	0
กระแสทวน	逆流	机翻	0	0
กระแสน้ำ	潮汐	机翻	0	0
กระแสไฟ	电流	机翻	0	0
กระแสลม	光环	机翻	0	0
กระหนก	巨大的	机翻	0	0
กระหนาบ	三明治	机翻	0	0
กระหน่ำ	扑通	机翻	0	0
กระหมวด	类别	机翻	0	0
กระหม่อม	头	机翻	0	0
กระหมิบ	收缩	机翻	0	0
กระหย่ง	踮起脚尖	机翻	0	0
กระหย่อม	簇	机翻	0	0
กระหยะ	垃圾	机翻	0	0
กระหยิ่ม	兴高采烈	机翻	0	0
กระหรี่	妓女	机翻	0	0
กระหล่ำ	卷心菜	机翻	0	0
กระหวัด	轻弹	机翻	0	0
กระหัง	邪灵	机翻	0	0
กระหัด	我很紧张	机翻	0	0
กระหึม	回声	机翻	0	0
กระหึ่ม	繁荣	机翻	0	0
กระเหม่น	抽搐	机翻	0	0
กระเหม่า	煤烟	机翻	0	0
กระแหมบ	喘气	机翻	0	0
กระแหม่ว	拉进来	机翻	0	0
กระแหล่ง	水灯节	机翻	0	0
กระโหย	精疲力尽	机翻	0	0
กระโหย่ง	踮起脚尖	机翻	0	0
กระอวล	给出	机翻	0	0
กระอัก	吐	机翻	0	0
กระแอก	乌鸦	机翻	0	0
กระแอบ	偷偷咳嗽	机翻	0	0
กระแอม	咳嗽	机翻	0	0
กระไอ	咳嗽	机翻	0	0
กรัณฑ์	棺材	机翻	0	0
กรัณย์	义务	机翻	0	0
กราดภาพ	扫描图片	机翻	0	0
กราดวง	抓住圆圈	机翻	0	0
กรานกฐิน	卡西娜银行	机翻	0	0
กราบกราน	跪拜	机翻	0	0
กราบทูล	告诉	机翻	0	0
กราบเท้า	跪拜在脚下	机翻	0	0
กราบพระ	崇拜	机翻	0	0
กราบลา	告别	机翻	0	0
กราบไหว้	崇拜	机翻	0	0
กราฟ	图形	机翻	0	0
กราฟิก	图形	机翻	0	0
กราฟิกส์	图形	机翻	0	0
กรามช้าง	大象下巴	机翻	0	0
กราวรูด	彻底地	机翻	0	0
กรำแดด	晒斑	机翻	0	0
กริ่งใจ	怀疑	机翻	0	0
กรินทร์	卡琳	机翻	0	0
กริยา	动词	机翻	0	0
กริยาวลี	短语动词	机翻	0	0
กริวกราว	热闹地	机翻	0	0
กรี	希腊语	机翻	0	0
กรีฑา	竞技	机翻	0	0
กรีดกราด	尖叫	机翻	0	0
กรีดกราย	昂首阔步	机翻	0	0
กรีดนิ้ว	用手指做手势	机翻	0	0
กรีดร้อง	尖叫	机翻	0	0
กรี๊ดสลบ	尖叫	机翻	0	0
กรีธา	演习	机翻	0	0
กรีธาทัพ	行进	机翻	0	0
กรีธาพล	部署	机翻	0	0
กรีนพีซ	绿色和平组织	机翻	0	0
กรือโป๊ะ	克鲁波	机翻	0	0
กรุกกรัก	哗啦一声	机翻	0	0
กรุงเก่า	老城	机翻	0	0
กรุงเขมา	恭克玛	机翻	0	0
กรุงเทพ	曼谷	机翻	0	0
กรุงเทพฯ	曼谷	机翻	0	0
กรุงสยาม	暹罗宫	机翻	0	0
กรุณาคุณ	请你	机翻	0	0
กรุยกราย	风骚地	机翻	0	0
กรุยทาง	铺平道路	机翻	0	0
กเรนทร	大象	机翻	0	0
กฤดีกา	批判	机翻	0	0
กฤตยฎีกา	章程	机翻	0	0
กฤตยา	克里蒂亚	机翻	0	0
กฤติกา	行为	机翻	0	0
กฤษฎา	克里察达	机翻	0	0
กฤษฎีกา	法令	机翻	0	0
กฤษณา	伊格尔伍德	机翻	0	0
กลโกง	骗局	机翻	0	0
กลไก	机制	机翻	0	0
กลฉ้อฉล	骗局	机翻	0	0
กลบท	诡计	机翻	0	0
กลบบัตร	删除卡	机翻	0	0
กลบบาตร	盖上钵钵	机翻	0	0
กลไฟ	汽船	机翻	0	0
กลมกลึง	圆形的	机翻	0	0
กลมกลืน	和谐	机翻	0	0
กลมดิก	球形	机翻	0	0
กลมารยา	技巧	机翻	0	0
กลเม็ด	策略	机翻	0	0
กลลวง	诡计	机翻	0	0
กล้วยแขก	炸香蕉	机翻	0	0
กล้วยไข่	鸡蛋香蕉	机翻	0	0
กล้วยตาก	香蕉干	机翻	0	0
กล้วยไม้	兰花	机翻	0	0
กล้วยหอม	香蕉	机翻	0	0
กลวิธี	战略	机翻	0	0
กลศาสตร์	力学	机翻	0	0
กลอกกลับ	狡猾地	机翻	0	0
กลอกตา	转动你的眼睛	机翻	0	0
กลองแขก	泰鼓	机翻	0	0
กลองชุด	架子鼓	机翻	0	0
กล่องดำ	黑匣子	机翻	0	0
กลองตุ้ม	鼓	机翻	0	0
กลองทัด	泰德鼓	机翻	0	0
กลองเพล	鼓乐演奏	机翻	0	0
กล่องโฟม	泡沫盒	机翻	0	0
กลองยาว	长鼓	机翻	0	0
กลอนด้น	即兴诗	机翻	0	0
กลอนตลาด	市场诗	机翻	0	0
กลอนแปด	八首诗	机翻	0	0
กลอนสวด	圣歌	机翻	0	0
กลอักษร	阿克森的诡计	机翻	0	0
กลอุบาย	诡计	机翻	0	0
กลัดมัน	好色的	机翻	0	0
กลั้นใจ	屏住呼吸	机翻	0	0
กลันตัน	吉兰丹州	机翻	0	0
กลั่นตัว	缩合	机翻	0	0
กลับกลอก	狡猾	机翻	0	0
กลับกลาย	变得	机翻	0	0
กลับกัน	反之亦然	机翻	0	0
กลับคำ	收回你的话吧	机翻	0	0
กลับคืน	返回	机翻	0	0
กลับใจ	悔改	机翻	0	0
กลับด้าน	颠倒过来	机翻	0	0
กลับตัว	回转	机翻	0	0
กลับบ้าน	回家	机翻	0	0
กลับเป็น	返回到	机翻	0	0
กลับมา	返回	机翻	0	0
กลับรถ	掉头	机翻	0	0
กลับลำ	返回船上	机翻	0	0
กลับหัว	倒挂	机翻	0	0
กลัวเกรง	害怕的	机翻	0	0
กลั้วคอ	濡	机翻	0	0
กลัวใจ	我害怕我的心	机翻	0	0
กลัวผี	害怕鬼	机翻	0	0
กลัวเมีย	我害怕我的妻子	机翻	0	0
กลัวลาน	害怕院子里	机翻	0	0
กลางกรุง	在城市的中心	机翻	0	0
กลางคน	中间人	机翻	0	0
กลางคัน	半	机翻	0	0
กลางแจ้ง	户外的	机翻	0	0
กลางช้าง	大象的中间	机翻	0	0
กลางดิน	在地面的中间	机翻	0	0
กลางดึก	深夜	机翻	0	0
กลางแดด	在阳光下	机翻	0	0
กลางทาง	路中间	机翻	0	0
กลางบ้าน	在房子的中间	机翻	0	0
กลางปี	年中	机翻	0	0
กลางแปลง	户外的	机翻	0	0
กลางเวหา	半空中	机翻	0	0
กลางหาว	在半空中	机翻	0	0
กลาบาต	流星	机翻	0	0
กล้าไม้	幼苗	机翻	0	0
กลายสี	变色	机翻	0	0
กล่าวขาน	说	机翻	0	0
กล่าวคือ	也就是说	机翻	0	0
กล่าวตอบ	回答	机翻	0	0
กล่าวโต้	反驳	机翻	0	0
กล่าวโทษ	控	机翻	0	0
กล่าวย้ำ	重复	机翻	0	0
กลาสโกว์	格拉斯哥	机翻	0	0
กลาโหม	防御	机翻	0	0
กล้ำกราย	攻击	机翻	0	0
กล้ำกลืน	压制	机翻	0	0
กลิ่นคาว	鱼腥味	机翻	0	0
กลิ่นตัว	体臭	机翻	0	0
กลิ่นหอม	香	机翻	0	0
กลิ่นอับ	霉味	机翻	0	0
กลิ่นอาย	光环	机翻	0	0
กลิ่นไอ	蒸汽的气味	机翻	0	0
กลีบดอก	花瓣	机翻	0	0
กลีบตา	眼花瓣	机翻	0	0
กลีบบัว	莲花花瓣	机翻	0	0
กลีบหิน	花瓣石	机翻	0	0
กลียุค	动荡	机翻	0	0
กลืนกัน	混合在一起	机翻	0	0
กลุ้มใจ	惨淡	机翻	0	0
กลุ่มชน	一群人	机翻	0	0
กลุ่มดาว	星座	机翻	0	0
กลุ้มรุม	蜂群	机翻	0	0
กลูโคส	葡萄糖	机翻	0	0
กวดขัน	严格的	机翻	0	0
กวดวิชา	教程	机翻	0	0
กวนใจ	转移	机翻	0	0
กวนเมือง	扰乱城市	机翻	0	0
กวนโอ๊ย	恼人的	机翻	0	0
กวยจั๊บ	盖伊·贾普	机翻	0	0
ก๋วยจั๊บ	粿贾	机翻	0	0
กวยจี๊	盖吉	机翻	0	0
กวะกวัก	信号	机翻	0	0
กวะแกว่ง	挥舞	机翻	0	0
กวักมือ	招手	机翻	0	0
กวัดไกว	摇摆	机翻	0	0
กวางตุ้ง	广东话	机翻	0	0
กวางทอง	金鹿	机翻	0	0
กวางผา	鹿	机翻	0	0
กวางมูส	驼鹿	机翻	0	0
กวาดต้อน	一群	机翻	0	0
กวาดตา	环顾四周	机翻	0	0
กวาดล้าง	清除	机翻	0	0
กวี	诗人	机翻	0	0
กษัตร	国王	机翻	0	0
กษัตรา	国王	机翻	0	0
กษัตริย์	国王	机翻	0	0
กษัตรี	国王	机翻	0	0
กษัตรีย์	国王	机翻	0	0
กษาปณ์	薄荷	机翻	0	0
กษีร	卡西拉	机翻	0	0
กษีระ	卡西拉	机翻	0	0
กษีรามพุ	卡斯兰普	机翻	0	0
กษีรารณพ	卡西拉诺普	机翻	0	0
กส	กสส	机翻	0	0
กสิ	农业	机翻	0	0
กสิกร	泰华农民	机翻	0	0
กสิกรรม	农业	机翻	0	0
กห	国防部	机翻	0	0
ก๊อกแตก	水龙头坏了	机翻	0	0
ก๊อกน้ำ	轻敲	机翻	0	0
ก่อกรรม	犯罪	机翻	0	0
ก่อกวน	打扰	机翻	0	0
ก่อการ	发起人	机翻	0	0
ก่อกู้	建立贷款	机翻	0	0
ก่อเกิด	生	机翻	0	0
กองกลาง	中场	机翻	0	0
กองกำลัง	军队	机翻	0	0
กองกูณฑ์	篝火	机翻	0	0
กองเกิน	预备役部队	机翻	0	0
กองข้าว	堆	机翻	0	0
กองโจร	游击队	机翻	0	0
กองทหาร	部队	机翻	0	0
กองทัพ	军队	机翻	0	0
กองทัพบก	泰国皇家陆军	机翻	0	0
กองทัพมด	行军蚁	机翻	0	0
กองบุญ	功绩基金	机翻	0	0
กองปราบ	镇压罪案科	机翻	0	0
กองพล	分配	机翻	0	0
กองพัน	营	机翻	0	0
กองฟอน	火的残骸	机翻	0	0
กองไฟ	篝火	机翻	0	0
กองมรดก	财产	机翻	0	0
กองร้อย	公司	机翻	0	0
กองเรือ	舰队	机翻	0	0
กองหนุน	预订	机翻	0	0
กองหลัง	后卫	机翻	0	0
กอฎี	卡迪	机翻	0	0
กอดก่าย	拥抱	机翻	0	0
กอดจูบ	拥抱亲吻	机翻	0	0
กอดรัด	抚摸	机翻	0	0
กอดอก	双臂交叉于胸前	机翻	0	0
ก่อตั้ง	成立	机翻	0	0
ก่อตัว	形成的	机翻	0	0
ก้อนกรวด	鹅卵石	机翻	0	0
ก้อนดิน	粘土块	机翻	0	0
ก่อนที่	前	机翻	0	0
ก่อนเวลา	提前	机翻	0	0
ก้อนเส้า	一块用作炉灶的石头	机翻	0	0
ก่อนหน้า	以前的	机翻	0	0
ก้อนหิน	岩石	机翻	0	0
ก้อนอิฐ	砖	机翻	0	0
ก่อนอื่น	首先	机翻	0	0
กอบกู้	打捞	机翻	0	0
กอบโกย	抓住	机翻	0	0
ก๊อบปี้	复制	机翻	0	0
กอบมือ	携手	机翻	0	0
ก็อป	复制	机翻	0	0
กอปร	赋予的	机翻	0	0
ก่อปัญหา	作祟	机翻	0	0
ก่อไฟ	生火	机翻	0	0
ก้อร่อ	姿势	机翻	0	0
กอริลลา	大猩猩	机翻	0	0
ก่อฤกษ์	奠定基石	机翻	0	0
กอล์ฟ	高尔夫球	机翻	0	0
กอลลัม	咕噜	机翻	0	0
กอหญ้า	草	机翻	0	0
ก่อหวอด	酿造	机翻	0	0
ก่อเหตุ	原因	机翻	0	0
ก่ออิฐ	石工	机翻	0	0
กอเอี๊ยะ	艾亚岛	机翻	0	0
กะเกณฑ์	迫使	机翻	0	0
กะจั๊ว	卡吉瓦	机翻	0	0
กะชะ	驮包	机翻	0	0
กะแช่	托迪	机翻	0	0
กะซวก	刀	机翻	0	0
กะดี	卡迪	机翻	0	0
กะดี่	杠杆	机翻	0	0
กะเดี๋ยว	一会儿	机翻	0	0
กะได	梯子	机翻	0	0
กะตุด	卡图	机翻	0	0
กะโถน	洗手间	机翻	0	0
กะทง	饼子	机翻	0	0
กะทะ	平底锅	机翻	0	0
กะท่าง	水灯节	机翻	0	0
กะทิ	椰奶	机翻	0	0
กะทู้	卡图	机翻	0	0
กะเทย	跨性别	机翻	0	0
กะเทาะ	饼干	机翻	0	0
กะบัง	隔膜	机翻	0	0
กะบังลม	隔膜	机翻	0	0
กะบิล	团体	机翻	0	0
กะปริบ	眨	机翻	0	0
กะปิ	虾酱	机翻	0	0
กะปูด	卡普德	机翻	0	0
กะโปโล	幼稚	机翻	0	0
กะเผลก	跛脚的	机翻	0	0
กะพง	鲈鱼	机翻	0	0
กะพงสวาย	卡蓬萨瓦伊	机翻	0	0
กะพริบ	眨眼	机翻	0	0
กะพริบตา	眨	机翻	0	0
กะพรุน	海蜇	机翻	0	0
กะพ้อ	水管	机翻	0	0
กะเพรา	甜罗勒	机翻	0	0
กะเม็ง	卡蒙	机翻	0	0
กะรัง	珊瑚	机翻	0	0
กะรัต	克拉	机翻	0	0
กะริง	戒指	机翻	0	0
กะรุน	刚玉	机翻	0	0
กะเรียน	学习班	机翻	0	0
กะลวย	羽	机翻	0	0
กะลอจี๊	卡洛吉	机翻	0	0
กะล่อน	油嘴滑舌	机翻	0	0
กะละมัง	盆地	机翻	0	0
กะละแม	焦糖	机翻	0	0
กะลา	椰子壳	机翻	0	0
กะลาสี	水手	机翻	0	0
กะลาหัว	贝壳头	机翻	0	0
กะลาโหม	攻击	机翻	0	0
กะโล่	托皮	机翻	0	0
กะหมอก	多雾路段	机翻	0	0
กะหร่อง	瘦弱	机翻	0	0
กะหรี่	咖喱	机翻	0	0
กะหลาป๋า	卷心菜	机翻	0	0
กะหล่ำ	菜花	机翻	0	0
กะหำ	睾丸	机翻	0	0
กะโหลก	颅骨	机翻	0	0
กะไหล่	镀金	机翻	0	0
กะออม	水壶	机翻	0	0
กะเอว	腰部	机翻	0	0
กะแอ	嘉惠	机翻	0	0
กักเก็บ	店铺	机翻	0	0
กักขฬะ	粗野	机翻	0	0
กักคุม	扣留	机翻	0	0
กักด่าน	被隔离	机翻	0	0
กังก้า	表明要战斗到底	机翻	0	0
กังขา	持怀疑态度的	机翻	0	0
กังฉิน	不诚实	机翻	0	0
กังฟู	功夫	机翻	0	0
กังวาน	充满活力的	机翻	0	0
กังสดาล	康萨丹	机翻	0	0
กังไส	关西	机翻	0	0
กังหัน	涡轮	机翻	0	0
กังหันลม	风车	机翻	0	0
กัจฉะ	腋窝	机翻	0	0
กัญชา	大麻	机翻	0	0
กัญญา	大麻	机翻	0	0
กัณฑ์	讲道	机翻	0	0
กัณหธรรม	邪道	机翻	0	0
กัดกร่อน	侵蚀	机翻	0	0
กัดป่า	野咬	机翻	0	0
กัดฟัน	咬紧牙关	机翻	0	0
กัดลาก	拖拽	机翻	0	0
กัดวาง	咬并粘贴	机翻	0	0
กัตติกา	昴	机翻	0	0
กั้นกาง	阻碍	机翻	0	0
กันชน	保险杠	机翻	0	0
กันชิง	反清	机翻	0	0
กันเชอ	坎切	机翻	0	0
กันแซง	防止超车	机翻	0	0
กันดาร	饥荒	机翻	0	0
กันดาล	干丹	机翻	0	0
กันแดด	防晒	机翻	0	0
กันได	防水的	机翻	0	0
กันต์	坎	机翻	0	0
กันตรึม	坎特鲁姆	机翻	0	0
กันไตร	三防	机翻	0	0
กันท่า	警惕姿势	机翻	0	0
กันที่	我们一起去吧	机翻	0	0
กันแทรก	抗干扰	机翻	0	0
กันนฑะ	卡南达	机翻	0	0
กันน้ำ	防水的	机翻	0	0
กั้นบัง	盾	机翻	0	0
กั้นแบ่ง	划分	机翻	0	0
กันผม	保护你的头发	机翻	0	0
กันฝน	防雨	机翻	0	0
กันพิรุณ	防雨	机翻	0	0
กันย์	处女座	机翻	0	0
กันยา	九月	机翻	0	0
กั้นรั้ว	栅栏	机翻	0	0
กันสนิม	防锈	机翻	0	0
กันสาด	棚	机翻	0	0
กันแสง	光保护	机翻	0	0
กับแกล้ม	零食	机翻	0	0
กับข้าว	小菜	机翻	0	0
กับดัก	陷阱	机翻	0	0
กัปตัน	队长	机翻	0	0
กัปปีย์	卡比	机翻	0	0
กัมปนาท	大声	机翻	0	0
กัมประโด	坎帕多	机翻	0	0
กัมพูชา	柬埔寨	机翻	0	0
กัมโพชา	柬埔寨	机翻	0	0
กัลบก	卡尔博克	机翻	0	0
กัลป์	永恒	机翻	0	0
กัลปนา	奉献	机翻	0	0
กัลปังหา	珊瑚	机翻	0	0
กัลยา	加拉亚	机翻	0	0
กัลยาณี	美女	机翻	0	0
กัศมีร์	克什米尔	机翻	0	0
กัสสป	喘气	机翻	0	0
กัสสปะ	迦叶	机翻	0	0
กากกะรุน	金刚砂	机翻	0	0
กากขยาก	残留物	机翻	0	0
กากข้าว	与精米混合的稻谷	机翻	0	0
กากคติ	神秘	机翻	0	0
กากเดน	渣	机翻	0	0
กากบาท	叉	机翻	0	0
กากเพชร	金刚砂	机翻	0	0
กากรุน	金刚砂	机翻	0	0
กากหมู	噼啪作响	机翻	0	0
กากะทิง	椰子罐	机翻	0	0
กากะเยีย	棕榈叶书架	机翻	0	0
ก๋ากั่น	傲慢	机翻	0	0
กากาแฟ	咖啡壶	机翻	0	0
กากี	卡其色	机翻	0	0
กางของ	展开事情	机翻	0	0
กางเขน	叉	机翻	0	0
กางแขน	张开双臂	机翻	0	0
ก้างปลา	鱼刺	机翻	0	0
กางปีก	张开你的翅膀	机翻	0	0
กางมุ้ง	设置蚊帐	机翻	0	0
กางร่ม	打开雨伞	机翻	0	0
กาชาด	红十字会	机翻	0	0
ก๊าซพิษ	毒气	机翻	0	0
กาซ่า	加沙	机翻	0	0
กาญจน	坎恰纳	机翻	0	0
กาญจนา	坎恰纳	机翻	0	0
กาฐมาณฑุ	加德满都	机翻	0	0
กาตาร์	卡塔尔	机翻	0	0
ก้านขด	坎科特	机翻	0	0
ก้านคอ	颈背	机翻	0	0
ก้านดอก	花茎	机翻	0	0
กานต์	坎	机翻	0	0
ก้านตอง	船的圆形餐边柜	机翻	0	0
กานท์	坎	机翻	0	0
ก้านธูป	香	机翻	0	0
ก้านบัว	脚链手链	机翻	0	0
ก้านใบ	叶柄	机翻	0	0
กานพลู	丁香	机翻	0	0
ก้านแย่ง	茎	机翻	0	0
ก้านสมอง	脑干	机翻	0	0
กานา	加纳	机翻	0	0
กาน้ำ	锅	机翻	0	0
กาบกล้วย	香蕉皮	机翻	0	0
กาบเขียง	绿色的椰子壳	机翻	0	0
กาบปูเล	槟榔叶制成的小托盘	机翻	0	0
กาบอง	加蓬	机翻	0	0
กาบู	拱形瓦	机翻	0	0
กาฝาก	寄生虫	机翻	0	0
กาพย์	诗	机翻	0	0
กาฟักไข่	乌鸦孵化蛋	机翻	0	0
กาเฟอีน	咖啡因	机翻	0	0
กาแฟเย็น	冰咖啡	机翻	0	0
กาแฟร้อน	热咖啡	机翻	0	0
กาแฟสด	新鲜咖啡	机翻	0	0
ก้ามกราม	颚	机翻	0	0
กามกรีฑา	多情运动	机翻	0	0
กามกิจ	性交	机翻	0	0
กามคุณ	肉欲	机翻	0	0
กามฉันท์	肉欲	机翻	0	0
ก้ามดาบ	招潮蟹	机翻	0	0
กามตัณหา	肉欲	机翻	0	0
กามเทพ	丘比特	机翻	0	0
ก้ามปู	爪	机翻	0	0
กามภพ	肉欲的地方	机翻	0	0
กามราคะ	欲望	机翻	0	0
กามโรค	性病	机翻	0	0
กามวิตก	感性思想	机翻	0	0
กามา	卡马	机翻	0	0
กามาพจร	性快感的世界	机翻	0	0
กามามิศ	欲望	机翻	0	0
กามารมณ์	肉欲	机翻	0	0
กามาวจร	性快感的世界	机翻	0	0
กามิศ	充满性欲	机翻	0	0
กาเมลัน	加麦兰	机翻	0	0
กายกรรม	有氧运动	机翻	0	0
ก่ายกอง	很多	机翻	0	0
ก่ายขา	抖腿	机翻	0	0
กายภาพ	身体的	机翻	0	0
กายอานา	圭亚那	机翻	0	0
กายาพยพ	身体部分	机翻	0	0
กาเยน	琥珀色	机翻	0	0
การก	规定	机翻	0	0
การกด	紧迫	机翻	0	0
การกดดัน	压力	机翻	0	0
การกบฏ	叛乱	机翻	0	0
การกรอก	填写	机翻	0	0
การกระทำ	行动	机翻	0	0
การกราบ	顶礼	机翻	0	0
การกลบ	覆盖	机翻	0	0
การกลาย	成为	机翻	0	0
การกลิ้ง	滚动	机翻	0	0
การกลึง	车削	机翻	0	0
การกลืน	吞咽	机翻	0	0
การกวด	追逐	机翻	0	0
การกวน	搅拌	机翻	0	0
การกวาด	扫地	机翻	0	0
การกอด	拥抱	机翻	0	0
การกะ	转移	机翻	0	0
การกัด	咬	机翻	0	0
การกัน	保护	机翻	0	0
การกำ	紧握	机翻	0	0
การกำราบ	征服	机翻	0	0
การกำหนด	指定	机翻	0	0
การกิน	吃	机翻	0	0
การกินใจ	吃掉你的心	机翻	0	0
การกีฬา	运动的	机翻	0	0
การกุศล	慈善事业	机翻	0	0
การกู้	贷款	机翻	0	0
การเกณฑ์	招聘	机翻	0	0
การเก็บ	收藏	机翻	0	0
การเกรง	害怕	机翻	0	0
การเกาะ	执着	机翻	0	0
การเกิด	出生	机翻	0	0
การแกล้ง	戏弄	机翻	0	0
การแกว่ง	振荡	机翻	0	0
การโกง	作弊	机翻	0	0
การโกหก	说谎	机翻	0	0
การขบคิด	沉思	机翻	0	0
การขบฉัน	咀嚼	机翻	0	0
การขโมย	偷窃	机翻	0	0
การขยับ	转移	机翻	0	0
การขว้าง	投掷	机翻	0	0
การขอ	要求	机翻	0	0
การขอทาน	乞讨	机翻	0	0
การขัด	抛光	机翻	0	0
การขัน	收紧	机翻	0	0
การขับ	驾驶	机翻	0	0
การขาน	呼叫	机翻	0	0
การข้าม	穿越	机翻	0	0
การขำ	笑	机翻	0	0
การขี่	骑术	机翻	0	0
การขี้	拉屎	机翻	0	0
การขุด	矿业	机翻	0	0
การขู่	威胁	机翻	0	0
การขูด	刮痧	机翻	0	0
การแข่ง	竞赛	机翻	0	0
การแขวน	绞刑	机翻	0	0
การไข่	产卵	机翻	0	0
การคด	歪	机翻	0	0
การคดโกง	腐败	机翻	0	0
การคน	搅拌	机翻	0	0
การค้น	搜索	机翻	0	0
การค้นพบ	发现	机翻	0	0
การคบ	约会	机翻	0	0
การคบค้า	协会	机翻	0	0
การครอบ	覆盖	机翻	0	0
การครัว	烹饪	机翻	0	0
การคร่า	杀戮	机翻	0	0
การครูด	划伤	机翻	0	0
การคลอด	出生	机翻	0	0
การคลัง	金融	机翻	0	0
การคลาน	爬行	机翻	0	0
การควง	摇摆	机翻	0	0
การควบ	控制	机翻	0	0
การควั่น	搁浅	机翻	0	0
การควาน	摸索	机翻	0	0
การคว้าน	无聊的	机翻	0	0
การคอย	等待	机翻	0	0
การคั่ง	拥塞	机翻	0	0
การคั่น	分离	机翻	0	0
การค้า	贸易	机翻	0	0
การคาด	预估	机翻	0	0
การค้าน	异议	机翻	0	0
การคาย	随地吐痰	机翻	0	0
การคืน	返回	机翻	0	0
การคุ	烹饪	机翻	0	0
การคุม	控制	机翻	0	0
การคุย	说	机翻	0	0
การคูณ	乘法	机翻	0	0
การเคหะ	住房	机翻	0	0
การเคารพ	尊重	机翻	0	0
การแคะหู	挖耳朵	机翻	0	0
การโค้ง	弯曲	机翻	0	0
การฆ่า	杀戮	机翻	0	0
การงด	弃权	机翻	0	0
การงัด	杠杆作用	机翻	0	0
การงาน	工作	机翻	0	0
การเงิน	金融	机翻	0	0
การจด	记录	机翻	0	0
การจบเห่	结局	机翻	0	0
การจร	旅行	机翻	0	0
การจราจร	交通	机翻	0	0
การจลาจล	暴动	机翻	0	0
การจ้อง	凝视	机翻	0	0
การจัด	安排	机翻	0	0
การจัดหา	采购	机翻	0	0
การจับ	捕捉	机翻	0	0
การจ่าย	付费	机翻	0	0
การจารึก	题词	机翻	0	0
การจำกัด	限制	机翻	0	0
การจิก	啄食	机翻	0	0
การจี้	发痒	机翻	0	0
การจีบ	调情	机翻	0	0
การจุ	容量	机翻	0	0
การจูบ	接吻	机翻	0	0
การเจน	鉴别	机翻	0	0
การเจริญ	生长	机翻	0	0
การเจอ	会议	机翻	0	0
การเจาะ	渗透	机翻	0	0
การเจียน	磨削	机翻	0	0
การแจง	说明	机翻	0	0
การแจ้ง	通知	机翻	0	0
การโจมตี	攻击	机翻	0	0
การฉกชิง	盗窃	机翻	0	0
การฉลอง	庆典	机翻	0	0
การฉ้อฉล	欺诈罪	机翻	0	0
การฉัน	我	机翻	0	0
การฉาย	投影	机翻	0	0
การฉีก	撕裂	机翻	0	0
การเฉลย	答案	机翻	0	0
การเฉือน	削减	机翻	0	0
การแฉ	接触	机翻	0	0
การชกมวย	拳击	机翻	0	0
การชง	酿造	机翻	0	0
การชงชา	泡茶	机翻	0	0
การชน	碰撞	机翻	0	0
การชนะ	获胜	机翻	0	0
การชอบ	喜欢	机翻	0	0
การชะ	洗脱	机翻	0	0
การชะงัก	停止	机翻	0	0
การชะลอ	延迟	机翻	0	0
การชัก	发作	机翻	0	0
การชักใย	操纵	机翻	0	0
การชั่ง	称重	机翻	0	0
การช่าง	工程	机翻	0	0
การชำระ	支付	机翻	0	0
การชำรุด	损害	机翻	0	0
การชิง	竞赛	机翻	0	0
การเช่า	出租	机翻	0	0
การเชิญ	邀请函	机翻	0	0
การแช่	浸泡	机翻	0	0
การใช้	用法	机翻	0	0
การใช้บน	使用于	机翻	0	0
การใช้ใบ	使用叶子	机翻	0	0
การซ่อน	隐藏	机翻	0	0
การซ้อน	堆叠	机翻	0	0
การซ่อม	维修	机翻	0	0
การซ้อม	排演	机翻	0	0
การซ้ำ	重复	机翻	0	0
การซึม	渗漏	机翻	0	0
การซุ่ม	伏击	机翻	0	0
การแซะ	气刨	机翻	0	0
การณ์	情况	机翻	0	0
การ์ด	卡片	机翻	0	0
การดม	嗅探	机翻	0	0
การดอง	酸洗	机翻	0	0
การดัดผม	卷发	机翻	0	0
การดำรง	维持	机翻	0	0
การดำริ	倡议	机翻	0	0
การดื่ม	喝	机翻	0	0
การดู	观看	机翻	0	0
การดูงาน	观看作品	机翻	0	0
การเดิน	步行	机翻	0	0
การได้	得到	机翻	0	0
การตกงาน	失业	机翻	0	0
การตกทอด	遗产	机翻	0	0
การตกปลา	钓鱼	机翻	0	0
การต้ม	沸腾	机翻	0	0
การต่อ	联系	机翻	0	0
การตอก	冲压	机翻	0	0
การต่อย	冲孔	机翻	0	0
การตะโกน	喊叫	机翻	0	0
การตะแบง	斗争	机翻	0	0
การตัก	舀取	机翻	0	0
การตาม	下列的	机翻	0	0
การตาย	死亡	机翻	0	0
การติ	批评	机翻	0	0
การติ่ง	息肉	机翻	0	0
การติดไฟ	点火	机翻	0	0
การเต้า	哺乳	机翻	0	0
การไต่	攀登	机翻	0	0
การถนอม	保存	机翻	0	0
การถม	填充	机翻	0	0
การถลอก	摩擦	机翻	0	0
การถ่วง	配重	机翻	0	0
การถวาย	奉献	机翻	0	0
การถอด	去除	机翻	0	0
การถอย	撤退	机翻	0	0
การถาก	削削	机翻	0	0
การถาง	清算	机翻	0	0
การถีบ	踩踏板	机翻	0	0
การถู	擦	机翻	0	0
การแถ	说	机翻	0	0
การไถ	耕作	机翻	0	0
การไถ่	赎回	机翻	0	0
การทด	测试	机翻	0	0
การทดแทน	替代	机翻	0	0
การทดรอง	进步	机翻	0	0
การทดสอบ	测试	机翻	0	0
การทรมาน	酷刑	机翻	0	0
การทราบ	会心	机翻	0	0
การทรุด	沉降	机翻	0	0
การทวง	要求	机翻	0	0
การทหาร	军队	机翻	0	0
การทอ	编织	机翻	0	0
การท่อง	冲浪	机翻	0	0
การทอน	改变	机翻	0	0
การทา	正在申请	机翻	0	0
การท้า	挑战	机翻	0	0
การทาน	吃	机翻	0	0
การทาสี	绘画	机翻	0	0
การทำ	正在做	机翻	0	0
การทำดี	做好事	机翻	0	0
การทำตาม	下列的	机翻	0	0
การทำบาป	罪	机翻	0	0
การทำผิด	不当行为	机翻	0	0
การทำยา	制药	机翻	0	0
การทำศพ	葬礼	机翻	0	0
การทำศึก	战争	机翻	0	0
การทูต	外交	机翻	0	0
การเท	浇注	机翻	0	0
การเทศน์	讲道	机翻	0	0
การเทศนา	讲道	机翻	0	0
การเทียบ	比较	机翻	0	0
การแท้ง	流产	机翻	0	0
การแทรก	插入	机翻	0	0
การโทรม	衰变	机翻	0	0
การธำรง	维护	机翻	0	0
การนฤพาน	纳鲁瓦纳	机翻	0	0
การนวด	按摩	机翻	0	0
การนั่ง	坐着	机翻	0	0
การนัด	预约	机翻	0	0
การนับ	计数	机翻	0	0
การนำ	领导	机翻	0	0
การนำทาง	导航	机翻	0	0
การนินทา	闲话	机翻	0	0
การนิมิต	想象	机翻	0	0
การแนะนำ	介绍	机翻	0	0
การโน้ม	倾斜	机翻	0	0
การบงการ	操纵	机翻	0	0
การบ่ม	养护	机翻	0	0
การบรรทม	睡眠	机翻	0	0
การบวก	添加	机翻	0	0
การบวช	按立	机翻	0	0
การบ่อน	赌博	机翻	0	0
การบังคม	胁迫	机翻	0	0
การบัญชา	命令	机翻	0	0
การบัญชี	会计	机翻	0	0
การบาน	盛开	机翻	0	0
การบิน	航空	机翻	0	0
การบูชา	崇拜	机翻	0	0
การบูร	樟	机翻	0	0
การเบิก	提款	机翻	0	0
การแบ่ง	分配	机翻	0	0
การปรับ	调整	机翻	0	0
การปรากฏ	外貌	机翻	0	0
การปลูก	种植	机翻	0	0
การป่วย	生病了	机翻	0	0
การป้อง	保护	机翻	0	0
การปะทะ	冲突	机翻	0	0
การปั่น	纺纱	机翻	0	0
การปั้น	成型	机翻	0	0
การเปิด	开幕	机翻	0	0
การแป้ก	开裂	机翻	0	0
การแปร	转型	机翻	0	0
การแปรง	刷牙	机翻	0	0
การโปรย	散射	机翻	0	0
การไป	去	机翻	0	0
การผงก	点头	机翻	0	0
การผงะ	让人大吃一惊	机翻	0	0
การผดุง	维持	机翻	0	0
การผนวก	吞并	机翻	0	0
การผนวช	按立	机翻	0	0
การผลัก	推动	机翻	0	0
การผลิ	生产	机翻	0	0
การผสาน	合并	机翻	0	0
การผ่อน	分期付款	机翻	0	0
การผ่า	解剖	机翻	0	0
การผาย	放屁	机翻	0	0
การผูก	装订	机翻	0	0
การเผย	揭示	机翻	0	0
การเผา	燃烧	机翻	0	0
การเผาศพ	火葬	机翻	0	0
การฝังศพ	葬礼	机翻	0	0
การฝาก	订金	机翻	0	0
การฝีมือ	工艺	机翻	0	0
การฝืน	强迫	机翻	0	0
การเฝ้า	观看	机翻	0	0
การใฝ่หา	追求	机翻	0	0
การพ่น	喷涂	机翻	0	0
การพนม	投降	机翻	0	0
การพนัน	赌博	机翻	0	0
การพบ	寻找	机翻	0	0
การพบกัน	会议	机翻	0	0
การพร่อง	消耗	机翻	0	0
การพลิก	翻转	机翻	0	0
การพลี	牺牲	机翻	0	0
การพ่วง	拖带	机翻	0	0
การพักรบ	休战	机翻	0	0
การพับ	折叠式的	机翻	0	0
การพา	采取	机翻	0	0
การพินิจ	考试	机翻	0	0
การพิพาท	争议	机翻	0	0
การพิโรธ	愤怒	机翻	0	0
การพุ่ง	弓箭步	机翻	0	0
การเพ่ง	重点	机翻	0	0
การเพ้อ	谵妄	机翻	0	0
การเพาะ	栽培	机翻	0	0
การเพิ่ม	添加	机翻	0	0
การแพทย์	医疗的	机翻	0	0
การแพ้ยา	药物过敏	机翻	0	0
การแพร่	扩散	机翻	0	0
การฟัก	孵化	机翻	0	0
การไฟฟ้า	电力局	机翻	0	0
การมองบน	抬头看	机翻	0	0
การมั่ว	混合	机翻	0	0
การมา	未来	机翻	0	0
การมาถึง	到达	机翻	0	0
การมี	拥有	机翻	0	0
การโมโห	生气	机翻	0	0
การยก	起重	机翻	0	0
การยอ	崇拜	机翻	0	0
การย่อ	缩写	机翻	0	0
การยัด	馅	机翻	0	0
การย่าง	烧烤	机翻	0	0
การยาตรา	药物	机翻	0	0
การย้าย	移动	机翻	0	0
การย่ำ	跺脚	机翻	0	0
การย้ำ	重复	机翻	0	0
การยิน	听力	机翻	0	0
การยิ้ม	微笑	机翻	0	0
การยืน	常设	机翻	0	0
การยื่น	归档	机翻	0	0
การยืม	借款	机翻	0	0
การยุติ	终止	机翻	0	0
การเยือน	访问	机翻	0	0
การโยน	投掷	机翻	0	0
การรด	浇水	机翻	0	0
การรถไฟ	铁路	机翻	0	0
การร่วง	落下	机翻	0	0
การรอ	等待	机翻	0	0
การรอคอย	等待	机翻	0	0
การร้อง	歌唱	机翻	0	0
การรอด	生存	机翻	0	0
การร่อน	滑翔	机翻	0	0
การระงับ	暂停	机翻	0	0
การระลึก	纪念	机翻	0	0
การระเหย	蒸发	机翻	0	0
การรัก	去爱	机翻	0	0
การรำพึง	冥想	机翻	0	0
การรำลึก	纪念	机翻	0	0
การรีดไถ	勒索	机翻	0	0
การรื้อ	拆解	机翻	0	0
การรุก	罪行	机翻	0	0
การรู้	会心	机翻	0	0
การเร้า	刺激	机翻	0	0
การเริ่ม	开始	机翻	0	0
การเรียง	安排	机翻	0	0
การเรียน	学习	机翻	0	0
การเรือน	家居	机翻	0	0
การลงขัน	参与	机翻	0	0
การลงแขก	轮奸	机翻	0	0
การลงมือ	采取行动	机翻	0	0
การลงแรง	劳动	机翻	0	0
การล่ม	碰撞	机翻	0	0
การล้ม	坠落	机翻	0	0
การล่มจม	坍塌	机翻	0	0
การล่อ	诱惑	机翻	0	0
การล้อ	戏弄	机翻	0	0
การล้อม	围城	机翻	0	0
การละ	离开	机翻	0	0
การละคร	戏剧	机翻	0	0
การละลาย	解散	机翻	0	0
การละอาย	耻辱	机翻	0	0
การลัก	偷窃	机翻	0	0
การลั่น	声音	机翻	0	0
การลา	离开	机翻	0	0
การล่า	打猎	机翻	0	0
การลาก	拖	机翻	0	0
การลืม	遗忘	机翻	0	0
การลุก	起床	机翻	0	0
การลูบ	抚摸	机翻	0	0
การเล่น	玩	机翻	0	0
การเลิก	分手	机翻	0	0
การวน	骑自行车	机翻	0	0
การวิ่ง	跑步	机翻	0	0
การวิวาท	争吵	机翻	0	0
การเวก	醒来	机翻	0	0
การเวทนา	同情	机翻	0	0
การศึก	战争	机翻	0	0
การส่ง	发送	机翻	0	0
การสงวน	预订	机翻	0	0
การสงสาร	遗憾	机翻	0	0
การสนใจ	注意力	机翻	0	0
การสนทนา	对话	机翻	0	0
การสนอง	回复	机翻	0	0
การสบถ	脏话	机翻	0	0
การสมสู่	意识	机翻	0	0
การสมาคม	协会	机翻	0	0
การสยิว	他妈的	机翻	0	0
การสรง	沐浴	机翻	0	0
การสร้าง	创建	机翻	0	0
การสละ	放弃	机翻	0	0
การสลัก	雕刻	机翻	0	0
การสลัด	沙拉	机翻	0	0
การสลับ	交换	机翻	0	0
การสวด	祷告	机翻	0	0
การสวม	穿着	机翻	0	0
การส่อง	发现	机翻	0	0
การสอน	教学	机翻	0	0
การสอย	服用	机翻	0	0
การสะดุด	绊倒	机翻	0	0
การสัก	纹身	机翻	0	0
การสัญจร	交通	机翻	0	0
การสัญญา	承诺	机翻	0	0
การสั่น	摇晃	机翻	0	0
การสาธิต	演示	机翻	0	0
การสาน	编织	机翻	0	0
การสาบาน	脏话	机翻	0	0
การส่าย	摇晃	机翻	0	0
การสำคัญ	重要的	机翻	0	0
การสำนึก	实现	机翻	0	0
การสำรอง	预订	机翻	0	0
การสำลัก	窒息	机翻	0	0
การสิง	拥有	机翻	0	0
การสี	铣削	机翻	0	0
การสู้	斗争	机翻	0	0
การสู่ขอ	请求	机翻	0	0
การสูด	吸入	机翻	0	0
การสูบ	吸烟	机翻	0	0
การเสก	召唤	机翻	0	0
การเสด็จ	陛下	机翻	0	0
การเสย	折腾	机翻	0	0
การเสร่อ	戏弄	机翻	0	0
การเสือก	爱管闲事	机翻	0	0
การแสดง	表现	机翻	0	0
การใส่ไฟ	点火	机翻	0	0
การหด	收缩	机翻	0	0
การหมดไฟ	倦怠	机翻	0	0
การหมั้น	订婚	机翻	0	0
การหมุน	旋转	机翻	0	0
การหยอด	滴注	机翻	0	0
การหย่า	离婚	机翻	0	0
การหล่อ	铸件	机翻	0	0
การหลอก	欺骗	机翻	0	0
การหลอม	融化	机翻	0	0
การหลีก	回避	机翻	0	0
การหว่าน	播种	机翻	0	0
การหวีด	哨	机翻	0	0
การหักเห	折射	机翻	0	0
การหา	寻找	机翻	0	0
การหาม	携带	机翻	0	0
การห้าม	禁止	机翻	0	0
การหายใจ	呼吸	机翻	0	0
การหารือ	讨论	机翻	0	0
การหุง	烹饪	机翻	0	0
การหุ้ม	包层	机翻	0	0
การเห็น	看到	机翻	0	0
การเหาะ	飞行	机翻	0	0
การแห่	游行	机翻	0	0
การโหยหา	向往	机翻	0	0
การให้	给予	机翻	0	0
การไหว้	崇拜	机翻	0	0
การอด	禁食	机翻	0	0
การอภัย	饶恕	机翻	0	0
การอม	吸吮	机翻	0	0
การอยู่	活的	机翻	0	0
การอ้วก	呕吐	机翻	0	0
การอวสาน	结局	机翻	0	0
การออก	发行	机翻	0	0
การออม	储蓄	机翻	0	0
การอำนวย	协助	机翻	0	0
การอำลา	告别	机翻	0	0
การอุ้ม	携带	机翻	0	0
การโอน	转移	机翻	0	0
การฮั้ว	喧嚣	机翻	0	0
การะเกด	卡拉克	机翻	0	0
การะเวก	卡拉瓦克	机翻	0	0
การัณย์	活动	机翻	0	0
การันต์	正字法	机翻	0	0
การุญ	仁	机翻	0	0
การุณย์	同情	机翻	0	0
กาเรียน	学习	机翻	0	0
กาลกิณี	苦难	机翻	0	0
กาลเทศะ	环境	机翻	0	0
กาลนาน	许久	机翻	0	0
กาลเวลา	时间	机翻	0	0
กาละเทศะ	时间	机翻	0	0
กาละแม	焦糖	机翻	0	0
กาลักน้ำ	虹吸管	机翻	0	0
กาลิเซีย	加利西亚	机翻	0	0
กาลี	卡利语	机翻	0	0
กาแล็กซี	星系	机翻	0	0
ก้าวก่าย	侵入	机翻	0	0
ก้าวไกล	走远	机翻	0	0
กาวใจ	把心粘起来	机翻	0	0
ก้าวย่าง	迈出一步	机翻	0	0
ก้าวล่วง	进步	机翻	0	0
กาเวียน	卡维安	机翻	0	0
กาษา	手工编织布	机翻	0	0
กาสิโน	赌场	机翻	0	0
กาหลง	卡朗	机翻	0	0
กาไหล่	镀	机翻	0	0
กาฬปักษี	小儿惊风	机翻	0	0
กาฬโรค	瘟疫	机翻	0	0
กาฬวาต	飓风	机翻	0	0
กาฮัง	犀鸟	机翻	0	0
กำกัด	限制	机翻	0	0
ก้ำกึ่ง	势均力敌	机翻	0	0
กำเกียง	不相容	机翻	0	0
กำจร	发射	机翻	0	0
กำชับ	责成	机翻	0	0
กำซาบ	穿透	机翻	0	0
กำซำ	握紧的	机翻	0	0
กำด้น	颈背	机翻	0	0
กำดัด	青少年	机翻	0	0
กำเดา	鼻衄	机翻	0	0
กำเดาะ	青春的	机翻	0	0
กำตัด	隔断	机翻	0	0
กำถั่ว	范丹	机翻	0	0
กำทวน	叫嚣	机翻	0	0
กำธร	咆哮	机翻	0	0
กำนัน	村长	机翻	0	0
กำนัล	礼物	机翻	0	0
กำเนิด	出生	机翻	0	0
กำบัง	庇护所	机翻	0	0
กำบัด	拂去	机翻	0	0
กำปงฉนัง	甘榜查朗	机翻	0	0
กำปงชนาง	磅清扬省	机翻	0	0
กำปงสวาย	甘榜斯威	机翻	0	0
กำปั่น	船	机翻	0	0
กำปั้น	拳头	机翻	0	0
กำพด	贡布	机翻	0	0
กำพต	箭	机翻	0	0
กำพร้า	成为孤儿	机翻	0	0
กำพราก	竹棍	机翻	0	0
กำพืด	祖先	机翻	0	0
กำเพลิง	燧发枪	机翻	0	0
กำแพง	墙	机翻	0	0
กำแพ้ง	病竹	机翻	0	0
กำมพฤกษ์	坎普鲁克	机翻	0	0
กำมะถัน	硫磺	机翻	0	0
กำมะลอ	虚假	机翻	0	0
กำมะหยี	天鹅绒	机翻	0	0
กำมะหยี่	天鹅绒	机翻	0	0
กำมือ	少数	机翻	0	0
กำยาน	乳香	机翻	0	0
กำยำ	弹跳	机翻	0	0
กำราก	根	机翻	0	0
กำราบ	征服	机翻	0	0
กำลังงาน	劳动力	机翻	0	0
กำลังใจ	动机	机翻	0	0
กำลังดี	很好	机翻	0	0
กำลังม้า	惠普	机翻	0	0
กำสรวล	哀叹	机翻	0	0
กำเสาะ	衰弱的	机翻	0	0
กำหนดใจ	下定决心	机翻	0	0
กำหนัด	欲望	机翻	0	0
กำหมัด	拳头	机翻	0	0
กำหราก	大象在发情期	机翻	0	0
กำเหน็จ	报酬	机翻	0	0
กำแหง	兵变	机翻	0	0
กิ๊กก๊อก	基科克	机翻	0	0
กิกะไบต์	技嘉	机翻	0	0
กิ่งก้อย	微不足道	机翻	0	0
กิ่งก้าน	分支	机翻	0	0
กิ้งกือ	千足虫	机翻	0	0
กิจจา	故事	机翻	0	0
กิจธุระ	商业	机翻	0	0
กิดาหยัน	皇家页面	机翻	0	0
กิตติ	基蒂	机翻	0	0
กิตติคุณ	福音	机翻	0	0
กินกริบ	贪污	机翻	0	0
กินกัน	网	机翻	0	0
กินกำไร	吃利润	机翻	0	0
กินกำลัง	吃能量	机翻	0	0
กินแกลบ	吃稻壳	机翻	0	0
กินขวา	吃得对	机翻	0	0
กินขาด	变得优越	机翻	0	0
กินข้าว	吃米饭	机翻	0	0
กินความ	吃真话	机翻	0	0
กินเครา	吃个胡子	机翻	0	0
กินเจ	吃素	机翻	0	0
กินแจ	吃点零食	机翻	0	0
กินใจ	记住	机翻	0	0
กินช้อน	用勺子吃	机翻	0	0
กินชัน	吃查纳	机翻	0	0
กินซ้าย	向左倾斜	机翻	0	0
กินดอก	获得兴趣	机翻	0	0
กินดอง	婚礼	机翻	0	0
กินดาย	我正在吃它	机翻	0	0
กินเด็ก	吃孩子	机翻	0	0
กินตับ	吃肝脏	机翻	0	0
กินตา	吃掉你的眼睛	机翻	0	0
กินโต๊ะ	困扰	机翻	0	0
กินแถว	所有的	机翻	0	0
กินทาง	按你的方式吃	机翻	0	0
กินที่	吃在	机翻	0	0
กินนร	人头鸟	机翻	0	0
กินนรรำ	边吃边跳舞	机翻	0	0
กินนอน	居民	机翻	0	0
กินใน	吃在	机翻	0	0
กินบวช	吃戒	机翻	0	0
กินบวบ	吃西葫芦	机翻	0	0
กินปลิง	吃水蛭	机翻	0	0
กินเปล่า	吃它没什么用	机翻	0	0
กินผัว	给丈夫带来死亡	机翻	0	0
กินมือ	用手吃饭	机翻	0	0
กินเมีย	吃老婆	机翻	0	0
กินเมือง	吃掉这座城市	机翻	0	0
กินรวบ	收集	机翻	0	0
กินรี	金纳里	机翻	0	0
กินรูป	吃东西的图片	机翻	0	0
กินแรง	费劲	机翻	0	0
กินลม	呼吸空气	机翻	0	0
กินเวลา	吃饭时间	机翻	0	0
กินส้อม	用叉子吃饭	机翻	0	0
กินสั่ง	按订单吃饭	机翻	0	0
กินสำรับ	吃一组食物	机翻	0	0
กินเส้น	青睐	机翻	0	0
กินหญ้า	吃草	机翻	0	0
กินแหนง	怀疑	机翻	0	0
กินี	几内亚	机翻	0	0
กิฟุ	岐阜	机翻	0	0
กิมจิ	泡菜	机翻	0	0
กิโมโน	和服	机翻	0	0
กิโยตีน	断头台	机翻	0	0
กิริณี	母象	机翻	0	0
กิริยา	行为	机翻	0	0
กิเลน	麒麟	机翻	0	0
กิเลส	热情	机翻	0	0
กิโลฯ	公里	机翻	0	0
กิโลกรัม	千克	机翻	0	0
กิโลบิต	千比特	机翻	0	0
กิโลไบต์	千字节	机翻	0	0
กิโลมกะ	筋膜	机翻	0	0
กิโลเมตร	公里	机翻	0	0
กิโลลิตร	千升	机翻	0	0
กีฏ	基塔	机翻	0	0
กีฏวิทยา	昆虫学	机翻	0	0
กีดกั้น	特拉梅尔	机翻	0	0
กีดขวาง	阻碍	机翻	0	0
กีตาร์	吉他	机翻	0	0
กีโต	基多	机翻	0	0
กี่ทอผ้า	织布机	机翻	0	0
กีบแรด	犀牛蹄	机翻	0	0
กี่เพ้า	旗袍	机翻	0	0
กี่โมง	什么时候？	机翻	0	0
กีวี	猕猴桃	机翻	0	0
กีฬา	运动	机翻	0	0
กึกก้อง	强调地	机翻	0	0
กึกกัก	突然	机翻	0	0
กึกกือ	极好的	机翻	0	0
กึ่งกลาง	中心	机翻	0	0
กึ่งโลหะ	半金属	机翻	0	0
กือราเซา	库拉索岛	机翻	0	0
กุกกัก	困难地	机翻	0	0
กุ๊กกิ๊ก	叮叮当当	机翻	0	0
กุ้งดีด	克兰贡	机翻	0	0
กุ้งเต้น	跳舞虾	机翻	0	0
กุ้งนาง	小龙虾	机翻	0	0
กุ้งฟัด	去皮虾干	机翻	0	0
กุ้งยิง	麦粒肿	机翻	0	0
กุ้งหลวง	巨型淡水虾	机翻	0	0
กุ้งแห้ง	干虾	机翻	0	0
กุญแจกล	密码锁	机翻	0	0
กุญแจซอล	溶胶键	机翻	0	0
กุญแจผี	密钥	机翻	0	0
กุญแจมือ	枷锁	机翻	0	0
กุญชร	昆琼	机翻	0	0
กุฎี	古迪	机翻	0	0
กุฎุมพี	亿万富翁	机翻	0	0
กุฏฐัง	王冠	机翻	0	0
กุฏิ	小隔间	机翻	0	0
กุณฑล	耳环	机翻	0	0
กุณฑี	水壶	机翻	0	0
กุณโฑ	高脚杯	机翻	0	0
กุดัง	仓库	机翻	0	0
กุดั่น	九段	机翻	0	0
กุทัณฑ์	蝴蝶结	机翻	0	0
กุนเชียง	香肠	机翻	0	0
กุนซือ	顾问	机翻	0	0
กุนศก	贡索	机翻	0	0
กุบกับ	和	机翻	0	0
กุมขมับ	握住你的太阳穴	机翻	0	0
กุมฝอย	垃圾	机翻	0	0
กุมภ	投手	机翻	0	0
กุมภ์	水瓶座	机翻	0	0
กุมภัณฑ์	食人魔	机翻	0	0
กุมภา	二月	机翻	0	0
กุมมะ	群马	机翻	0	0
กุมมือ	牵手	机翻	0	0
กุมเหง	欺负	机翻	0	0
กุมอำนาจ	保持力量	机翻	0	0
กุมาร	孩子	机翻	0	0
กุมารี	库玛丽	机翻	0	0
กุยช่าย	韭菜	机翻	0	0
กุยเฮง	中式夹克	机翻	0	0
กุเรื่อง	编个故事	机翻	0	0
กุลธิดา	好女儿	机翻	0	0
กุลบดี	库尔博迪	机翻	0	0
กุลบุตร	好儿子	机翻	0	0
กุลพันธ์	昆拉潘	机翻	0	0
กุลสตรี	女士	机翻	0	0
กุลา	库拉	机翻	0	0
กุลาตีอก	库拉提奥克	机翻	0	0
กุลี	苦力	机翻	0	0
กุลีกุจอ	匆忙	机翻	0	0
กุศราช	库萨拉贾	机翻	0	0
กุศล	慈善事业	机翻	0	0
กุศลกรรม	慈善事业	机翻	0	0
กุศลจิต	慈善事业	机翻	0	0
กุหนี	我逃跑了	机翻	0	0
กุหลาบ	玫瑰	机翻	0	0
กูเกิล	谷歌	机翻	0	0
กู้เงิน	借钱	机翻	0	0
กู่ฉิน	古琴	机翻	0	0
กู้ชาติ	救国	机翻	0	0
กูปรี	库普里	机翻	0	0
กู้ภัย	救援	机翻	0	0
กูรมะ	龟	机翻	0	0
กูรำ	羚羊	机翻	0	0
กูรี	居里	机翻	0	0
กู้เรือ	打捞一艘船	机翻	0	0
กูลั่น	我喊道	机翻	0	0
กูว์รี	柯里	机翻	0	0
กู้หน้า	保全面子	机翻	0	0
เก๊กซิม	假装模拟	机翻	0	0
เก๊กหน้า	招摇	机翻	0	0
เก๊กฮวย	菊花	机翻	0	0
เก้กัง	尴尬地	机翻	0	0
เก๋ไก๋	别致的	机翻	0	0
เก่งกล้า	勇敢的	机翻	0	0
เก้งก้าง	粗俗的	机翻	0	0
เก่งกาจ	聪明的	机翻	0	0
เก๋งพั้ง	宿舍	机翻	0	0
เกจ์	测量	机翻	0	0
เกจิ	专家	机翻	0	0
เกชา	格莎	机翻	0	0
เกณฑ์หัด	招募	机翻	0	0
เก็ต	得到	机翻	0	0
เกตุ	海王星	机翻	0	0
เก็บกด	抑	机翻	0	0
เก็บกวาด	清理	机翻	0	0
เก็บกิน	留着吃	机翻	0	0
เก็บความ	保守秘密	机翻	0	0
เก็บงาน	收集工作	机翻	0	0
เก็บงำ	保持安静	机翻	0	0
เก็บเงิน	省钱	机翻	0	0
เก็บตก	拾取	机翻	0	0
เก็บตุน	囤货	机翻	0	0
เก็บผม	捡起头发	机翻	0	0
เก็บเล็ม	收集	机翻	0	0
เก็บเล่ม	藏书	机翻	0	0
เก็บสี	收集颜色	机翻	0	0
เกมโชว์	游戏节目	机翻	0	0
เกมส์	游戏	机翻	0	0
เกย์	同性恋	机翻	0	0
เกย์ควีน	同性恋女王	机翻	0	0
เกย์คิง	同性恋王	机翻	0	0
เกรงกลัว	害怕的	机翻	0	0
เกรงขาม	害怕	机翻	0	0
เกรดเอ	A级	机翻	0	0
เกรเนดา	格林纳达	机翻	0	0
เกรปฟรุต	柚子	机翻	0	0
เกรปฟรูต	柚子	机翻	0	0
เกรละ	喀拉拉邦	机翻	0	0
เกรวี	肉汁	机翻	0	0
เกเร	不羁	机翻	0	0
เกล็ดปลา	鱼鳞	机翻	0	0
เกลศ	釉	机翻	0	0
เกล้าผม	把头发盘起来	机翻	0	0
เกลือกรด	酸式盐	机翻	0	0
เกลือแกง	食盐	机翻	0	0
เกลือจืด	石膏	机翻	0	0
เกลือแร่	矿物盐	机翻	0	0
เกลือหิน	岩盐	机翻	0	0
เกศา	头发	机翻	0	0
เกษตร	农业	机翻	0	0
เกษียน	补充	机翻	0	0
เกษียร	牛奶	机翻	0	0
เกสร	花粉	机翻	0	0
เก้อเขิน	尴尬的	机翻	0	0
เกอดะฮ์	吉打州	机翻	0	0
เกอว	吉奥	机翻	0	0
เกอิชา	艺妓	机翻	0	0
เกะกะ	大致	机翻	0	0
เก๋ากี้	枸杞	机翻	0	0
เก๋ากึ๊ก	很旧	机翻	0	0
เก่าแก่	古老的	机翻	0	0
เก๋าเจ้ง	高正	机翻	0	0
เกาต์	痛风	机翻	0	0
เกาทัณฑ์	箭	机翻	0	0
เกาลัด	板栗	机翻	0	0
เกาลิน	高岭土	机翻	0	0
เกาหลี	韩国	机翻	0	0
เกาหี	抓阴部	机翻	0	0
เกาเหลา	韩国人	机翻	0	0
เกาะกุม	坚持，稍等	机翻	0	0
เกาะแกะ	咬	机翻	0	0
เกาะติด	坚持	机翻	0	0
เกาะเล็ก	小岛	机翻	0	0
เกิดเหตุ	发生了事件	机翻	0	0
เกินกว่า	超过	机翻	0	0
เกินการ	超过	机翻	0	0
เกินแกง	超越咖喱	机翻	0	0
เกินขนาด	过量	机翻	0	0
เกินคน	比人还多	机翻	0	0
เกินควร	过分	机翻	0	0
เกินคาด	超出预期	机翻	0	0
เกินงาม	无理地	机翻	0	0
เกินดี	太好了	机翻	0	0
เกินตัว	超越	机翻	0	0
เกินไป	也	机翻	0	0
เกินหน้า	越界	机翻	0	0
เกียดกัน	转移	机翻	0	0
เกียรติ	荣誉	机翻	0	0
เกียรติ์	荣誉	机翻	0	0
เกียวโต	京都	机翻	0	0
เกี๊ยะ	阻塞	机翻	0	0
เกือกแตะ	马蹄铁	机翻	0	0
เกือกม้า	马蹄铁	机翻	0	0
เกือบตาย	差一点就死了	机翻	0	0
แก่กล้า	擅长	机翻	0	0
แก้ขัด	忍受	机翻	0	0
แก้คดี	破案	机翻	0	0
แก้แค้น	复仇	机翻	0	0
แก็ง	刚	机翻	0	0
แกงขม	苦咖喱	机翻	0	0
แก๊งค์	帮派	机翻	0	0
แกงได	标记	机翻	0	0
แกงไตปลา	咖喱鱼	机翻	0	0
แกงบวด	汤咖喱	机翻	0	0
แกงป่า	丛林咖喱	机翻	0	0
แกงเผ็ด	咖喱	机翻	0	0
แก่งแย่ง	为之奋斗	机翻	0	0
แกงร้อน	热咖喱	机翻	0	0
แกงเลียง	康亮	机翻	0	0
แกงส้ม	酸汤	机翻	0	0
แกโซลีน	汽油	机翻	0	0
แก่เฒ่า	晚年	机翻	0	0
แกดเจ็ต	小工具	机翻	0	0
แก่แดด	早熟	机翻	0	0
แก่ตัว	变老	机翻	0	0
แก้ตัว	原谅	机翻	0	0
แก้ที	请修复它	机翻	0	0
แก้โทษ	道歉	机翻	0	0
แกนกลาง	核	机翻	0	0
แก่นแก้ว	淘气	机翻	0	0
แกนนำ	领导者	机翻	0	0
แกนโลก	地球轴	机翻	0	0
แก่นสาร	国粹	机翻	0	0
แก้บน	许下誓言	机翻	0	0
แก้ปัญหา	解决问题	机翻	0	0
แก้ผ้า	裸体	机翻	0	0
แก้เผ็ด	复仇	机翻	0	0
แก่ไฟ	到火里	机翻	0	0
แก้มตอบ	奇克回复了	机翻	0	0
แกมเบีย	冈比亚	机翻	0	0
แกมมา	伽玛	机翻	0	0
แก้มือ	复仇	机翻	0	0
แกรด	毕业	机翻	0	0
แกร็น	萎缩的	机翻	0	0
แกรนิต	花岗岩	机翻	0	0
แกรฟีน	石墨烯	机翻	0	0
แกรไฟต์	石墨	机翻	0	0
แกลลอน	加仑	机翻	0	0
แกลเลียม	镓	机翻	0	0
แก้ลำ	报复	机翻	0	0
แกแล	尤莱	机翻	0	0
แกว่งไกว	摇摆	机翻	0	0
แก้วตา	角膜	机翻	0	0
แก้วน้ำ	玻璃	机翻	0	0
แก้วผลึก	水晶	机翻	0	0
แก้วมรกต	翡翠玻璃	机翻	0	0
แก้วไวน์	酒杯	机翻	0	0
แก้วหู	鼓膜	机翻	0	0
แก่วัด	去寺庙	机翻	0	0
แก่วิชา	进入主题	机翻	0	0
แก้หน้า	修复你的脸	机翻	0	0
แกะดำ	害群之马	机翻	0	0
แกะตอน	未包装	机翻	0	0
แกะรอย	痕迹	机翻	0	0
แกะสลัก	雕刻的	机翻	0	0
โกกเกก	违法	机翻	0	0
โก้เก๋	云杉	机翻	0	0
โกโก้	可可	机翻	0	0
โกงกาง	红树	机翻	0	0
โกงโก้	欺骗	机翻	0	0
โก้งโค้ง	哈腰	机翻	0	0
โกงเงิน	偷钱	机翻	0	0
โก่งราคา	过度充电	机翻	0	0
โกฏิ	最高点	机翻	0	0
โกณฑัญญ	康达尼亚	机翻	0	0
โกณฑัญญะ	康达尼亚	机翻	0	0
โกดัง	仓库	机翻	0	0
โกนาคมน	科纳克蒙	机翻	0	0
โกนาคมนะ	科纳孔	机翻	0	0
โกเมน	石榴石	机翻	0	0
โกยท้อง	按摩腹部	机翻	0	0
โกรกไกร	裂缝	机翻	0	0
โกรกธาร	峡谷	机翻	0	0
โกรกหวัด	冷峡	机翻	0	0
โกรต๋น	我很生气	机翻	0	0
โกรธขึ้ง	愤怒	机翻	0	0
โกรธแค้น	生气的	机翻	0	0
โกรธจัด	很生气	机翻	0	0
โกโรโกโส	破烂的	机翻	0	0
โกลาหล	混乱	机翻	0	0
โกสน	科森	机翻	0	0
โกสินทร์	科辛	机翻	0	0
โกสุม	科苏姆	机翻	0	0
โกหก	说谎	机翻	0	0
โกหกพกลม	躺在风中	机翻	0	0
โกหร่าน	古兰经	机翻	0	0
โก้หรู	优雅的	机翻	0	0
โกหวา	科瓦	机翻	0	0
ใกล้ชิด	特写	机翻	0	0
ใกล้ฝั่ง	近岸	机翻	0	0
ไก่กา	乌鸦	机翻	0	0
ไก่เขี่ย	蜿蜒的	机翻	0	0
ไก่งวง	火鸡	机翻	0	0
ไก่แจ้	矮脚鸡	机翻	0	0
ไก่ชน	斗鸡	机翻	0	0
ไก่ตอน	阉鸡	机翻	0	0
ไก่ทอด	炸鸡	机翻	0	0
ไก่นา	穆尔亨	机翻	0	0
ไก่บ้าน	家鸡	机翻	0	0
ไก่ป่า	原鸡	机翻	0	0
ไกปืน	扳机	机翻	0	0
ไก่ฟ้า	野鸡	机翻	0	0
ไก่ย่าง	烤鸡	机翻	0	0
ไกลโข	离这很远	机翻	0	0
ไกลตา	看不见	机翻	0	0
ไกลโพ้น	离这很远	机翻	0	0
ไกลลิบ	离这很远	机翻	0	0
ไก่โห่	黎明	机翻	0	0
ไก่อ่อน	新手	机翻	0	0
ไก่อู	凯宇	机翻	0	0
ข	乙	机翻	0	0
ขก	กก	机翻	0	0
ขงจื๊อ	孔子	机翻	0	0
ขงเบ้ง	诸葛亮	机翻	0	0
ขจร	发出	机翻	0	0
ขจอก	太紧	机翻	0	0
ขจัด	排除	机翻	0	0
ขจัดขจาย	传播到周围	机翻	0	0
ขจัดคราบ	去除污渍	机翻	0	0
ขจาย	扩散	机翻	0	0
ขจิต	润	机翻	0	0
ขจิริด	小	机翻	0	0
ขจี	绿化	机翻	0	0
ขจุย	被驱散	机翻	0	0
ขจุยขจาย	疏散	机翻	0	0
ขณะ	尽管	机翻	0	0
ขณะนั้น	当时	机翻	0	0
ขณะนี้	现在	机翻	0	0
ขดงอ	卷曲的	机翻	0	0
ขดตัว	蜷缩	机翻	0	0
ขดลวด	线圈	机翻	0	0
ขดาน	尺寸	机翻	0	0
ขตอย	科伊语	机翻	0	0
ขนแกะ	羊毛	机翻	0	0
ขนไก่	鸡毛	机翻	0	0
ขนของ	携带东西	机翻	0	0
ขนคิ้ว	眉毛	机翻	0	0
ข้นแค้น	贫困	机翻	0	0
ขนง	运输	机翻	0	0
ขนด	尺寸	机翻	0	0
ขนตา	睫毛	机翻	0	0
ขนถ่าย	装卸	机翻	0	0
ขนนก	羽毛	机翻	0	0
ขนบ	传统	机翻	0	0
ขนพอง	怒不可遏	机翻	0	0
ขนเพชร	公共头发	机翻	0	0
ขนมเข่ง	卡农庆	机翻	0	0
ขนมครก	卡农克罗克	机翻	0	0
ขนมเค้ก	蛋糕	机翻	0	0
ขนมจาก	甜点来自	机翻	0	0
ขนมจีน	卡农吉恩	机翻	0	0
ขนมจีบ	饺子	机翻	0	0
ขนมชั้น	卡农莱	机翻	0	0
ขนมตะโก้	章鱼零食	机翻	0	0
ขนมไทย	泰式甜点	机翻	0	0
ขนมผิง	烘焙零食	机翻	0	0
ขนมรังนก	燕窝糖	机翻	0	0
ขนมหวาน	甜点	机翻	0	0
ขนแมว	点	机翻	0	0
ขนรักแร้	腋毛	机翻	0	0
ขนลุกซู่	起鸡皮疙瘩	机翻	0	0
ขนหยอง	鹌鹑	机翻	0	0
ขนอง	在后面	机翻	0	0
ขนอบ	烘焙食品	机翻	0	0
ขนอ่อน	绒毛	机翻	0	0
ขนอุย	向下	机翻	0	0
ขนัด	小的	机翻	0	0
ขนัน	路障	机翻	0	0
ขนาง	腿	机翻	0	0
ขนาดที่	尺寸	机翻	0	0
ขนาดย่อม	小型	机翻	0	0
ขนาดเล็ก	小型	机翻	0	0
ขนาดใหญ่	大尺寸	机翻	0	0
ขนาน	平行线	机翻	0	0
ขนานนาม	配音	机翻	0	0
ขนานน้ำ	与水平行	机翻	0	0
ขนานลี่	并行地	机翻	0	0
ขนานใหญ่	在很大程度上	机翻	0	0
ขนาบ	侧翼	机翻	0	0
ขนาย	扩张	机翻	0	0
ขนิษฐ	弟弟	机翻	0	0
ขนิษฐา	妹妹	机翻	0	0
ขนุน	菠萝蜜	机翻	0	0
ขบกัด	咬	机翻	0	0
ขบขัน	漫画	机翻	0	0
ขบเคี้ยว	紧缩	机翻	0	0
ขบฉัน	嚼	机翻	0	0
ขบถ	反叛	机翻	0	0
ขบปัญหา	处理	机翻	0	0
ขบเผาะ	青春期	机翻	0	0
ขบไม่แตก	无法解决问题	机翻	0	0
ขบวน	游行	机翻	0	0
ขบวนการ	移动	机翻	0	0
ขบวนรถ	护航	机翻	0	0
ขบวนรถไฟ	火车	机翻	0	0
ขบวนแห่	游行	机翻	0	0
ขบวร	踏板	机翻	0	0
ขบูร	哈布尔	机翻	0	0
ขพุง	腹部	机翻	0	0
ข่มขวัญ	恐吓	机翻	0	0
ข่มขี่	破坏	机翻	0	0
ขมขื่น	苦的	机翻	0	0
ข่มขืน	强奸	机翻	0	0
ข่มขู่	威吓	机翻	0	0
ข่มจิต	克制心灵	机翻	0	0
ข่มตา	闭上眼睛	机翻	0	0
ข่มท้อง	抑制怀孕	机翻	0	0
ข่มนาม	侮辱雕像中的敌人	机翻	0	0
ขมวด	皱眉	机翻	0	0
ขมวดคิ้ว	皱眉	机翻	0	0
ขมวดปม	打结	机翻	0	0
ขมวดผม	把头发扎起来	机翻	0	0
ข่มหมู	威吓	机翻	0	0
ข่มเหง	迫害	机翻	0	0
ขมอง	苦的	机翻	0	0
ขม่อม	王冠	机翻	0	0
ขมัง	准确	机翻	0	0
ขมับ	寺庙	机翻	0	0
ขมา	对不起	机翻	0	0
ขม้ำ	苦乐参半	机翻	0	0
ขมิ้น	姜黄	机翻	0	0
ขมุ	克穆	机翻	0	0
ขโมย	偷	机翻	0	0
ขยม	严肃的	机翻	0	0
ขยว	兄弟	机翻	0	0
ขย้อน	干呕	机翻	0	0
ขยะแขยง	恶心	机翻	0	0
ขยะสังคม	社会垃圾	机翻	0	0
ขยับ	移动	机翻	0	0
ขยาด	放大	机翻	0	0
ขยายผล	展开结果	机翻	0	0
ขยายวง	扩大你的圈子	机翻	0	0
ขยายสาขา	拓展分支机构	机翻	0	0
ขย้ำ	打伤	机翻	0	0
ขยิบ	眨眼	机翻	0	0
ขยี้	压碎	机翻	0	0
ขยุกขยิก	沙哑的	机翻	0	0
ขโยง	系绳	机翻	0	0
ขรรม	废话	机翻	0	0
ขรุขระ	粗糙的	机翻	0	0
ขลุกขลิก	小的	机翻	0	0
ขลุ่ยอู้	哦笛子	机翻	0	0
ขวดนม	婴儿奶瓶	机翻	0	0
ขวัญแขวน	胆寒	机翻	0	0
ขวัญใจ	亲爱的	机翻	0	0
ขวัญดี	精神好	机翻	0	0
ขวัญตา	美丽的景色	机翻	0	0
ขวัญเสีย	士气低落	机翻	0	0
ขวัญหนี	害怕	机翻	0	0
ขวัญหาย	害怕的	机翻	0	0
ขวัญอ่อน	紧张的	机翻	0	0
ขวากหนาม	蒂恩	机翻	0	0
ขว้างกา	把乌鸦扔出去	机翻	0	0
ขวางเชิง	阻碍	机翻	0	0
ขวางทาง	拦路	机翻	0	0
ขว้างปา	投掷	机翻	0	0
ขวางโลก	反常的	机翻	0	0
ขวางหน้า	在前	机翻	0	0
ขวาจัด	极右	机翻	0	0
ขวานฟ้า	天斧	机翻	0	0
ขวามือ	右手	机翻	0	0
ขวายขวน	搜索	机翻	0	0
ข้อกติกา	规则	机翻	0	0
ข้อกังขา	怀疑	机翻	0	0
ข้อแก้ไข	更正	机翻	0	0
ขอขมา	请求原谅	机翻	0	0
ข้อเขียน	书面	机翻	0	0
ข้อไข	解决方案	机翻	0	0
ข้อครหา	丑闻	机翻	0	0
ข้อคิด	想法	机翻	0	0
ของกลาง	中心项目	机翻	0	0
ของกอง	堆的	机翻	0	0
ของกำนัล	礼物	机翻	0	0
ของกิน	食物	机翻	0	0
ของขลัง	护符	机翻	0	0
ของขึ้น	事情已经发生了	机翻	0	0
ของแข็ง	坚硬的	机翻	0	0
ของค้าง	优秀项目	机翻	0	0
ของคาว	盘子	机翻	0	0
ของเค็ม	咸的东西	机翻	0	0
ของเคียง	配菜	机翻	0	0
ของจริง	真实的事情	机翻	0	0
ของแจก	送	机翻	0	0
ของโจร	赃物	机翻	0	0
ข้องใจ	使困惑	机翻	0	0
ของชำ	杂货店	机翻	0	0
ของใช้	项目	机翻	0	0
ของดี	好东西	机翻	0	0
ของต่ำ	低级的东西	机翻	0	0
ของถวาย	供品	机翻	0	0
ของเทียม	人造的	机翻	0	0
ของนอก	外国的东西	机翻	0	0
ของโบราณ	古董	机翻	0	0
ของแปลก	奇怪的事情	机翻	0	0
ของผสม	混合物	机翻	0	0
ของฝาก	纪念品	机翻	0	0
ของมีคม	尖锐物体	机翻	0	0
ของมีค่า	贵重物品	机翻	0	0
ของร้อน	热门内容	机翻	0	0
ของรัก	爱的	机翻	0	0
ของเรา	我们的	机翻	0	0
ของลับ	秘密物品	机翻	0	0
ของเล่น	玩具	机翻	0	0
ของวัด	寺庙的	机翻	0	0
ของว่าง	零食	机翻	0	0
ของสงฆ์	教会的	机翻	0	0
ของสงวน	保留项目	机翻	0	0
ของสด	新鲜农产品	机翻	0	0
ของสูง	高的东西	机翻	0	0
ของแสลง	俚语	机翻	0	0
ของหมั้น	订婚礼物	机翻	0	0
ของหลวง	皇家的东西	机翻	0	0
ของหวาน	甜点	机翻	0	0
ของเหลว	液体	机翻	0	0
ของเหลือ	剩菜	机翻	0	0
ของแห้ง	干货	机翻	0	0
ของไหล	体液	机翻	0	0
ของไหว้	奉献	机翻	0	0
ของ้อ	我要它	机翻	0	0
ของ้าว	镰	机翻	0	0
ขอฉาย	请求筛选	机翻	0	0
ขอช้าง	求一头大象	机翻	0	0
ข้อดี	力量	机翻	0	0
ขอเดชะ	愿陛下高兴！	机翻	0	0
ข้อเด่น	亮点	机翻	0	0
ข้อต่อ	关节	机翻	0	0
ขอตัว	打扰一下	机翻	0	0
ข้อติชม	反馈	机翻	0	0
ขอทาง	询问方向	机翻	0	0
ขอทาน	乞丐	机翻	0	0
ขอที	请	机翻	0	0
ขอนแก่น	孔敬	机翻	0	0
ขอนไม้	木材	机翻	0	0
ขอนสัก	柚木原木	机翻	0	0
ข้อนิ้ว	指关节	机翻	0	0
ข้อแนะนำ	建议	机翻	0	0
ขอบกั้น	边界	机翻	0	0
ขอบข่าย	范围	机翻	0	0
ขอบตา	眼线	机翻	0	0
ขอบน้ำใจ	谢谢你的好意	机翻	0	0
ขอบฟ้า	地平线	机翻	0	0
ขอบไร	边缘是什么？	机翻	0	0
ขอประทาน	求	机翻	0	0
ขอไปที	敷衍	机翻	0	0
ขอฝน	求雨	机翻	0	0
ขอเฝ้า	我想守护你	机翻	0	0
ข้อพับ	可折叠接头	机翻	0	0
ข้อแม้	状况	机翻	0	0
ขอยาด	求药	机翻	0	0
ขอยืม	借	机翻	0	0
ข้อยุติ	解决	机翻	0	0
ข้อแย้ง	争议	机翻	0	0
ขอรับ	请接受	机翻	0	0
ขอแรง	寻求帮助	机翻	0	0
ขอลา	我要请假了	机翻	0	0
ขอเวลา	给我时间	机翻	0	0
ข้อสมมติ	假设	机翻	0	0
ขอสับ	钩	机翻	0	0
ข้อสำคัญ	重要的	机翻	0	0
ข้อเสือ	老虎关节	机翻	0	0
ข้อหา	收费	机翻	0	0
ข้อห้าม	禁止	机翻	0	0
ขอให้	请	机翻	0	0
ข้อไหล่	肩关节	机翻	0	0
ขออนุญาต	打扰一下	机翻	0	0
ขออภัย	道歉	机翻	0	0
ขออโหสิ	请原谅我	机翻	0	0
ข้ออ้าง	借口	机翻	0	0
ขออำไพ	祈求祝福	机翻	0	0
ขะเน็ด	卡内特	机翻	0	0
ขะยิก	走向	机翻	0	0
ขะยุก	助长	机翻	0	0
ขะแยะ	轻轻碰撞	机翻	0	0
ขัณฑสกร	糖精	机翻	0	0
ขัณฑสีมา	边界	机翻	0	0
ขัดกัน	冲突	机翻	0	0
ขัดเกลา	精制	机翻	0	0
ขัดข้อง	被破坏	机翻	0	0
ขัดขา	擦洗腿	机翻	0	0
ขัดขืน	反叛	机翻	0	0
ขัดเขิน	胆怯	机翻	0	0
ขัดแข็ง	硬抛光	机翻	0	0
ขัดคอ	质问	机翻	0	0
ขัดเคือง	激怒	机翻	0	0
ขัดแค้น	怨恨	机翻	0	0
ขัดเงา	抛光	机翻	0	0
ขัดใจ	得罪	机翻	0	0
ขัดดอก	抛光花	机翻	0	0
ขัดต่อ	与	机翻	0	0
ขัดตา	刺激	机翻	0	0
ขัดตาทัพ	暂时反对	机翻	0	0
ขัดแตะ	格子	机翻	0	0
ขัดถู	擦洗	机翻	0	0
ขัดบท	打断	机翻	0	0
ขัดเบา	抑制尿液	机翻	0	0
ขัดยอก	扭伤	机翻	0	0
ขัดลาภ	使不幸	机翻	0	0
ขัดลูกตา	眼球抛光	机翻	0	0
ขัดสน	松香	机翻	0	0
ขัดสมาธิ	盘腿	机翻	0	0
ขัดสี	抛光	机翻	0	0
ขัดหนัก	重抛光	机翻	0	0
ขัดห้าง	打磨商场	机翻	0	0
ขัดหู	不愉快的	机翻	0	0
ขันกว้าน	转动绞盘	机翻	0	0
ขันแข็ง	勤奋地	机翻	0	0
ขันเชิง	带底座的碗	机翻	0	0
ขั้นดี	水平不错	机翻	0	0
ขั้นต้น	初步的	机翻	0	0
ขันต่อ	拉紧	机翻	0	0
ขั้นต่ำ	最低限度	机翻	0	0
ขันติ	耐心	机翻	0	0
ขันตี	忍耐	机翻	0	0
ขันโตก	坎托克	机翻	0	0
ขันที	宦官	机翻	0	0
ขันธ์	坎达	机翻	0	0
ขันบาตร	钵盂	机翻	0	0
ขั้นแรก	第一步	机翻	0	0
ขันลงหิน	碗入石	机翻	0	0
ขันสมอ	拉紧锚	机翻	0	0
ขันหมาก	汗·麦	机翻	0	0
ขันอาสา	志愿者	机翻	0	0
ขับกล่อม	催眠曲	机翻	0	0
ขับขาน	唱歌	机翻	0	0
ขับขี่	驾驶	机翻	0	0
ขับดัน	推力	机翻	0	0
ขับถ่าย	排泄	机翻	0	0
ขับพล	驱兵	机翻	0	0
ขับรถ	开车	机翻	0	0
ขับร้อง	唱歌	机翻	0	0
ขับไล่	放逐	机翻	0	0
ขับไส	放逐	机翻	0	0
ขั้วบวก	阳极	机翻	0	0
ขั้วผล	结果终端	机翻	0	0
ขั้วลบ	阴极	机翻	0	0
ขั้วโลก	极	机翻	0	0
ขากรรไกร	颚	机翻	0	0
ขากลับ	返回	机翻	0	0
ขาก๊วย	中国风短裤	机翻	0	0
ขาเข้า	入境	机翻	0	0
ขาแข้ง	胫	机翻	0	0
ข้างกบ	在青蛙旁边	机翻	0	0
ข้างขึ้น	盈月	机翻	0	0
ข้างต้น	多于	机翻	0	0
ข้างใต้	下面	机翻	0	0
ข้างทาง	在路边	机翻	0	0
ข้างนอก	外部	机翻	0	0
ข้างน้อย	次要的	机翻	0	0
ข้างใน	里面	机翻	0	0
ข้างบน	楼上	机翻	0	0
ข้างมาก	多数	机翻	0	0
ข้างแรม	残月	机翻	0	0
ข้างล่าง	以下	机翻	0	0
ขาจร	一次性	机翻	0	0
ข้าเจ้า	我	机翻	0	0
ขาโจ๋	年轻人	机翻	0	0
ขาดกัน	我们分居了	机翻	0	0
ขาดคราว	缺席的	机翻	0	0
ขาดค่า	缺乏价值	机翻	0	0
ขาดคำ	失言了	机翻	0	0
ขาดเงิน	缺钱	机翻	0	0
ขาดใจ	死	机翻	0	0
ขาดใจตาย	窒息	机翻	0	0
ขาดช่วง	间歇性	机翻	0	0
ขาดตลาด	供不应求	机翻	0	0
ขาดตอน	不连续的	机翻	0	0
ขาดตัว	缺席的	机翻	0	0
ขาดทักษะ	缺乏技能	机翻	0	0
ขาดปาก	完全地	机翻	0	0
ขาดมือ	用完	机翻	0	0
ขาดเม็ด	停止	机翻	0	0
ขาดระยะ	缺乏距离	机翻	0	0
ขาดเรียน	缺课	机翻	0	0
ขาดลอย	压倒性地	机翻	0	0
ขาดลุ่ย	磨损的	机翻	0	0
ขาดวิ่น	撕裂	机翻	0	0
ขาดสติ	缺乏意识	机翻	0	0
ขาดสอบ	错过了考试	机翻	0	0
ขาดหาย	丢失的	机翻	0	0
ขาดเหลือ	缺少	机翻	0	0
ขาดอายุ	终止	机翻	0	0
ขาดอาหาร	缺乏食物	机翻	0	0
ขาตั้ง	站立	机翻	0	0
ข้าทาส	奴隶	机翻	0	0
ขาที่สาม	第三条腿	机翻	0	0
ขานชื่อ	呼唤你的名字	机翻	0	0
ขานตอบ	回答	机翻	0	0
ขานรหัส	称呼	机翻	0	0
ขานรับ	回应	机翻	0	0
ข้าน้อย	小我	机翻	0	0
ขาประจำ	常客	机翻	0	0
ข้าพเจ้า	我	机翻	0	0
ขาพับ	折弯	机翻	0	0
ข้ามคืน	过夜	机翻	0	0
ข้ามชาติ	跨国	机翻	0	0
ข้ามแดน	跨越边境	机翻	0	0
ข้ามฟาก	渡船	机翻	0	0
ข้ามเรือ	跨过船	机翻	0	0
ข้ามหน้า	跳页	机翻	0	0
ข้ามหัว	头顶	机翻	0	0
ขาม้า	胸鳍	机翻	0	0
ขายของ	销售产品	机翻	0	0
ขายขาด	售罄	机翻	0	0
ขายคล่อง	轻松销售	机翻	0	0
ข่ายงาน	网络	机翻	0	0
ขายชาติ	奸诈	机翻	0	0
ขายชื่อ	销售名称	机翻	0	0
ขายเชื่อ	信任销售	机翻	0	0
ขายดี	卖得好	机翻	0	0
ขายตรง	直销	机翻	0	0
ขายตัว	卖淫自己	机翻	0	0
ขายปลีก	零售	机翻	0	0
ขายฝาก	寄售	机翻	0	0
ขายส่ง	批发的	机翻	0	0
ขายสด	卖新鲜的	机翻	0	0
ขายเสียง	销售声音	机翻	0	0
ขายหน้า	羞辱	机翻	0	0
ขายหู	卖耳朵	机翻	0	0
ขายเหมา	批发的	机翻	0	0
ขาลศก	时代的终结	机翻	0	0
ขาลาก	拖腿	机翻	0	0
ข่าวกรอง	智力	机翻	0	0
ข้าวกล้า	稻苗	机翻	0	0
ข่าวกีฬา	体育新闻	机翻	0	0
ข้าวเก่า	陈米	机翻	0	0
ข้าวแกง	米饭和咖喱	机翻	0	0
ข้าวของ	财物	机翻	0	0
ข่าวคราว	消息	机翻	0	0
ขาวจั๊วะ	雪白	机翻	0	0
ข้าวเจ้า	稻田	机翻	0	0
ข่าวแจก	新闻赠品	机翻	0	0
ข้าวเช้า	早餐	机翻	0	0
ข้าวแช่	冰水里的米饭	机翻	0	0
ข้าวซอย	考索伊	机翻	0	0
ขาวซีด	淡白色	机翻	0	0
ข่าวดี	好消息	机翻	0	0
ข้าวตอก	爆米花	机翻	0	0
ข้าวตัง	考唐	机翻	0	0
ข้าวตาก	干米饭	机翻	0	0
ข้าวตู	干饭团	机翻	0	0
ขาวนวล	柔和的白色	机翻	0	0
ข้าวนึ่ง	蒸谷米	机翻	0	0
ข้าวเบา	早稻	机翻	0	0
ข้าวปลูก	留作种植的稻田	机翻	0	0
ข้าวปั้น	饭团	机翻	0	0
ขาวผ่อง	亮白色	机翻	0	0
ขาวโพลน	全白	机翻	0	0
ข้าวฟ่าง	粟	机翻	0	0
ข้าวมัน	油饭	机翻	0	0
ข้าวเม่า	考毛	机翻	0	0
ข้าวเย็น	晚餐	机翻	0	0
ข่าวร้าย	坏消息	机翻	0	0
ข่าวล่า	最新消息	机翻	0	0
ข่าวสด	新鲜新闻	机翻	0	0
ขาวสะอาด	干净的白色	机翻	0	0
ข่าวสั้น	短消息	机翻	0	0
ข้าวสาร	米	机翻	0	0
ข้าวสาลี	小麦	机翻	0	0
ข้าวสุก	干饭	机翻	0	0
ข้าวเสวย	米饭吃	机翻	0	0
ข้าวหนัก	重米饭	机翻	0	0
ข้าวหมก	印度比尔亚尼菜	机翻	0	0
ข้าวหมาก	槟榔	机翻	0	0
ข้าวหลาม	考兰	机翻	0	0
ข้าวห่อ	包饭	机翻	0	0
ข่าวใหญ่	大新闻	机翻	0	0
ข้าวโอ๊ต	麦片	机翻	0	0
ข้าศึก	敌人	机翻	0	0
ขาหยั่ง	支架	机翻	0	0
ข้าหลวง	州长	机翻	0	0
ขาหัก	腿断了	机翻	0	0
ขาออก	出境	机翻	0	0
ขาอ่อน	大腿	机翻	0	0
ขำขัน	有趣的	机翻	0	0
ขิงแห้ง	干姜	机翻	0	0
ขี้กบ	刨花	机翻	0	0
ขี้กลัว	胆小	机翻	0	0
ขี้กลาก	癣	机翻	0	0
ขี้ก้าง	锡渣	机翻	0	0
ขี้เกลือ	汗渍	机翻	0	0
ขี้โกง	作弊	机翻	0	0
ขี้ขโมย	偷窃	机翻	0	0
ขี้ขลาด	胆小	机翻	0	0
ขี้ข้า	走狗	机翻	0	0
ขี้เขม่า	煤烟	机翻	0	0
ขี้ครอก	傀儡	机翻	0	0
ขี้ครั่ง	虫胶屎	机翻	0	0
ขี้คร้าน	懒惰的	机翻	0	0
ขี้คุก	囚犯	机翻	0	0
ขี้คุย	健谈	机翻	0	0
ขี้เค้า	我讨厌他	机翻	0	0
ขี้โคลน	泥	机翻	0	0
ขี้ไคล	皮屑	机翻	0	0
ขี้งก	小气	机翻	0	0
ขี้งอน	脾气暴躁	机翻	0	0
ขี้แง	发牢骚的	机翻	0	0
ขี้จาบ	简短的	机翻	0	0
ขี้จุ๊	亲吻狗屎	机翻	0	0
ขี้ฉ้อ	欺骗	机翻	0	0
ขี้เซา	昏昏欲睡的	机翻	0	0
ขีดขั้น	局限	机翻	0	0
ขีดเขียน	涂	机翻	0	0
ขีดคร่อม	越过一条线	机翻	0	0
ขีดคั่น	短跑	机翻	0	0
ขีดฆ่า	三振出局	机翻	0	0
ขีดจำกัด	限制	机翻	0	0
ขีดสุด	最大限度	机翻	0	0
ขีดเส้น	画一条线	机翻	0	0
ขี้ตะกอน	污泥	机翻	0	0
ขี้ตา	眼睛有斑点	机翻	0	0
ขี้ตีน	便便	机翻	0	0
ขี้ตืด	吝啬的	机翻	0	0
ขี้ตื่น	恐慌	机翻	0	0
ขี้ตู่	愚蠢的狗屎	机翻	0	0
ขี้เต่า	腋臭	机翻	0	0
ขี้แตก	我破产了	机翻	0	0
ขี้ไต้	火炬	机翻	0	0
ขี้ถัง	一桶屎	机翻	0	0
ขี้เถ้า	骨灰	机翻	0	0
ขี้ทูด	太糟糕了	机翻	0	0
ขี้เท่อ	不聪明的	机翻	0	0
ขี้เทือก	泥沼	机翻	0	0
ขี้บ่น	抱怨	机翻	0	0
ขีปนาวุธ	导弹	机翻	0	0
ขี้ปาก	闲话	机翻	0	0
ขี้เปียก	包皮垢	机翻	0	0
ขี้ผง	琐碎的	机翻	0	0
ขี้ผึ้ง	蜡	机翻	0	0
ขี้ฝิ่น	吸毒者	机翻	0	0
ขี้ฝุ่น	灰尘	机翻	0	0
ขี้แพ้	失败者	机翻	0	0
ขี่ม้า	骑马	机翻	0	0
ขี้มือ	拉屎	机翻	0	0
ขี้มูก	鼻涕	机翻	0	0
ขี้เมฆ	云	机翻	0	0
ขี้เมา	酒鬼	机翻	0	0
ขี้โม้	吹牛	机翻	0	0
ขี้โมโห	生气的	机翻	0	0
ขี้ยา	瘾君子	机翻	0	0
ขี้แย	娇气的	机翻	0	0
ขี้โย	愚蠢的	机翻	0	0
ขี้ร้อน	我很热	机翻	0	0
ขี้ระแวง	怀疑论者	机翻	0	0
ขี้รังแค	皮屑	机翻	0	0
ขี้ริ้ว	丑陋的	机翻	0	0
ขี้แร่	矿渣	机翻	0	0
ขี้โรค	生病的	机翻	0	0
ขี้ลม	风屎	机翻	0	0
ขี้ลืม	健忘	机翻	0	0
ขี้เล่น	俏皮的	机翻	0	0
ขี้เล็บ	指甲污垢	机翻	0	0
ขี้สงสัย	好奇的	机翻	0	0
ขี้หน้า	你太无耻了	机翻	0	0
ขี้หนาว	寒冷的	机翻	0	0
ขี้หนู	老鼠粪便	机翻	0	0
ขี่หลัง	骑在背上	机翻	0	0
ขี้หึง	嫉妒的	机翻	0	0
ขี้หู	耳垢	机翻	0	0
ขี้เหร่	没有吸引力	机翻	0	0
ขี้เหล็ก	决明子	机翻	0	0
ขี้เหล้า	酒鬼	机翻	0	0
ขี้อ้อน	变态	机翻	0	0
ขี้อิจฉา	嫉妒的	机翻	0	0
ขี้โอ่	浮夸	机翻	0	0
ขึ้งโกรธ	愤怒	机翻	0	0
ขึงขัง	庄严	机翻	0	0
ขึงตา	目光	机翻	0	0
ขึงพืด	展开	机翻	0	0
ขึ้นกับ	取决于	机翻	0	0
ขึ้นครู	带老师去	机翻	0	0
ขึ้นคอ	到脖子上	机翻	0	0
ขึ้นคาน	光束	机翻	0	0
ขึ้นเงา	闪耀	机翻	0	0
ขึ้นเงิน	兑现	机翻	0	0
ขึ้นใจ	下定决心	机翻	0	0
ขึ้นฉ่าย	芹菜	机翻	0	0
ขึ้นชื่อ	著名的	机翻	0	0
ขึ้นซัง	举起玉米棒子	机翻	0	0
ขึ้นต้น	开始	机翻	0	0
ขึ้นแท่น	登上领奖台	机翻	0	0
ขึ้นบก	土地	机翻	0	0
ขึ้นปาก	大声说出来	机翻	0	0
ขึ้นไป	向上	机翻	0	0
ขึ้นฝั่ง	上岸	机翻	0	0
ขึ้นมา	向上	机翻	0	0
ขึ้นรถ	上车	机翻	0	0
ขึ้นรา	发霉的	机翻	0	0
ขึ้นราคา	提高价格	机翻	0	0
ขึ้นศาล	去法院	机翻	0	0
ขึ้นสนิม	生锈了	机翻	0	0
ขึ้นสมอง	在大脑中	机翻	0	0
ขึ้นหม้อ	蓬松	机翻	0	0
ขึ้นหิ้ง	上架	机翻	0	0
ขึ้นอยู่	这取决于	机翻	0	0
ขึ้นอืด	迟缓	机翻	0	0
ขื่นขม	感到沮丧	机翻	0	0
ขืนใจ	强奸	机翻	0	0
ขื่อ	光束	机翻	0	0
ขื่อจมูก	鼻中隔	机翻	0	0
ขื่อแป	檩条梁	机翻	0	0
ขื่อมุก	珍珠光束	机翻	0	0
ขุดค้น	挖出来	机翻	0	0
ขุดคุ้ย	挖	机翻	0	0
ขุดโค่น	挖出来	机翻	0	0
ขุดทอง	淘金	机翻	0	0
ขุ่นข้อง	被冒犯了	机翻	0	0
ขุนเขา	山	机翻	0	0
ขุนค้อน	锤	机翻	0	0
ขุ่นแค้น	世仇	机翻	0	0
ขุนโจร	盗贼	机翻	0	0
ขุ่นใจ	阴郁	机翻	0	0
ขุนดาบ	坤达布	机翻	0	0
ขุนทอง	八哥	机翻	0	0
ขุนนาง	贵族	机翻	0	0
ขุนน้ำ	从山顶流下的溪流	机翻	0	0
ขุนพล	军阀	机翻	0	0
ขุนเพ็ด	人类阴茎的复制品	机翻	0	0
ขุ่นมัว	多云	机翻	0	0
ขุนศึก	军阀	机翻	0	0
ขุ่นหมอง	阴郁	机翻	0	0
ขุนหมื่น	坤穆恩	机翻	0	0
ขุมขน	毛囊	机翻	0	0
ขุมนรก	地狱	机翻	0	0
ขุยไผ่	竹子	机翻	0	0
ขู่ขวัญ	吓住	机翻	0	0
ขู่เข็ญ	胁迫	机翻	0	0
ขูดรีด	架子	机翻	0	0
ขูดเลือด	高利贷的	机翻	0	0
เขจร	旅行	机翻	0	0
เข็ญใจ	悲惨地	机翻	0	0
เข็ดขยาด	害怕的	机翻	0	0
เข็ดข้อ	关节问题	机翻	0	0
เข็ดฟัน	牙齿在边缘	机翻	0	0
เข็ดหลาบ	芦荟	机翻	0	0
เขตชนบท	农村	机翻	0	0
เขตแดน	边界	机翻	0	0
เขตโทษ	禁区	机翻	0	0
เขตป่า	森林面积	机翻	0	0
เขตภูเขา	山区	机翻	0	0
เขตเมือง	市区	机翻	0	0
เขตร้อน	热带	机翻	0	0
เขตเวลา	时区	机翻	0	0
เขตสงวน	预订	机翻	0	0
เข่นฆ่า	屠宰	机翻	0	0
เขนง	号角	机翻	0	0
เขน็ด	我耽心	机翻	0	0
เขนย	软垫	机翻	0	0
เขบ็ต	笔记	机翻	0	0
เข็มกลัด	胸针	机翻	0	0
เข้มข้น	激烈的	机翻	0	0
เข้มแข็ง	强的	机翻	0	0
เข็มควัก	钩针	机翻	0	0
เขม็ง	强的	机翻	0	0
เข็มทิศ	罗盘	机翻	0	0
เขม่น	抽搐	机翻	0	0
เขม้น	盯着	机翻	0	0
เข็มนาที	分针	机翻	0	0
เข็มปัก	绣花针	机翻	0	0
เข็มยาว	长针	机翻	0	0
เขมร	高棉语	机翻	0	0
เขมรแดง	红色高棉	机翻	0	0
เข็มสั้น	短针	机翻	0	0
เข็มหมุด	别针	机翻	0	0
เขม่า	黑穗病	机翻	0	0
เขมือบ	吞噬	机翻	0	0
เขยก	举起	机翻	0	0
เขย่ง	脚趾	机翻	0	0
เขยอะขยะ	糯的	机翻	0	0
เขย่า	摇	机翻	0	0
เขย่าตัว	摇动自己	机翻	0	0
เขยิน	凸出	机翻	0	0
เขยิบ	让步	机翻	0	0
เขยื้อน	让步	机翻	0	0
เข๋า	我饿了	机翻	0	0
เขากวาง	鹿角	机翻	0	0
เข้ากะ	值班时	机翻	0	0
เข้ากัน	兼容的	机翻	0	0
เข้ากับ	适合	机翻	0	0
เข้าแก๊ป	输入气体	机翻	0	0
เข้าใกล้	方法	机翻	0	0
เข้าขั้น	进入舞台	机翻	0	0
เข้าขา	相处	机翻	0	0
เข้าข้าง	青睐	机翻	0	0
เข้าข่าย	落入网络	机翻	0	0
เข้าครัว	去厨房	机翻	0	0
เข้าคอ	进入喉咙	机翻	0	0
เข้าคิว	队列	机翻	0	0
เข้าคู่	匹配	机翻	0	0
เข้าเค้า	我投入其中	机翻	0	0
เข้าแง่	有道理	机翻	0	0
เข้าเจ้า	我喜欢你	机翻	0	0
เข้าฉาก	进入场景	机翻	0	0
เข้าชื่อ	输入姓名	机翻	0	0
เข้าชุด	配套套装	机翻	0	0
เข้าฌาน	幽思	机翻	0	0
เขาดิน	考丁	机翻	0	0
เขาโดด	他跳了起来	机翻	0	0
เข้าตา	进入眼睛	机翻	0	0
เข้าตาจน	绝望的	机翻	0	0
เข้าตำรา	按照传统	机翻	0	0
เข้าถ้ำ	双缝	机翻	0	0
เข้าแถว	排队	机翻	0	0
เข้าทรง	塑身	机翻	0	0
เข้าท่า	有道理	机翻	0	0
เข้าที	请进来	机翻	0	0
เข้าที่	到位	机翻	0	0
เข้าทุน	投资资本	机翻	0	0
เข้านอน	睡觉	机翻	0	0
เข้าแบบ	合身风格	机翻	0	0
เข้าปก	进入封面	机翻	0	0
เข้าปิ้ง	去烧烤	机翻	0	0
เข้าเป้า	击中目标	机翻	0	0
เข้าไป	进入	机翻	0	0
เข้าผี	进入鬼魂	机翻	0	0
เข้าแผน	输入计划	机翻	0	0
เข้าฝัก	成为专家	机翻	0	0
เข้าฝัน	进入梦境	机翻	0	0
เข้าเฝ้า	来看看	机翻	0	0
เข้าพบ	见面	机翻	0	0
เข้าพวก	加入	机翻	0	0
เข้าพุง	到肚子里	机翻	0	0
เข้าแฟ้ม	输入文件	机翻	0	0
เขามอ	考莫	机翻	0	0
เข้ามา	进来	机翻	0	0
เข้ามุม	进入角落	机翻	0	0
เข้าไม้	加入木材	机翻	0	0
เข้ายา	吃药	机翻	0	0
เข้ารอบ	合格的	机翻	0	0
เข้าร้าย	攻击	机翻	0	0
เข้ารีต	转变	机翻	0	0
เข้ารูป	适合形状	机翻	0	0
เข้าโรง	进入剧场	机翻	0	0
เข้าล็อค	进入锁	机翻	0	0
เข้าเล่ม	装订	机翻	0	0
เข้าโลง	进入棺材	机翻	0	0
เข้าว่า	据说	机翻	0	0
เข้าเวร	值班	机翻	0	0
เข้าสมัย	现代的	机翻	0	0
เข้าสิง	着魔了	机翻	0	0
เข้าสู่	进入	机翻	0	0
เข้าหน้า	在脸上	机翻	0	0
เข้าหม้อ	放入锅中	机翻	0	0
เข้าหลัก	进入主干	机翻	0	0
เข้าหอ	进入宿舍	机翻	0	0
เข้าหา	方法	机翻	0	0
เข้าหุ้น	输入股票	机翻	0	0
เข้าหู	进入耳朵	机翻	0	0
เข้าออก	进出	机翻	0	0
เขียงหมู	猪肉切菜板	机翻	0	0
เขียนไทย	写泰语	机翻	0	0
เขียนแบบ	绘画	机翻	0	0
เขียนรูป	写一张图片	机翻	0	0
เขียวขจี	绿化	机翻	0	0
แขกขาว	白客	机翻	0	0
แขกดำ	黑客	机翻	0	0
แขกเมือง	国宾	机翻	0	0
แขกยาม	警卫	机翻	0	0
แข็งกล้า	硬化的	机翻	0	0
แข็งข้อ	好战的	机翻	0	0
แข็งขัน	坚定	机翻	0	0
แข็งขืน	抵抗	机翻	0	0
แข็งค่า	欣赏	机翻	0	0
แข็งใจ	振作起来	机翻	0	0
แข็งตัว	勃起	机翻	0	0
แข็งทื่อ	僵硬的	机翻	0	0
แข็งมือ	双手用力	机翻	0	0
แขนขวา	右臂	机翻	0	0
แขนขา	四肢	机翻	0	0
แขนง	教派	机翻	0	0
แขนทุกข์	哀悼黑纱	机翻	0	0
แขนนาง	女士的手臂	机翻	0	0
แขนเสื้อ	袖子	机翻	0	0
แขม็บ	呼吸微弱	机翻	0	0
แขม่ว	拉进肚子里	机翻	0	0
แขยง	厌恶	机翻	0	0
แขวนคอ	绞死	机翻	0	0
แขวนนวม	戒掉拳击	机翻	0	0
แขวนลอย	暂停	机翻	0	0
โขกสับ	啄	机翻	0	0
โขดง	科东	机翻	0	0
โขดหิน	岩石	机翻	0	0
โขทัย	科泰	机翻	0	0
โขนง	眉	机翻	0	0
โขมง	高声	机翻	0	0
โขมด	幻影	机翻	0	0
โขยก	跛行	机翻	0	0
โขยกเขยก	令人震惊地	机翻	0	0
โขยง	部落	机翻	0	0
โขย่ง	踮起脚尖	机翻	0	0
โขลนทวาร	胜利的拱门	机翻	0	0
ไขกระดูก	骨髓	机翻	0	0
ไข่กวน	炒鸡蛋	机翻	0	0
ไขกุญแจ	转动钥匙	机翻	0	0
ไข่ไก่	蛋	机翻	0	0
ไข่ขวัญ	凯宽	机翻	0	0
ไขข้อ	骨髓	机翻	0	0
ไข่ขาง	蛋康	机翻	0	0
ไข่ขาว	蛋白	机翻	0	0
ไข่ข้าว	米蛋	机翻	0	0
ไข่คน	炒鸡蛋	机翻	0	0
ไขความ	解决问题	机翻	0	0
ไข่เค็ม	咸蛋	机翻	0	0
ไข่เจียว	煎蛋卷	机翻	0	0
ไข้ใจ	心碎	机翻	0	0
ไข่ดัน	腹股沟	机翻	0	0
ไข่ดาว	煎鸡蛋	机翻	0	0
ไข่แดง	蛋黄	机翻	0	0
ไข่ต้ม	煮鸡蛋	机翻	0	0
ไข่ตุ๋น	荷包蛋	机翻	0	0
ไข้ทรพิษ	天花	机翻	0	0
ไข่ทอด	煎鸡蛋	机翻	0	0
ไขน้ำ	水	机翻	0	0
ไข่เน่า	臭鸡蛋	机翻	0	0
ไข่ปลา	产卵	机翻	0	0
ไขปัญหา	解决问题	机翻	0	0
ไข้ป่า	疟疾	机翻	0	0
ไข่พอก	咸蛋	机翻	0	0
ไข่ฟู	蓬松的鸡蛋	机翻	0	0
ไข่มุก	珍珠	机翻	0	0
ไข่ลม	风蛋	机翻	0	0
ไข่ลวก	煮鸡蛋	机翻	0	0
ไขลาน	结束	机翻	0	0
ไขว้ขา	交叉双腿	机翻	0	0
ไขว้เขว	有蹼的	机翻	0	0
ไขว่คว้า	离合器	机翻	0	0
ไขว้หลัง	穿过你的背	机翻	0	0
ไขว่ห้าง	交叉双腿	机翻	0	0
ไข่สำเภา	皮蛋	机翻	0	0
ไขสือ	假装	机翻	0	0
ไข่หำ	睾丸	机翻	0	0
ไขหู	耳垢	机翻	0	0
ไข่เหา	虱卵	机翻	0	0
ขฺลา	卡拉	机翻	0	0
ฃยัน	确认	机翻	0	0
ฃวา	ฃwa	机翻	0	0
ฃ้อความ	信息	机翻	0	0
ฃ๋า	哦	机翻	0	0
เฃตร	谢尔	机翻	0	0
เฃ๋า	曹	机翻	0	0
แฃวน	旅行	机翻	0	0
ค	c	机翻	0	0
คคนัมพร	伟大的天空	机翻	0	0
คคนางค์	天空	机翻	0	0
คคนานต์	天空极限	机翻	0	0
คงกระพัน	刀枪不入的	机翻	0	0
คงขาด	缺少	机翻	0	0
คงคลัง	存货	机翻	0	0
คงคา	恒河	机翻	0	0
คงจะ	会	机翻	0	0
คงเดิม	保持不变	机翻	0	0
คงตัว	稳定的	机翻	0	0
คงทนถาวร	耐用的	机翻	0	0
คงไว้	维持	机翻	0	0
คงอยู่	保持	机翻	0	0
คชกรรม	贝叶斯业力	机翻	0	0
คชศาสตร์	贝叶斯科学	机翻	0	0
คชสาร	大象	机翻	0	0
คชา	咔嚓	机翻	0	0
คชาชาติ	大象	机翻	0	0
คชาชีพ	象夫	机翻	0	0
คชาธาร	皇家大象	机翻	0	0
คชาภรณ์	卡恰蓬	机翻	0	0
คชินทร์	大象之王	机翻	0	0
คฑา	职员	机翻	0	0
คณ	数学	机翻	0	0
คณนา	数数	机翻	0	0
คณบดี	院长	机翻	0	0
คณะดนตรี	音乐学院	机翻	0	0
คณะทัวร์	旅行团	机翻	0	0
คณะทำงาน	工作组	机翻	0	0
คณะทูต	外交使团	机翻	0	0
คณะบดี	院长学院	机翻	0	0
คณะมนตรี	理事会	机翻	0	0
คณะสงฆ์	僧伽	机翻	0	0
คณาจารย์	学院	机翻	0	0
คณาธิการ	神职人员委员会	机翻	0	0
คณานับ	数数	机翻	0	0
คณิกา	荡妇	机翻	0	0
คณิต	数学	机翻	0	0
คณิตกรณ์	数学	机翻	0	0
คเณศ	智慧之神	机翻	0	0
คดกริช	弯曲的匕首	机翻	0	0
คดโกง	蛇纹石	机翻	0	0
คดข้าว	歪米饭	机翻	0	0
คดเคี้ยว	狡猾的	机翻	0	0
คดงอ	弯曲	机翻	0	0
คดไปคดมา	歪	机翻	0	0
คดีความ	诉讼	机翻	0	0
คดีดำ	悬案	机翻	0	0
คดีแดง	已决案件	机翻	0	0
คดีแพ่ง	民事案件	机翻	0	0
คดีโลก	世界案例	机翻	0	0
คดีอนาถา	乞丐案	机翻	0	0
คดีอาญา	刑事案件	机翻	0	0
คติ	座右铭	机翻	0	0
คติชน	民俗学	机翻	0	0
คติธรรม	士气	机翻	0	0
คตินิยม	思想	机翻	0	0
คติพจน์	格言	机翻	0	0
คทา	权杖	机翻	0	0
คนกรุง	曼谷人	机翻	0	0
คนกลาง	中介	机翻	0	0
คนกันเอง	友好的人	机翻	0	0
คนเก่ง	聪明人	机翻	0	0
คนแก่	老人	机翻	0	0
คนโกง	骗子	机翻	0	0
คนโกหก	说谎者	机翻	0	0
คนขายของ	卖方	机翻	0	0
คนขายปลา	卖鱼的	机翻	0	0
คนขี้บ่น	抱怨者	机翻	0	0
คนเขียน	作家	机翻	0	0
คนไข้	病人	机翻	0	0
คนไข้นอก	门诊	机翻	0	0
คนไข้ใน	住院病人	机翻	0	0
คนครัว	厨师	机翻	0	0
คนค้า	商	机翻	0	0
คนคุม	控制器	机翻	0	0
คนแคระ	矮人	机翻	0	0
คนโง่	傻子	机翻	0	0
คนจน	穷人	机翻	0	0
คนจร	陌生人	机翻	0	0
คนจรจัด	无家可归者	机翻	0	0
คนจริง	真人	机翻	0	0
คนจัญไร	恶人	机翻	0	0
คนจีน	中国人	机翻	0	0
คนเจ็บ	受伤的人	机翻	0	0
คนแจว	赛艇运动员	机翻	0	0
คนใจดี	善良的人	机翻	0	0
คนใจบุญ	慈善家	机翻	0	0
คนชนบท	农村人	机翻	0	0
คนชรา	老年人	机翻	0	0
คนชั่ว	恶人	机翻	0	0
คนใช้	仆人	机翻	0	0
คนดอย	山民	机翻	0	0
คนดำ	黑人	机翻	0	0
คนดู	旁观者	机翻	0	0
คนโดยสาร	乘客	机翻	0	0
คนใด	哪个人？	机翻	0	0
ค้นตัว	搜索	机翻	0	0
คนตาบอด	盲人	机翻	0	0
คนตาย	死人	机翻	0	0
คนโต	最年长的	机翻	0	0
คนเถื่อน	野蛮人	机翻	0	0
คนทรง	中等的	机翻	0	0
คนทำงาน	工作人员	机翻	0	0
คนทำสวน	园丁	机翻	0	0
คนที	有人	机翻	0	0
คนโท	中尉	机翻	0	0
คนไทย	泰国人	机翻	0	0
คนธรรพ์	干达婆	机翻	0	0
คนธรรมดา	常人	机翻	0	0
คนนอก	局外人	机翻	0	0
คนแนะนำ	推荐人	机翻	0	0
คนใน	内幕人士	机翻	0	0
คนบ้า	疯狂的人	机翻	0	0
คนบ้างาน	工作狂	机翻	0	0
คนบาป	罪人	机翻	0	0
คนโบราณ	古代人	机翻	0	0
คนป่วย	病人	机翻	0	0
คนป่า	野人	机翻	0	0
คนผิวดำ	黑人	机翻	0	0
คนผีทะเล	海鬼人	机翻	0	0
คนพเนจร	流浪者	机翻	0	0
คนพาย	赛艇运动员	机翻	0	0
คนพาล	欺负	机翻	0	0
คนพิการ	残疾人	机翻	0	0
คนพุทธ	佛教徒	机翻	0	0
คนพูดปด	骗子	机翻	0	0
คนพูดมาก	人们谈论很多	机翻	0	0
คนฟัง	听众	机翻	0	0
คนภายนอก	局外人	机翻	0	0
คนภูเขา	山人	机翻	0	0
คนมั่งมี	有钱人	机翻	0	0
คนมีเงิน	有钱人	机翻	0	0
คนมีโชค	幸运者	机翻	0	0
คนมีสี	有色人种	机翻	0	0
คนมีอายุ	老年人	机翻	0	0
คนเมา	醉酒的人	机翻	0	0
คนเมือง	城市人	机翻	0	0
คนยากจน	穷人	机翻	0	0
คนรกโลก	人间地狱	机翻	0	0
คนรถ	公交车司机	机翻	0	0
คนรวย	百万富翁	机翻	0	0
คนร้องนำ	主唱	机翻	0	0
คนรัก	所爱的人	机翻	0	0
คนรับ	接收者	机翻	0	0
คนรับใช้	仆人	机翻	0	0
คนร้าย	恶棍	机翻	0	0
คนเรา	人们	机翻	0	0
คนลงทุน	投资者	机翻	0	0
คนลึกลับ	神秘人	机翻	0	0
คนเลว	坏人	机翻	0	0
คนเลี้ยง	保姆	机翻	0	0
คนวงใน	内幕人士	机翻	0	0
คนสวน	园丁	机翻	0	0
คนสวย	美丽的人	机翻	0	0
คนสาบสูญ	失踪人员	机翻	0	0
คนสารเลว	小子	机翻	0	0
คนสำคัญ	重要人物	机翻	0	0
คนโสด	单身人士	机翻	0	0
คนหนุ่ม	年轻人	机翻	0	0
คนหากิน	骗子	机翻	0	0
คนหาปลา	渔夫	机翻	0	0
คนเหนือ	北方人	机翻	0	0
คนอ่อนแอ	弱者	机翻	0	0
คนอ่าน	读者	机翻	0	0
คนอื่น	别人	机翻	0	0
คนเอเชีย	亚洲人	机翻	0	0
คนิ้ง	克宁	机翻	0	0
คบค้า	配偶	机翻	0	0
คบคิด	阴谋	机翻	0	0
คบชู้	通奸	机翻	0	0
คบเพลิง	火炬	机翻	0	0
คบไฟ	火炬	机翻	0	0
คบไม้	木火炬	机翻	0	0
คบไม่ได้	无法约会	机翻	0	0
คบหา	与 关联	机翻	0	0
คมกริบ	锋利的	机翻	0	0
คมกล้า	锋利的	机翻	0	0
คมขำ	简洁的	机翻	0	0
คมเข้ม	尖锐而激烈	机翻	0	0
คมคาย	辛辣的	机翻	0	0
คมชัด	锋利的	机翻	0	0
คมน	锋利的	机翻	0	0
คมนาการ	达到	机翻	0	0
คมสัน	妖娆	机翻	0	0
ครบกำหนด	到期的	机翻	0	0
ครบเกณฑ์	完成标准	机翻	0	0
ครบครัน	完全	机翻	0	0
ครบชุด	全套	机翻	0	0
ครบมือ	完全	机翻	0	0
ครบรอบ	周年纪念日	机翻	0	0
ครบวงจร	综合的	机翻	0	0
ครบวาระ	期限已满	机翻	0	0
ครรภ์	子宫	机翻	0	0
ครรลอง	踪迹	机翻	0	0
ครวญคราง	哀号	机翻	0	0
ครวญคร่ำ	呻吟	机翻	0	0
ครวญถึง	抱怨	机翻	0	0
ครวญเพลง	哼	机翻	0	0
ครหา	责备	机翻	0	0
ครองแครง	支配	机翻	0	0
ครองจีวร	穿着长袍	机翻	0	0
ครองใจ	赢得人心	机翻	0	0
ครองชีพ	生计	机翻	0	0
ครองตลาด	占领市场	机翻	0	0
ครองตัว	占据自己	机翻	0	0
ครองโลก	统治世界	机翻	0	0
ครองสติ	保持理智	机翻	0	0
ครอบครู	老师的家人	机翻	0	0
ครอบงำ	支配	机翻	0	0
ครั้งนี้	这次	机翻	0	0
ครั้งแรก	第一次	机翻	0	0
ครั้งไร	什么时候？	机翻	0	0
ครั้งไหน	什么时候？	机翻	0	0
ครั่นตัว	感到寒冷	机翻	0	0
ครัวซ็อง	羊角面包	机翻	0	0
ครัวไฟ	厨房	机翻	0	0
คราคร่ำ	很拥挤	机翻	0	0
คราใด	每当	机翻	0	0
ครานั้น	那个时候	机翻	0	0
ครามครัน	相当	机翻	0	0
คราวก่อน	上次	机翻	0	0
คราวนี้	这次	机翻	0	0
คราวร้าย	糟糕的时光	机翻	0	0
คราวหน้า	下次	机翻	0	0
คราวหลัง	下次	机翻	0	0
คร่ำครวญ	呻吟	机翻	0	0
คร่ำคร่า	古式的	机翻	0	0
คร่ำครึ	发霉的	机翻	0	0
คร่ำเงิน	镶嵌银	机翻	0	0
คร่ำทอง	错	机翻	0	0
คร่ำหวอด	经验丰富	机翻	0	0
คริกเก็ต	蟋蟀	机翻	0	0
คริปทอน	氪	机翻	0	0
คริสต์	基督	机翻	0	0
คริสตศก	公元	机翻	0	0
คริสต์ศก	公元	机翻	0	0
คริสตัง	罗马天主教	机翻	0	0
ครีบหาง	尾鳍	机翻	0	0
ครีบอก	胸鳍	机翻	0	0
ครึกโครม	吵闹地	机翻	0	0
ครึ่งตัว	半身	机翻	0	0
ครึ่งทาง	一半	机翻	0	0
ครืดคราด	噼啪作响	机翻	0	0
ครุ่นคิด	周到	机翻	0	0
ครุภัณฑ์	耐用品	机翻	0	0
ครูฝึก	训练师	机翻	0	0
ครูใหญ่	校长	机翻	0	0
ครู่ใหญ่	许久	机翻	0	0
คฤกค้ฤๅน	房子	机翻	0	0
คฤห	大厦	机翻	0	0
คฤหบดี	富人	机翻	0	0
คฤหัสถ์	户主	机翻	0	0
คฤหาสน์	大厦	机翻	0	0
ค้ฤๅนคฤก	库鲁纳库鲁克	机翻	0	0
คลอเคลีย	依偎	机翻	0	0
คล่องคอ	易于理解	机翻	0	0
คล้องจอง	韵	机翻	0	0
คลองเตย	空堤	机翻	0	0
คล่องปาก	流利地	机翻	0	0
คลอดลูก	分娩	机翻	0	0
คลอนแคลน	不稳定	机翻	0	0
คล้อยตาม	符合	机翻	0	0
คลอรีน	氯	机翻	0	0
คลอไรด์	氯化物	机翻	0	0
คละคล่ำ	与	机翻	0	0
คละคลุ้ง	臭	机翻	0	0
คละเคล้า	混合	机翻	0	0
คละปน	交融	机翻	0	0
คลังสมอง	智库	机翻	0	0
คลังแสง	兵工厂	机翻	0	0
คลัตช์	离合器	机翻	0	0
คลับ	俱乐部	机翻	0	0
คลาคล่ำ	与	机翻	0	0
คลาไคล	社交	机翻	0	0
คลางแคลง	怀疑	机翻	0	0
คลาดนัด	错过了约会	机翻	0	0
คลาดเวลา	错过时间	机翻	0	0
คลานเข่า	跪着爬行	机翻	0	0
คลายใจ	放松	机翻	0	0
คลายตัว	放松	机翻	0	0
คลาส	班级	机翻	0	0
คลาสสิก	经典的	机翻	0	0
คลำหา	摸索	机翻	0	0
คลิตอริส	阴蒂	机翻	0	0
คลื่นยาว	长波	机翻	0	0
คลื่นใส้	恶心	机翻	0	0
คลุกคลาน	爬行	机翻	0	0
คลุกคลี	取得联系	机翻	0	0
คลุกฝุ่น	混有灰尘	机翻	0	0
คลุมโปง	完全覆盖身体	机翻	0	0
ควงแขน	挽着手走	机翻	0	0
ควงสว่าน	降速	机翻	0	0
ควบกล้ำ	双元音	机翻	0	0
ควบกัน	一起	机翻	0	0
ควบคู่	串联	机翻	0	0
ควบแน่น	浓缩的	机翻	0	0
ควรค่า	值得	机翻	0	0
ควรจะ	应该	机翻	0	0
ควรระวัง	应该小心	机翻	0	0
ควักกะปิ	把虾酱切掉	机翻	0	0
ควักค้อน	冷眼一视	机翻	0	0
ควันพิษ	有毒烟雾	机翻	0	0
ควันไฟ	抽烟	机翻	0	0
ควันหลง	后果	机翻	0	0
คว้าไขว่	紧握	机翻	0	0
ควาญช้าง	象夫	机翻	0	0
ควานหา	塔迪斯	机翻	0	0
ความกด	压力	机翻	0	0
ความกลม	圆度	机翻	0	0
ความกล้า	勇气	机翻	0	0
ความเก่ง	技能	机翻	0	0
ความเก่า	晚年	机翻	0	0
ความโกหก	一个谎言	机翻	0	0
ความขม	苦味	机翻	0	0
ความขลัง	炼金术	机翻	0	0
ความขลาด	怯懦	机翻	0	0
ความขัน	幽默	机翻	0	0
ความขาว	白度	机翻	0	0
ความขำ	笑声	机翻	0	0
ความขุ่น	浊度	机翻	0	0
ความเขลา	无知	机翻	0	0
ความแข็ง	硬度	机翻	0	0
ความคม	清晰度	机翻	0	0
ความคลาด	像差	机翻	0	0
ความคับ	松紧度	机翻	0	0
ความเค้น	压力	机翻	0	0
ความเค็ม	盐度	机翻	0	0
ความแค้น	怨恨	机翻	0	0
ความโค้ง	曲率	机翻	0	0
ความใคร่	性欲	机翻	0	0
ความงก	愚蠢	机翻	0	0
ความง่วง	昏睡	机翻	0	0
ความงั่ง	愚蠢	机翻	0	0
ความงาม	美丽	机翻	0	0
ความโง่	愚蠢	机翻	0	0
ความจงใจ	意图	机翻	0	0
ความจน	贫困	机翻	0	0
ความจำนง	欲望	机翻	0	0
ความเจ็บ	疼痛	机翻	0	0
ความแจ้ง	通知	机翻	0	0
ความแจ่ม	亮度	机翻	0	0
ความใจดำ	冷酷无情	机翻	0	0
ความชง	酿造	机翻	0	0
ความชนะ	胜利	机翻	0	0
ความชอบ	喜欢	机翻	0	0
ความชัง	恨	机翻	0	0
ความชัน	坡	机翻	0	0
ความชั่ว	邪恶的	机翻	0	0
ความชุ่ย	草率	机翻	0	0
ความซวย	不幸	机翻	0	0
ความซึ้ง	深度	机翻	0	0
ความซื่อ	诚实	机翻	0	0
ความแซ่บ	辣度	机翻	0	0
ความด้อย	自卑	机翻	0	0
ความดัง	响度	机翻	0	0
ความดำ	黑	机翻	0	0
ความดี	善良	机翻	0	0
ความดีใจ	喜悦	机翻	0	0
ความดื้อ	固执	机翻	0	0
ความดูแล	关心	机翻	0	0
ความเด่น	突出	机翻	0	0
ความตกใจ	震惊	机翻	0	0
ความตกลง	协议	机翻	0	0
ความตรง	直接	机翻	0	0
ความต่าง	不同之处	机翻	0	0
ความต่ำ	卑微	机翻	0	0
ความติ่ง	息肉	机翻	0	0
ความตึง	紧张	机翻	0	0
ความเต็ม	丰满度	机翻	0	0
ความถนัด	资质	机翻	0	0
ความถ่วง	重力	机翻	0	0
ความถ่อย	卑鄙	机翻	0	0
ความถูก	廉价	机翻	0	0
ความทน	耐用性	机翻	0	0
ความทรหด	韧性	机翻	0	0
ความทะนง	自豪	机翻	0	0
ความเท่	凉爽	机翻	0	0
ความแทรก	干涉	机翻	0	0
ความโทรม	破旧	机翻	0	0
ความน้อย	渺小	机翻	0	0
ความนัย	影响	机翻	0	0
ความนำ	领导	机翻	0	0
ความนิ่ม	柔软度	机翻	0	0
ความนิยม	人气	机翻	0	0
ความนุ่ม	柔软度	机翻	0	0
ความเน่า	腐烂	机翻	0	0
ความใน	里面	机翻	0	0
ความในใจ	心	机翻	0	0
ความบ้า	疯狂	机翻	0	0
ความแบ๊ว	可爱	机翻	0	0
ความปวด	疼痛	机翻	0	0
ความป่วย	疾病	机翻	0	0
ความปิติ	喜悦	机翻	0	0
ความเป๊ะ	精确	机翻	0	0
ความแป้ก	片状	机翻	0	0
ความผอม	薄度	机翻	0	0
ความฝืด	刚性	机翻	0	0
ความพอ	充分性	机翻	0	0
ความพอใจ	满意	机翻	0	0
ความพอดี	合身	机翻	0	0
ความมัน	油性	机翻	0	0
ความมั่ว	随机性	机翻	0	0
ความมี	拥有	机翻	0	0
ความมืด	黑暗	机翻	0	0
ความเมา	酒醉	机翻	0	0
ความโมโห	愤怒	机翻	0	0
ความยาก	困难	机翻	0	0
ความยาว	长度	机翻	0	0
ความยุ่ง	繁忙	机翻	0	0
ความเย็น	寒冷的	机翻	0	0
ความโย่ง	长度	机翻	0	0
ความรก	杂乱	机翻	0	0
ความร่วน	混乱	机翻	0	0
ความรวย	财富	机翻	0	0
ความรอด	救恩	机翻	0	0
ความร้อน	热	机翻	0	0
ความรั้น	看涨	机翻	0	0
ความราบ	平整度	机翻	0	0
ความร้าย	邪恶的	机翻	0	0
ความเร่ง	加速度	机翻	0	0
ความแรง	效力	机翻	0	0
ความล้า	疲劳	机翻	0	0
ความลาด	坡	机翻	0	0
ความลามก	淫秽	机翻	0	0
ความลึก	深度	机翻	0	0
ความลื่น	滑溜	机翻	0	0
ความโลภ	贪婪	机翻	0	0
ความว่าง	空虚	机翻	0	0
ความวาว	光泽	机翻	0	0
ความไว	灵敏度	机翻	0	0
ความสง่า	优雅	机翻	0	0
ความสด	新鲜	机翻	0	0
ความสถุล	稳定	机翻	0	0
ความสนุก	乐趣	机翻	0	0
ความสบาย	舒适	机翻	0	0
ความสยอง	恐怖	机翻	0	0
ความสยิว	乐趣	机翻	0	0
ความสรุป	结论	机翻	0	0
ความสลด	悲伤	机翻	0	0
ความสลัว	昏暗	机翻	0	0
ความสวย	美丽	机翻	0	0
ความสาว	青年	机翻	0	0
ความสูง	高度	机翻	0	0
ความเสมอ	平等	机翻	0	0
ความใส	明晰	机翻	0	0
ความหนา	厚度	机翻	0	0
ความหนืด	粘度	机翻	0	0
ความหยาบ	粗糙度	机翻	0	0
ความหลง	痴情	机翻	0	0
ความหล่อ	帅气	机翻	0	0
ความหลัง	过去	机翻	0	0
ความหลาก	种类	机翻	0	0
ความหวง	妒忌	机翻	0	0
ความหวาน	甜味	机翻	0	0
ความหิว	饥饿	机翻	0	0
ความหื่น	欲望	机翻	0	0
ความเหงา	孤独	机翻	0	0
ความเห็น	观点	机翻	0	0
ความแห้ง	干燥	机翻	0	0
ความโหด	残酷	机翻	0	0
ความใหม่	新奇	机翻	0	0
ความอยาก	渴望	机翻	0	0
ความอ้วน	肥胖	机翻	0	0
ความอ่อน	亮度	机翻	0	0
ความอับ	闷热	机翻	0	0
ความอาทร	关怀	机翻	0	0
ความอาย	害羞	机翻	0	0
ความอารี	慷慨	机翻	0	0
ความอิ่ม	丰满度	机翻	0	0
ความอึด	耐力	机翻	0	0
ความเฮง	运气	机翻	0	0
คว่ำหลัง	使脸朝下	机翻	0	0
ควินซ์	桲	机翻	0	0
ควินิน	奎宁	机翻	0	0
ควิเบก	魁北克	机翻	0	0
คหบดี	富有的	机翻	0	0
คหปตานี	情妇	机翻	0	0
ค็อกคัส	球菌	机翻	0	0
คอกช้าง	大象笔	机翻	0	0
ค็อกเทล	鸡尾酒	机翻	0	0
คอกพยาน	证人席	机翻	0	0
คอกม้า	稳定的	机翻	0	0
คอกลม	圆领	机翻	0	0
คอกะลาสี	水手领	机翻	0	0
คอขวด	瓶颈	机翻	0	0
คอแข็ง	无言地	机翻	0	0
คอคอด	瓶颈	机翻	0	0
คองเกรส	国会	机翻	0	0
คองโก	刚果	机翻	0	0
คอจีน	中式领子	机翻	0	0
คอเชิ้ต	衬衫领子	机翻	0	0
คอซอง	船领口	机翻	0	0
คอซอวอ	科索沃	机翻	0	0
คอตก	沮丧地	机翻	0	0
คอต่อ	颈部伸展	机翻	0	0
คอตั้ง	脖子站起来	机翻	0	0
คอตีบ	白喉	机翻	0	0
คอเต่า	高领毛衣	机翻	0	0
คอทองแดง	饮酒者	机翻	0	0
คอนกรีต	具体的	机翻	0	0
ค่อนขอด	蚕食	机翻	0	0
ค้อนควัก	睥	机翻	0	0
ค่อนคืน	相当长的一夜	机翻	0	0
ค่อนแคะ	鲤鱼	机翻	0	0
คอนญัก	科涅克白兰地	机翻	0	0
คอนดอม	避孕套	机翻	0	0
ค้อนติง	嫉妒地提醒	机翻	0	0
คอนลีย์	康利	机翻	0	0
ค่อนวัน	相当一天	机翻	0	0
ค่อนว่า	相当	机翻	0	0
คอนแวนต์	修道院	机翻	0	0
คอบัว	莲花颈	机翻	0	0
คอปาด	船颈	机翻	0	0
คอพอก	甲状腺肿	机翻	0	0
คอพับ	翻领	机翻	0	0
ค้อมตัว	跪拜	机翻	0	0
คอมมานโด	突击队	机翻	0	0
คอโมโรส	科摩罗	机翻	0	0
คอยท่า	等待	机翻	0	0
คอยล์	线圈	机翻	0	0
คอยเหตุ	等待一个事件	机翻	0	0
คอยโอกาส	等待机会	机翻	0	0
คอร์ซิกา	科西嘉岛	机翻	0	0
คอร์ด	弦	机翻	0	0
คอร์ต	法庭	机翻	0	0
คอร์ส	课程	机翻	0	0
คอระฆัง	佛塔颈部	机翻	0	0
คอรันดัม	刚玉	机翻	0	0
คอแร้ง	笔	机翻	0	0
คอลลาเจน	胶原	机翻	0	0
คอลัมน์	柱子	机翻	0	0
คอวี	V领	机翻	0	0
คอสเพลย์	角色扮演	机翻	0	0
คอสอง	第二颈	机翻	0	0
คอสะพาน	桥牌半决赛	机翻	0	0
คอสูง	高领	机翻	0	0
คอเสื้อ	衣领	机翻	0	0
คอหอย	咽	机翻	0	0
คอหอยพอก	甲状腺肿	机翻	0	0
คอห่าน	鹅颈	机翻	0	0
คอแห้ง	感觉干燥	机翻	0	0
คอแหลม	尖颈	机翻	0	0
คะตะกะนะ	片假名	机翻	0	0
คะตะคะนะ	片假名	机翻	0	0
คะนอง	火热	机翻	0	0
คะนิ้ง	卡宁	机翻	0	0
คะนึง	沉思	机翻	0	0
คะนึงถึง	考虑到	机翻	0	0
คะเน	猜测	机翻	0	0
คะมำ	推翻	机翻	0	0
คะเยอ	发痒	机翻	0	0
คะราวาษ	卡拉瓦特	机翻	0	0
คัคนัมพร	地平线	机翻	0	0
คัคนางค์	地平线	机翻	0	0
คัคนานต์	地平线	机翻	0	0
คั่งค้าง	我被困住了	机翻	0	0
คั่งแค้น	愤怒	机翻	0	0
คัณฑสูตร	肛门脓肿	机翻	0	0
คัดจมูก	鼻子塞住	机翻	0	0
คัดฉาก	场景放映	机翻	0	0
คัดตัว	试镜	机翻	0	0
คัดท้าย	驾驶	机翻	0	0
คัดไทย	精选泰语	机翻	0	0
คัดแยก	排序	机翻	0	0
คัดเลือด	坚定	机翻	0	0
คัดสำเนา	复制	机翻	0	0
คัดออก	排除	机翻	0	0
คัทลียา	卡特兰	机翻	0	0
คันคะเยอ	瘙痒	机翻	0	0
คันจิ	汉字	机翻	0	0
คันฉ่อง	镜子	机翻	0	0
คันชัก	小提琴弓	机翻	0	0
คันชั่ง	平衡	机翻	0	0
คันดิน	堤	机翻	0	0
คันโดง	桅杆	机翻	0	0
คันถธุระ	业务项目	机翻	0	0
คันไถ	犁	机翻	0	0
คันธกุฎี	佛陀的居所	机翻	0	0
คันธนู	弓	机翻	0	0
คันธะ	坎塔	机翻	0	0
คันนา	岭	机翻	0	0
คันเบ็ด	钓竿	机翻	0	0
คันปาก	嘴痒	机翻	0	0
คันโพง	喷壶的长喷嘴	机翻	0	0
คันโยก	杠杆	机翻	0	0
คันเร่ง	加速器	机翻	0	0
คันศร	弓	机翻	0	0
คันส่ง	传动杆	机翻	0	0
คับขัน	紧的	机翻	0	0
คับแค้น	海峡	机翻	0	0
คับใจ	沮丧的	机翻	0	0
คัพเค้ก	纸杯蛋糕	机翻	0	0
คัมภีร์	圣经	机翻	0	0
คากรอง	筛选	机翻	0	0
ค่ากลาง	中位数	机翻	0	0
ค้ากาม	卖淫	机翻	0	0
ค่าขนส่ง	运费	机翻	0	0
ค้าขาย	贸易	机翻	0	0
ค่าคงตัว	持续的	机翻	0	0
ค่าคงที่	持续的	机翻	0	0
ค่าโฆษณา	广告费	机翻	0	0
ค้างคา	未完成	机翻	0	0
ค้างคาว	蝙蝠	机翻	0	0
ค้างคืน	过夜	机翻	0	0
คางทูม	腮腺炎	机翻	0	0
ค้างปี	逾期一年	机翻	0	0
ค้างแรม	过夜	机翻	0	0
ค่างวด	分期付款	机翻	0	0
คางหมู	梯形	机翻	0	0
คางาวะ	香川	机翻	0	0
ค่าโง่	愚蠢的价值	机翻	0	0
คาโงชิมะ	鹿儿岛	机翻	0	0
คาใจ	想知道	机翻	0	0
ค่าชดเชย	赔偿	机翻	0	0
คาดคั้น	力量	机翻	0	0
คาดค่า	估计值	机翻	0	0
คาดคิด	预期的	机翻	0	0
คาดเดา	猜测	机翻	0	0
คาดโทษ	期待惩罚	机翻	0	0
คาดฝัน	预计	机翻	0	0
คาดหน้า	头巾	机翻	0	0
คาดหมัด	准备战斗	机翻	0	0
ค่าต๋ง	通费	机翻	0	0
ค่าตัว	价格	机翻	0	0
ค่าตั๋ว	门票费用	机翻	0	0
คาตา	字	机翻	0	0
คาตากานะ	片假名	机翻	0	0
คาถา	拼写	机翻	0	0
คาถาพัน	一千个咒语	机翻	0	0
คาถาอาคม	黑魔法	机翻	0	0
ค่าไถ่	赎金	机翻	0	0
ค่าทดแทน	赔偿	机翻	0	0
คาทอลิก	天主教	机翻	0	0
คาที่	在那个地方	机翻	0	0
ค่าเทอม	学期费用	机翻	0	0
คานหาม	轿车	机翻	0	0
คานอำนาจ	动力光束	机翻	0	0
คานะ	假名	机翻	0	0
คานางาวะ	神奈川	机翻	0	0
คานาซาวะ	金泽	机翻	0	0
คานาอัน	迦南	机翻	0	0
ค่าน้ำนม	牛奶成本	机翻	0	0
คาบข่าว	新闻时段	机翻	0	0
คาบเจ้า	带着你	机翻	0	0
คาบสมุทร	半岛	机翻	0	0
คาบเส้น	覆盖线	机翻	0	0
ค่าบำรุง	维护费	机翻	0	0
คาบูล	喀布尔	机翻	0	0
คาปรับ	美好的	机翻	0	0
ค้าปลีก	零售	机翻	0	0
ค่าพาหนะ	交通费	机翻	0	0
คาเฟ่	咖啡店	机翻	0	0
คาเฟอีน	咖啡因	机翻	0	0
ค่าไฟฟ้า	电费单	机翻	0	0
ค่าภาษี	税	机翻	0	0
คามวาสี	卡姆瓦西	机翻	0	0
คามือ	在手	机翻	0	0
คายกคณะ	合唱	机翻	0	0
คายตะขาบ	蜈蚣吐口水	机翻	0	0
คายตัว	吐痰	机翻	0	0
ค่ายทหาร	军营	机翻	0	0
คายทิ้ง	吐出来	机翻	0	0
ค่ายมวย	拳击营	机翻	0	0
คายัค	皮艇	机翻	0	0
ค่ารถ	汽车费	机翻	0	0
คาร์ทูม	喀土穆	机翻	0	0
คารม	发声	机翻	0	0
คารวะ	尊敬	机翻	0	0
ค่าระวาง	货运	机翻	0	0
ค่ารักษา	治疗费用	机翻	0	0
คาราเต้	空手道	机翻	0	0
คาราเมล	焦糖	机翻	0	0
คาราวาน	大篷车	机翻	0	0
คาเรเลีย	卡累利阿	机翻	0	0
ค่าเรียน	学费	机翻	0	0
ค่าเรือ	船费	机翻	0	0
คาวบอย	牛仔	机翻	0	0
คาวปลา	生腥味	机翻	0	0
คาวเลือด	血腥	机翻	0	0
คาเวียร์	鱼子酱	机翻	0	0
ค้าส่ง	批发的	机翻	0	0
คาสเซ็ต	盒式磁带	机翻	0	0
คาสิโน	赌场	机翻	0	0
ค่าหัว	赏金	机翻	0	0
คำกลอน	诗	机翻	0	0
คำกล่าว	说	机翻	0	0
คำแก้ตัว	原谅	机翻	0	0
คำขยาย	形容词	机翻	0	0
คำขวัญ	口号	机翻	0	0
คำขอโทษ	道歉	机翻	0	0
คำขอบคุณ	谢谢	机翻	0	0
คำขาด	最后通牒	机翻	0	0
คำขานรับ	致谢	机翻	0	0
คำขู่	威胁	机翻	0	0
คำคม	引述	机翻	0	0
คำครหา	一阵骚动	机翻	0	0
ค้ำคอ	胁迫	机翻	0	0
ค่ำคืน	夜晚	机翻	0	0
คำโคลง	诗句	机翻	0	0
คำจารึก	题词	机翻	0	0
ค้ำจุน	维持	机翻	0	0
คำเฉลย	答案	机翻	0	0
คำชม	赞扬	机翻	0	0
คำชมเชย	赞扬	机翻	0	0
คำชวน	邀请函	机翻	0	0
คำชักชวน	劝说	机翻	0	0
คำชี้ขาด	决定性的词	机翻	0	0
คำชี้แจง	解释	机翻	0	0
ค้ำชู	耽误	机翻	0	0
คำเชิญ	邀请函	机翻	0	0
คำแช่ง	诅咒	机翻	0	0
คำด่า	诅咒	机翻	0	0
คำดีควาย	好话水牛	机翻	0	0
คำเดี่ยว	单字	机翻	0	0
คำโดด	一句话	机翻	0	0
คำต่อคำ	逐字	机翻	0	0
คำตั้ง	康登	机翻	0	0
คำตาย	死话	机翻	0	0
คำตำหนิ	抱怨	机翻	0	0
คำติชม	反馈	机翻	0	0
คำติดต่อ	联系方式	机翻	0	0
คำเต็ม	完整的话	机翻	0	0
คำเติม	附录	机翻	0	0
คำใต้	南字	机翻	0	0
คำถามปิด	封闭式问题	机翻	0	0
คำแถลง	陈述	机翻	0	0
คำทำนาย	预言	机翻	0	0
คำธรรมดา	普通话	机翻	0	0
คำนับ	弓	机翻	0	0
คำนำ	介绍	机翻	0	0
คำนำหน้า	前缀	机翻	0	0
คำนิยม	流行词	机翻	0	0
คำนิยาม	定义	机翻	0	0
คำนึง	考虑	机翻	0	0
คำนูณ	乘	机翻	0	0
คำบรรยาย	字幕	机翻	0	0
คำบริภาษ	草原话	机翻	0	0
คำบัญชา	命令	机翻	0	0
คำปฏิญาณ	发誓	机翻	0	0
คำปฏิเสธ	免责声明	机翻	0	0
คำประกาศ	宣言	机翻	0	0
คำประสม	复合词	机翻	0	0
คำปรามาส	侮辱	机翻	0	0
คำปรารภ	前言	机翻	0	0
คำปรึกษา	咨询	机翻	0	0
คำแปล	翻译	机翻	0	0
คำผวน	波动的词	机翻	0	0
คำผสม	混合词	机翻	0	0
คำผัน	共轭词	机翻	0	0
คำพ้อง	同义词	机翻	0	0
คำพังเพย	警句	机翻	0	0
คำพูด	演讲	机翻	0	0
ค้ำฟ้า	不休	机翻	0	0
คำภาวนา	祷告	机翻	0	0
คำมั่น	承诺	机翻	0	0
ค่ำมืด	黄昏	机翻	0	0
คำเมือง	坎芒	机翻	0	0
คำยกยอ	奉承	机翻	0	0
คำยกย่อง	称赞	机翻	0	0
คำย่อ	缩写	机翻	0	0
คำยินยอม	同意	机翻	0	0
คำยืนยัน	确认	机翻	0	0
คำยืม	借用词	机翻	0	0
คำเยินยอ	奉承	机翻	0	0
คำรบ	战言	机翻	0	0
คำร้องขอ	应用	机翻	0	0
คำรับรอง	感言	机翻	0	0
คำราม	吼	机翻	0	0
คำลงท้าย	结束语	机翻	0	0
คำลามก	淫秽言语	机翻	0	0
คำวิงวอน	恳求	机翻	0	0
คำสดุดี	诗篇	机翻	0	0
คำสบถ	脏话	机翻	0	0
คำสมาส	复合词	机翻	0	0
คำสอน	教义	机翻	0	0
คำสัญญา	承诺	机翻	0	0
คำสัตย์	誓言	机翻	0	0
คำสันธาน	连词	机翻	0	0
คำสาบาน	誓言	机翻	0	0
คำสาป	诅咒	机翻	0	0
คำสารภาพ	忏悔	机翻	0	0
คำสุภาพ	礼貌用语	机翻	0	0
คำเสก	神圣的话语	机翻	0	0
คำเสนอ	提供	机翻	0	0
คำหยาบ	粗俗的话	机翻	0	0
คำหลวง	康銮	机翻	0	0
คำหลัก	关键词	机翻	0	0
คำหวาน	花言巧语	机翻	0	0
คำหับ	字	机翻	0	0
ค้ำหัว	头部支撑	机翻	0	0
คำแหง	甘亨	机翻	0	0
คำให้การ	见证	机翻	0	0
คำอำลา	告别	机翻	0	0
คำอุทาน	欹	机翻	0	0
คำอุทิศ	奉献精神	机翻	0	0
คำอุปมา	隐喻	机翻	0	0
คิกคัก	傻笑	机翻	0	0
คิชฌะ	基查	机翻	0	0
คิดคด	背叛	机翻	0	0
คิดคำนึง	考虑	机翻	0	0
คิดดู	想一想	机翻	0	0
คิดได้	能思考	机翻	0	0
คิดตก	我正在考虑	机翻	0	0
คิดถึง	错过	机翻	0	0
คิดทบทวน	想一想	机翻	0	0
คิดในใจ	在心里想想	机翻	0	0
คิดบัญชี	会计	机翻	0	0
คิดผิด	错误的	机翻	0	0
คิดฝัน	梦	机翻	0	0
คิดแพง	昂贵的	机翻	0	0
คิดมาก	想了很多	机翻	0	0
คิดย้อน	回想一下	机翻	0	0
คิดราคา	计算价格	机翻	0	0
คิดร้าย	恶意的	机翻	0	0
คิดลึก	深入思考	机翻	0	0
คิดเลข	计算	机翻	0	0
คิดว่า	思考	机翻	0	0
คิดสั้น	自杀	机翻	0	0
คิดหนัก	认真思考	机翻	0	0
คิดหวัง	希望	机翻	0	0
คิดเห็น	评论	机翻	0	0
คิดออก	弄清楚	机翻	0	0
คิดอ่าน	思考和阅读	机翻	0	0
คิมหันต์	夏天	机翻	0	0
คิริ	乞力马扎罗山	机翻	0	0
คิริบาส	基里巴斯	机翻	0	0
คิรี	瓦尔基里	机翻	0	0
คิลานะ	生病的人	机翻	0	0
คิวบา	古巴	机翻	0	0
คิวรถ	汽车排队	机翻	0	0
คีชีเนา	基希讷乌	机翻	0	0
คีตกวี	作曲家	机翻	0	0
คีตะ	北	机翻	0	0
คีเฟอร์	开菲尔	机翻	0	0
คีมจับ	钳	机翻	0	0
คีย์	钥匙	机翻	0	0
คีรี	基里	机翻	0	0
คีวชู	九州	机翻	0	0
คึกคะนอง	兴奋的	机翻	0	0
คึกคัก	忙碌	机翻	0	0
คึกคาม	吵闹的	机翻	0	0
คืนคำ	收回你的话	机翻	0	0
คืนจอ	返回屏幕	机翻	0	0
คืนชีพ	复活	机翻	0	0
คืนดี	调和	机翻	0	0
คืนดีกัน	调和	机翻	0	0
คืนตัว	恢复	机翻	0	0
คืนวัน	约会之夜	机翻	0	0
คืนสติ	苏醒	机翻	0	0
คืนหนึ่ง	一晚	机翻	0	0
คืบคลาน	爬行	机翻	0	0
คืบหน้า	进步	机翻	0	0
คุ๊กกี้	曲奇饼	机翻	0	0
คุกเข่า	下跪	机翻	0	0
คุกคาม	威胁	机翻	0	0
คุกรุ่น	闷烧	机翻	0	0
คุ้งน้ำ	河湾	机翻	0	0
คุชราต	古吉拉特邦	机翻	0	0
คุณครู	老师	机翻	0	0
คุณค่า	价值	机翻	0	0
คุณชาย	先生	机翻	0	0
คุณตา	外公	机翻	0	0
คุณนาย	女士	机翻	0	0
คุณป้า	阿姨	机翻	0	0
คุณปู่	爷爷	机翻	0	0
คุณพระ	僧	机翻	0	0
คุณพ่อ	父亲	机翻	0	0
คุณภาพดี	品质好	机翻	0	0
คุณแม่	母亲	机翻	0	0
คุณย่า	祖母	机翻	0	0
คุณยาย	奶奶	机翻	0	0
คุณวุฒิ	资质	机翻	0	0
คุณศัพท์	形容词	机翻	0	0
คุณไสย	坤赛	机翻	0	0
คุณหญิง	女士	机翻	0	0
คุณหนู	错过	机翻	0	0
คุณหมอ	医生	机翻	0	0
คุณูปการ	贡献	机翻	0	0
คุโณปการ	贡献	机翻	0	0
คุดคู้	卷曲	机翻	0	0
คุดทะราด	雅司病	机翻	0	0
คุ้นเคย	熟悉的	机翻	0	0
คุ้นชิน	习惯	机翻	0	0
คุ้นตา	熟悉的景象	机翻	0	0
คุ้นหน้า	熟悉的面孔	机翻	0	0
คุ้นหู	熟悉的	机翻	0	0
คุ้มกัน	护送	机翻	0	0
คุมแค้น	恶意	机翻	0	0
คุมแจ	控制	机翻	0	0
คุมเชิง	警惕地	机翻	0	0
คุมตัว	扣留	机翻	0	0
คุมท้อง	妊娠控制	机翻	0	0
คุ้มภัย	保护	机翻	0	0
คุยจ้อ	喋喋不休	机翻	0	0
คุยโต	吹牛	机翻	0	0
คุยโม้	吹牛	机翻	0	0
คุยโว	吹牛	机翻	0	0
คุ้ยหา	翻找	机翻	0	0
คุรุ	大师	机翻	0	0
คุรุสภา	教师委员会	机翻	0	0
คู่กรณี	聚会	机翻	0	0
คู่กัด	战斗伙伴	机翻	0	0
คู่ขนาน	平行线	机翻	0	0
คู่ขอน	夫妻	机翻	0	0
คู่ขา	伙伴	机翻	0	0
คู่ครอง	配偶	机翻	0	0
คู่ควง	摇摆的伙伴	机翻	0	0
คู่ควร	值得	机翻	0	0
คู่ความ	当事人	机翻	0	0
คู่คิด	伙伴	机翻	0	0
คู่คี่	非常接近	机翻	0	0
คู่เคียง	伙伴	机翻	0	0
คู่แค้น	敌人	机翻	0	0
คู่จิ้น	理想情侣	机翻	0	0
คู่ใจ	情人	机翻	0	0
คู่ฉบับ	复制	机翻	0	0
คู่ชิง	竞争对手	机翻	0	0
คู่ชีพ	必不可少	机翻	0	0
คู่ชีวิต	生活伴侣	机翻	0	0
คู่ชื่น	亲爱的	机翻	0	0
คู่ซ้อม	陪练伙伴	机翻	0	0
คู่ซี้	最好的朋友	机翻	0	0
คู่นอน	睡觉的伙伴	机翻	0	0
คูน้ำ	沟	机翻	0	0
คู่บารมี	雄伟	机翻	0	0
คู่ปรับ	竞争对手	机翻	0	0
คู่แฝด	双胞胎	机翻	0	0
คู่พิพาท	索赔	机翻	0	0
คูเมือง	护城河	机翻	0	0
คูเรียม	锔	机翻	0	0
คู่ลำดับ	序列对	机翻	0	0
คู่เล่น	玩伴	机翻	0	0
คูเวต	科威特	机翻	0	0
คู่สนทนา	对话者	机翻	0	0
คู่สวด	祷告伙伴	机翻	0	0
คู่สาย	线	机翻	0	0
คู่หมั้น	未婚妻	机翻	0	0
คูหา	洞穴	机翻	0	0
คู่หู	伙伴	机翻	0	0
คู่อริ	敌人	机翻	0	0
คู่อาฆาต	对手	机翻	0	0
คู่เอก	主要比赛	机翻	0	0
เค้เก้	可耻地	机翻	0	0
เค็ตชัป	番茄酱	机翻	0	0
เค้นคอ	项圈	机翻	0	0
เคนทักกี	肯塔基州	机翻	0	0
เคนยา	肯尼亚	机翻	0	0
เคเบิล	电缆	机翻	0	0
เคยชิน	惯于	机翻	0	0
เคยตัว	习惯它	机翻	0	0
เคยปาก	你曾经说过话吗？	机翻	0	0
เคยมือ	你曾经有过一只手吗？	机翻	0	0
เครมลิน	克里姆林宫	机翻	0	0
เครย์ฟิช	小龙虾	机翻	0	0
เคราแพะ	山羊胡	机翻	0	0
เคราะห์	运气	机翻	0	0
เครือเขา	山脉	机翻	0	0
เครือดิน	土壤网络	机翻	0	0
เครือเถา	模制品	机翻	0	0
เครือรัฐ	联邦	机翻	0	0
เคล็ดลับ	尖端	机翻	0	0
เคลียคลอ	讨好	机翻	0	0
เคลียร์	清除	机翻	0	0
เคส	案件	机翻	0	0
เคหสถาน	栖息地	机翻	0	0
เคหะสถาน	住房	机翻	0	0
เคอร์ฟิว	宵禁	机翻	0	0
เคอะเขิน	尴尬的	机翻	0	0
เค้าความ	含义	机翻	0	0
เค้าโครง	大纲	机翻	0	0
เค้าเดิม	原有结构	机翻	0	0
เคานต์	数数	机翻	0	0
เคาน์เตส	伯爵夫人	机翻	0	0
เค้ามูล	来源	机翻	0	0
เค้าแมว	猫头鹰	机翻	0	0
เค้าหน้า	脸	机翻	0	0
เคียงคู่	并排	机翻	0	0
เคียฟ	基辅	机翻	0	0
เคืองใจ	我很生气	机翻	0	0
เคืองตา	眼睛发炎	机翻	0	0
แคดเมียม	镉	机翻	0	0
แคตไอออน	阳离子	机翻	0	0
แคโทด	阴极	机翻	0	0
แค้นคอ	不满	机翻	0	0
แค่นแคะ	批评	机翻	0	0
แค้นใจ	不满	机翻	0	0
แคนซัส	堪萨斯州	机翻	0	0
แคนตาลูป	哈密​​瓜	机翻	0	0
แคนวาส	帆布	机翻	0	0
แค่นั้น	就是这样	机翻	0	0
แคนาดา	加拿大	机翻	0	0
แค่นี้	就是这样	机翻	0	0
แคบหมู	猪皮	机翻	0	0
แคปซูล	胶囊	机翻	0	0
แคปไซซิน	辣椒素	机翻	0	0
แคปปา	河童	机翻	0	0
แคมป์	营	机翻	0	0
แคเมอรูน	喀麦隆	机翻	0	0
แค้ยักษ์	凯牦牛	机翻	0	0
แคร์	关心	机翻	0	0
แคร์รอต	胡萝卜	机翻	0	0
แคร่หาม	担架	机翻	0	0
แคลคูลัส	结石	机翻	0	0
แคลงใจ	怀疑	机翻	0	0
แคลเซียม	钙	机翻	0	0
แคลอรี่	卡路里	机翻	0	0
แคะไค้	唠叨	机翻	0	0
โค๊ก	可乐	机翻	0	0
โคกะโหลก	头骨牛	机翻	0	0
โคกูรยอ	高句丽	机翻	0	0
โคคาอีน	可卡因	机翻	0	0
โคเคน	可卡因	机翻	0	0
โคจร	轨道	机翻	0	0
โคจิ	曲	机翻	0	0
โคช	教练	机翻	0	0
โคชูจัง	辣椒酱	机翻	0	0
โคโซโว	科索沃	机翻	0	0
โคไซน์	余弦	机翻	0	0
โค้ดลับ	密码	机翻	0	0
โคตม	小玉	机翻	0	0
โคตมะ	乔达摩	机翻	0	0
โคตร	血统	机翻	0	0
โคตรเพชร	超级钻石	机翻	0	0
โคนขา	股骨	机翻	0	0
โคนม	乳牛	机翻	0	0
โค่นล้ม	推翻	机翻	0	0
โคเนื้อ	肉牛	机翻	0	0
โคบอลต์	钴	机翻	0	0
โคบาล	牛仔	机翻	0	0
โคเบะ	神户	机翻	0	0
โคไพร	干椰肉	机翻	0	0
โคมเขียว	绿灯笼	机翻	0	0
โคมไฟถนน	路灯	机翻	0	0
โคมระย้า	枝形吊灯	机翻	0	0
โคมลอย	毫无根据的	机翻	0	0
โคมเวียน	旋转灯	机翻	0	0
โคม่า	昏迷	机翻	0	0
โคมี	科米	机翻	0	0
โคมูตร	牛	机翻	0	0
โครงข่าย	网络	机翻	0	0
โครงจมูก	桥	机翻	0	0
โครงร่าง	大纲	机翻	0	0
โครมคราม	一声巨响	机翻	0	0
โครเมียม	铬	机翻	0	0
โครโมโซม	染色体	机翻	0	0
โครยอ	高丽	机翻	0	0
โคราช	呵叻	机翻	0	0
โคลงกลอน	诗	机翻	0	0
โคลงเคลง	摇摇晃晃的	机翻	0	0
โคลนตม	泥	机翻	0	0
โคลนถล่ม	泥石流	机翻	0	0
โคลัมโบ	科伦坡	机翻	0	0
โคล่า	可乐	机翻	0	0
โคโลญ	科隆	机翻	0	0
โคโลญจ์	科隆	机翻	0	0
โคโลญจน์	科隆	机翻	0	0
โคโลราโด	科罗拉多州	机翻	0	0
โควิด	冠状病毒	机翻	0	0
โควิท	冠状病毒	机翻	0	0
โคอาลา	考拉	机翻	0	0
ใครก็ได้	任何人都可以	机翻	0	0
ใครก็ตาม	谁	机翻	0	0
ใคร่ครวญ	沉思	机翻	0	0
ใคร่รู้	想知道吗？	机翻	0	0
ไคโยตี	土狼	机翻	0	0
ไครเมีย	克里米亚	机翻	0	0
ไคโร	开罗	机翻	0	0
ไคลแมกซ์	高潮	机翻	0	0
ฅวาง	地方	机翻	0	0
ฅวาม	ฅwām	机翻	0	0
ฅุ๋ม	图姆	机翻	0	0
ฆ	ก	机翻	0	0
ฆตต	加托特	机翻	0	0
ฆรณี	卡拉尼	机翻	0	0
ฆราวาส	世俗	机翻	0	0
ฆ่าแกง	杀掉咖喱	机翻	0	0
ฆ่าเชื้อ	消毒	机翻	0	0
ฆาตกร	刺客	机翻	0	0
ฆาตกรรม	谋杀	机翻	0	0
ฆ่าฟัน	杀	机翻	0	0
ฆ่าเวลา	消磨时间	机翻	0	0
เฆี่ยนตี	鞭打	机翻	0	0
โฆษก	发言人	机翻	0	0
โฆษณาการ	广告	机翻	0	0
โฆษะ	发声	机翻	0	0
โฆษิต	科西特	机翻	0	0
ง	d	机翻	0	0
งกเงิน	藏钱	机翻	0	0
งงงวย	困惑	机翻	0	0
งงเต้ก	我很困惑	机翻	0	0
งดงาม	美丽的	机翻	0	0
งดเว้น	弃权	机翻	0	0
งมโข่ง	变得迟钝	机翻	0	0
งมงาย	无知	机翻	0	0
ง่วงงุน	昏昏欲睡	机翻	0	0
งวงช้าง	树干	机翻	0	0
ง่วงนอน	困	机翻	0	0
ง่วงเหงา	昏昏欲睡	机翻	0	0
งอกงาม	生长	机翻	0	0
งอกเงย	生长	机翻	0	0
ง่องแง่ง	琐事	机翻	0	0
ง้องอน	调解	机翻	0	0
งอแง	哭泣	机翻	0	0
งอนง้อ	调解	机翻	0	0
ง่อนแง่น	摇摇晃晃的	机翻	0	0
งอนไถ	乌尔萨	机翻	0	0
งอมแงม	长期地	机翻	0	0
งอหาย	无法控制地	机翻	0	0
งัดข้อ	摔角	机翻	0	0
งันงก	颤抖地	机翻	0	0
งัวเงีย	困	机翻	0	0
งาช้าง	象牙	机翻	0	0
งานการ	工作	机翻	0	0
งานเข้า	工作即将到来	机翻	0	0
งานเขียน	写作工作	机翻	0	0
งานค้าง	积压	机翻	0	0
งานจร	流浪工作	机翻	0	0
งานฉลอง	庆典	机翻	0	0
งานช้าง	大象博览会	机翻	0	0
งานแต่ง	婚礼	机翻	0	0
งานทำบุญ	创造价值的工作	机翻	0	0
งานบ้าน	家务	机翻	0	0
งานบุญ	功绩活动	机翻	0	0
งานปี	一年来的工作	机翻	0	0
งานแปล	翻译工作	机翻	0	0
งานฝีมือ	手工业	机翻	0	0
งานพิธี	仪式	机翻	0	0
งานมงคล	吉祥事	机翻	0	0
งานร่าง	草稿工作	机翻	0	0
งานราตรี	晚会	机翻	0	0
งานลีลาศ	舞蹈节	机翻	0	0
งานวัด	寺庙工作	机翻	0	0
งานศพ	葬礼	机翻	0	0
งานศิลปะ	艺术品	机翻	0	0
งานสนาม	现场工作	机翻	0	0
งานสมโภช	庆典	机翻	0	0
งานสอน	教学工作	机翻	0	0
งานสังคม	社会工作	机翻	0	0
งานแสดง	展览	机翻	0	0
งานหนัก	努力工作	机翻	0	0
งานหลวง	皇家博览会	机翻	0	0
งานหลัก	主要工作	机翻	0	0
งานใหญ่	大事件	机翻	0	0
งานอาชีพ	职业工作	机翻	0	0
ง่ามขา	裆	机翻	0	0
งามงอน	公平一点	机翻	0	0
งามตา	美丽到眼睛	机翻	0	0
ง่ามถ่อ	头中间秃了	机翻	0	0
ง่ามเท้า	叉脚	机翻	0	0
งามพร้อม	美丽且准备就绪	机翻	0	0
ง่ามมือ	叉	机翻	0	0
งามสง่า	优雅的	机翻	0	0
งามหน้า	美丽的脸庞	机翻	0	0
ง่ายดาย	容易地	机翻	0	0
งี่เง่า	愚蠢的	机翻	0	0
งีบหลับ	小睡一下	机翻	0	0
งึมงำ	嘀咕	机翻	0	0
งุนงง	茫然的	机翻	0	0
งุ่นง่าน	受到骚扰	机翻	0	0
งุบงิบ	串通	机翻	0	0
งุ่มง่าม	看跌的	机翻	0	0
งูจงอาง	眼镜王蛇	机翻	0	0
งูผู้	雄性蛇	机翻	0	0
งูพิษ	虺	机翻	0	0
งูสวัด	带状疱疹	机翻	0	0
งูหลาม	Python	机翻	0	0
งูเหลือม	蟒蛇	机翻	0	0
งูเห่า	眼镜蛇	机翻	0	0
เงยหน้า	抬头	机翻	0	0
เงรุลมุด	恩吉鲁穆德	机翻	0	0
เง่หมึง	我很困惑	机翻	0	0
เงอะงะ	笨拙	机翻	0	0
เง้างอด	生气	机翻	0	0
เงาดำ	暗影	机翻	0	0
เงามัว	半影	机翻	0	0
เงามืด	阴影	机翻	0	0
เงาวับ	闪亮的	机翻	0	0
เงินก้อน	和	机翻	0	0
เงินกำไร	利润	机翻	0	0
เงินได้	收入	机翻	0	0
เงินตาย	死钱	机翻	0	0
เงินทอง	钱	机翻	0	0
เงินนอน	睡觉的钱	机翻	0	0
เงินบาท	铢	机翻	0	0
เงินปลอม	假币	机翻	0	0
เงินปลีก	零售货币	机翻	0	0
เงินปี	年金	机翻	0	0
เงินแป	采购钱	机翻	0	0
เงินผ่อน	分期付款	机翻	0	0
เงินฝืด	通货紧缩	机翻	0	0
เงินยวง	银白色	机翻	0	0
เงินร้อน	游资	机翻	0	0
เงินสมทบ	贡献	机翻	0	0
เงินสะสม	累积金钱	机翻	0	0
เงินหลวง	皇家金钱	机翻	0	0
เงินโอน	转账	机翻	0	0
เงียบงัน	沉默的	机翻	0	0
เงียบงำ	安静的	机翻	0	0
เงียบฉี่	很安静	机翻	0	0
เงี่ยหู	调音	机翻	0	0
เงื้อง่า	抬起头	机翻	0	0
เงื่อนงำ	线索	机翻	0	0
เงื่อนปม	结	机翻	0	0
เงื้อมือ	离合器	机翻	0	0
แง่งอน	诡计	机翻	0	0
แง่ดี	乐观的	机翻	0	0
แง่บวก	积极的	机翻	0	0
แง่มุม	方面	机翻	0	0
แง่ร้าย	悲观	机翻	0	0
โงกเงก	倾斜	机翻	0	0
โง่เขลา	愚蠢的	机翻	0	0
โง่งม	愚蠢的	机翻	0	0
โงเง	头晕	机翻	0	0
โง่เง่า	愚蠢的	机翻	0	0
โงนเงน	翻牌	机翻	0	0
จ	乙	机翻	0	0
จ่	是的	机翻	0	0
จกตา	乔克塔	机翻	0	0
จขกท	KKT	机翻	0	0
จงกรม	当心	机翻	0	0
จงกล	宗坤	机翻	0	0
จงใจ	故意地	机翻	0	0
จงดู	看	机翻	0	0
จงฟัง	听	机翻	0	0
จงระวัง	当心	机翻	0	0
จงรัก	爱	机翻	0	0
จงอาง	眼镜王蛇	机翻	0	0
จแจ้น	明亮的	机翻	0	0
จดจ้อง	重点	机翻	0	0
จดบันทึก	做笔记	机翻	0	0
จดหมัด	警卫	机翻	0	0
จดหมาย	笔记	机翻	0	0
จตุจักร	乍都乍	机翻	0	0
จตุพล	贾图丰	机翻	0	0
จตุรคูณ	四倍	机翻	0	0
จตุรพิธ	四倍的	机翻	0	0
จตุรภูมิ	查图拉蓬	机翻	0	0
จตุสดมภ์	四大支柱	机翻	0	0
จนกรอบ	直至酥脆	机翻	0	0
จนใจ	不愿意	机翻	0	0
จนได้	我终于明白了	机翻	0	0
จนตรอก	停滞不前	机翻	0	0
จนแต้ม	停滞	机翻	0	0
จนถึง	直到	机翻	0	0
จนปัญญา	我束手无策	机翻	0	0
จนมุม	走投无路	机翻	0	0
จบกัน	结束了	机翻	0	0
จบเกม	游戏结束	机翻	0	0
จบชีวิต	生命终结	机翻	0	0
จบเรื่อง	故事结束	机翻	0	0
จบสิ้น	结束了	机翻	0	0
จบเห่	为	机翻	0	0
จมดิ่ง	下沉	机翻	0	0
จมน้ำ	溺水	机翻	0	0
จมปลัก	停滞不前	机翻	0	0
จมูกโด่ง	高鼻子	机翻	0	0
จมูกบี้	扁平鼻子	机翻	0	0
จมูกแบน	塌鼻子	机翻	0	0
จมูกวัว	喷嘴	机翻	0	0
จมูกไว	鼻子敏感	机翻	0	0
จมูกหัก	鼻子断了	机翻	0	0
จรจัด	无家可归者	机翻	0	0
จรด	直到	机翻	0	0
จรรยา	伦理	机翻	0	0
จรรโลง	维持	机翻	0	0
จรวด	火箭	机翻	0	0
จรัส	出色地	机翻	0	0
จรัสแสง	绚丽光芒	机翻	0	0
จริงอยู่	实际上	机翻	0	0
จริต	感觉	机翻	0	0
จริยา	行为	机翻	0	0
จรุงใจ	诚实的	机翻	0	0
จเร	督察	机翻	0	0
จลาจล	暴动	机翻	0	0
จ้วงจาบ	不尊重	机翻	0	0
จวนค่ำ	已经快黄昏了	机翻	0	0
จวนจะ	几乎	机翻	0	0
จวนเจียน	几乎	机翻	0	0
จวนแจ	迫在眉睫的	机翻	0	0
จวนตัว	迫在眉睫的	机翻	0	0
จวนตาย	快死了	机翻	0	0
จวบจน	直到	机翻	0	0
จวัก	钢包	机翻	0	0
จ้อกแจ้ก	高声	机翻	0	0
จอแก้ว	玻璃屏风	机翻	0	0
จ่อคอหอย	到了喉咙	机翻	0	0
จ่อคิว	排队等候	机翻	0	0
จองกฐิน	预订卡辛	机翻	0	0
จองจำ	被监禁	机翻	0	0
จ้องดู	盯	机翻	0	0
จองถนน	抢占土地修路	机翻	0	0
จองที่	预留位置	机翻	0	0
จ้องมอง	盯	机翻	0	0
จองเวร	预约轮班	机翻	0	0
จองศาลา	预约展馆	机翻	0	0
จองหอง	自豪的	机翻	0	0
จอเงิน	银幕	机翻	0	0
จอแจ	繁华	机翻	0	0
จอดเทียบ	停靠的	机翻	0	0
จอตา	视网膜	机翻	0	0
จอนหู	餐具柜	机翻	0	0
จอแบน	平面屏幕	机翻	0	0
จอภาพ	屏幕	机翻	0	0
จอมเกล้า	宗克劳	机翻	0	0
จอมขวัญ	亲爱的	机翻	0	0
จอมใจ	亲爱的	机翻	0	0
จอมทัพ	指挥官	机翻	0	0
จอมบงการ	独裁者	机翻	0	0
จอมปลวก	垤	机翻	0	0
จอมปลอม	伪造的	机翻	0	0
จอมพล	元帅	机翻	0	0
จอมมารดา	春曼达	机翻	0	0
จอร์เจีย	乔治亚州	机翻	0	0
จอร์แดน	约旦	机翻	0	0
จอรับภาพ	图像屏	机翻	0	0
จอแสดงผล	展示	机翻	0	0
จะกละ	我要放弃了	机翻	0	0
จะเข้	鳄鱼	机翻	0	0
จะงอย	笔尖	机翻	0	0
จะจะ	将要	机翻	0	0
จะแจ้ง	将告知	机翻	0	0
จะตาย	会死的	机翻	0	0
จะปิ้ง	我要去烤它	机翻	0	0
จ๊ะเอ๋	躲猫猫	机翻	0	0
จักขุ	光学	机翻	0	0
จักจั่น	蝉	机翻	0	0
จักจี้	痒痒	机翻	0	0
จักร	脉轮	机翻	0	0
จักรกล	机械的	机翻	0	0
จักรภพ	联邦	机翻	0	0
จักรเย็บ	缝纫机	机翻	0	0
จักรราศี	十二生肖	机翻	0	0
จักรวาล	宇宙	机翻	0	0
จักรวาฬ	鲸鱼脉轮	机翻	0	0
จักริน	主权	机翻	0	0
จักรี	却克里	机翻	0	0
จักษุ	光学	机翻	0	0
จักสาน	篮	机翻	0	0
จังกอบ	责任	机翻	0	0
จังก้า	腿广泛	机翻	0	0
จังงัง	发呆	机翻	0	0
จังไร	被诅咒	机翻	0	0
จังหน้า	在前	机翻	0	0
จังหรีด	蟋蟀	机翻	0	0
จังหัน	昌詹	机翻	0	0
จัญไร	兽	机翻	0	0
จัณฑาล	贱民	机翻	0	0
จัดกลุ่ม	分组的	机翻	0	0
จัดงาน	组织活动	机翻	0	0
จัดจ้า	严重地	机翻	0	0
จัดจ้าน	大胆的	机翻	0	0
จัดเจน	有经验的	机翻	0	0
จัดแจง	安排	机翻	0	0
จัดฉาก	设置场景	机翻	0	0
จัดแถว	排队	机翻	0	0
จัดท่า	摆个姿势	机翻	0	0
จัดแบ่ง	分裂的	机翻	0	0
จัดไป	我们走吧	机翻	0	0
จัดระบบ	组织	机翻	0	0
จัดเรียง	安排	机翻	0	0
จัดวาง	安排	机翻	0	0
จัดแสดง	展览	机翻	0	0
จัตวา	第四	机翻	0	0
จัตวาศก	准将时代	机翻	0	0
จัตุ	四	机翻	0	0
จัตุรงค์	四个部门	机翻	0	0
จัตุรมุข	四面体	机翻	0	0
จัตุรัส	正方形	机翻	0	0
จันทน์	檀香	机翻	0	0
จันทบุรี	尖竹汶府	机翻	0	0
จันทร์	周一	机翻	0	0
จันทรคติ	农历	机翻	0	0
จันทรา	月亮	机翻	0	0
จันทัน	椽	机翻	0	0
จันอับ	舒适	机翻	0	0
จับกลุ่ม	蜂群	机翻	0	0
จับกัง	苦力	机翻	0	0
จับไก่	抓住小鸡	机翻	0	0
จับไข้	发烧	机翻	0	0
จับความ	查出	机翻	0	0
จับคู่	一对	机翻	0	0
จับจด	偶然	机翻	0	0
จับจอง	土地	机翻	0	0
จับจ้อง	凝视	机翻	0	0
จับจ่าย	购买	机翻	0	0
จับจิต	迷人地	机翻	0	0
จับจุด	抓住要点	机翻	0	0
จับเจ่า	孤独	机翻	0	0
จับใจ	着迷	机翻	0	0
จับฉลาก	抽签	机翻	0	0
จับฉ่าย	各种各样的	机翻	0	0
จับชีพจร	量一下脉搏	机翻	0	0
จับได้	抓住它	机翻	0	0
จับต้อง	触碰	机翻	0	0
จับตัว	捕获	机翻	0	0
จับตา	手表	机翻	0	0
จับตาดู	密切关注	机翻	0	0
จับตามอง	密切关注	机翻	0	0
จับตาย	被抓死	机翻	0	0
จับไต๋	赶上	机翻	0	0
จับปิ้ง	咬一口	机翻	0	0
จับเป็น	捕捉	机翻	0	0
จับผิด	找茬	机翻	0	0
จับภาพ	捕捉图像	机翻	0	0
จับมือ	牵手	机翻	0	0
จับยาม	预言	机翻	0	0
จับเวลา	定时器	机翻	0	0
จับสลาก	抽奖	机翻	0	0
จับหลัก	主握把	机翻	0	0
จับหวัด	感染流感	机翻	0	0
จับอาวุธ	拿起武器	机翻	0	0
จั่วไพ่	画一张卡	机翻	0	0
จากกัน	离别	机翻	0	0
จากนั้น	然后	机翻	0	0
จากนี้	今后	机翻	0	0
จากนี้ไป	今后	机翻	0	0
จากไป	离开	机翻	0	0
จ่ากลอง	首席鼓手	机翻	0	0
จากัวร์	捷豹	机翻	0	0
จาการ์ตา	雅加达	机翻	0	0
จ้างงาน	招聘	机翻	0	0
จางวาง	管家	机翻	0	0
จ้างวาน	聘请	机翻	0	0
จางหาย	褪色	机翻	0	0
จาตุรงค์	四倍的	机翻	0	0
จานจ่าย	分销商	机翻	0	0
จานชาม	盘子和碗	机翻	0	0
จานเชิง	有脚的盘子	机翻	0	0
จานบิน	飞碟	机翻	0	0
จานผี	不明飞行物	机翻	0	0
จานรอง	碟子	机翻	0	0
จานเสียง	转盘	机翻	0	0
จาบจ้วง	侵犯	机翻	0	0
จ่าปี่	首席笛夫	机翻	0	0
จ่าฝูง	军士	机翻	0	0
จามจุรี	查姆丘里	机翻	0	0
จามรี	牦牛	机翻	0	0
จาเมกา	牙买加	机翻	0	0
จ่ายคืน	偿还	机翻	0	0
จ่ายแจก	分发	机翻	0	0
จ่ายตลาด	支付市场	机翻	0	0
จ่ายหนี้	还清债务	机翻	0	0
จารกรรม	间谍	机翻	0	0
จารชน	间谍	机翻	0	0
จารบี	润滑脂	机翻	0	0
จาระไน	阐发	机翻	0	0
จาระบี	润滑脂	机翻	0	0
จาริก	朝圣	机翻	0	0
จารีต	传统	机翻	0	0
จารึก	题词	机翻	0	0
จาวา	爪哇	机翻	0	0
จ่าหน้า	已解决	机翻	0	0
จ่าหวัก	勺子	机翻	0	0
จำขึ้นใจ	记住	机翻	0	0
จำคุก	监禁	机翻	0	0
จ้ำจี้	便秘	机翻	0	0
จำเจ	例行公事地	机翻	0	0
จำใจ	意志	机翻	0	0
จำใจต้อง	被迫	机翻	0	0
จำเดิม	起初	机翻	0	0
จำได้	能记得	机翻	0	0
จำต้อง	必须	机翻	0	0
จำนง	欲望	机翻	0	0
จำนน	提交	机翻	0	0
จำนวนคู่	对数	机翻	0	0
จำนวนนับ	数数	机翻	0	0
จำนวนมาก	很多	机翻	0	0
จำนำ	保证	机翻	0	0
จำเนียน	修剪	机翻	0	0
จำเนียร	很久以前	机翻	0	0
จำบัง	记住	机翻	0	0
จ้ำเบ้า	摔倒	机翻	0	0
จำปา	占婆	机翻	0	0
จำปาดะ	尚帕达	机翻	0	0
จำปี	占皮	机翻	0	0
จำพรรษา	佛教大斋节	机翻	0	0
จำพวก	属	机翻	0	0
จ้ำม่ำ	胖乎乎的	机翻	0	0
จำยอม	提交	机翻	0	0
จำรัส	表现出色	机翻	0	0
จำรูญ	明亮	机翻	0	0
จำเริญ	繁荣	机翻	0	0
จำเรียง	唱歌	机翻	0	0
จำแลง	伪装	机翻	0	0
จำวัด	睡觉	机翻	0	0
จำไว้	记住	机翻	0	0
จำศีล	休眠	机翻	0	0
จำใส่ใจ	记得要注意	机翻	0	0
จำหลัก	蚀刻	机翻	0	0
จำอวด	喜剧演员	机翻	0	0
จิ๊กโก๋	妖艳	机翻	0	0
จิ๊กโฉ่ว	一个聪明的夹具	机翻	0	0
จิ๊กซอว์	拼图	机翻	0	0
จิกปีก	发呆	机翻	0	0
จิกหัว	压迫	机翻	0	0
จิกะไบต์	千兆字节	机翻	0	0
จิ้งจอก	狐狸	机翻	0	0
จิงโจ้	袋鼠	机翻	0	0
จิ้งหรีด	蟋蟀	机翻	0	0
จิ้งเหลน	鬣蜥	机翻	0	0
จิ๊จ๊ะ	天啊	机翻	0	0
จิตกาธาน	奇特卡坦	机翻	0	0
จิตขุนทด	奇昆托德	机翻	0	0
จิตใจ	头脑	机翻	0	0
จิตทราม	精神败坏	机翻	0	0
จิตนิยม	唯心主义	机翻	0	0
จิตบำบัด	心理治疗	机翻	0	0
จิตภาพ	心理意象	机翻	0	0
จิตเภท	精神分裂症	机翻	0	0
จิตร	描绘	机翻	0	0
จิตรกร	画家	机翻	0	0
จิตรกรรม	绘画	机翻	0	0
จิตรจุล	奇丘尔	机翻	0	0
จิตรเลขา	肖像	机翻	0	0
จิตระ	奇特拉	机翻	0	0
จิตวิทยา	心理学	机翻	0	0
จิตวิสัย	主观性	机翻	0	0
จิตเวช	精神病学	机翻	0	0
จิตหลอน	产生幻觉	机翻	0	0
จินดา	金达	机翻	0	0
จินดามณี	第一本泰语教科书	机翻	0	0
จินตกวี	游吟诗人	机翻	0	0
จินตนา	想象	机翻	0	0
จินตนิยม	浪漫主义	机翻	0	0
จินตภาพ	想像力	机翻	0	0
จิ๊บจ๊อย	琐碎的	机翻	0	0
จิบูตี	吉布提	机翻	0	0
จิปาถะ	各种各样的	机翻	0	0
จิ้มก้อง	江吉姆	机翻	0	0
จิ้มลิ้ม	变得美丽	机翻	0	0
จิมิ	吉米	机翻	0	0
จิ๊มิ	猫	机翻	0	0
จิรกาล	曾几何时	机翻	0	0
จิระ	吉拉	机翻	0	0
จิรายุ	吉拉玉	机翻	0	0
จีนกลาง	普通话	机翻	0	0
จีนแดง	红色瓷器	机翻	0	0
จีนแส	老师	机翻	0	0
จีบพลู	卷一片槟榔叶	机翻	0	0
จีพีเอ	全球定位系统	机翻	0	0
จีรัง	持续很长时间	机翻	0	0
จีวร	黄袍	机翻	0	0
จี้เส้น	诱惑	机翻	0	0
จืดจาง	减少	机翻	0	0
จืดชืด	单调	机翻	0	0
จืดตา	眼睛呆滞	机翻	0	0
จุกคอ	喉咙发紧	机翻	0	0
จุกจิก	挑剔的	机翻	0	0
จุกเจ่า	无精打采	机翻	0	0
จุกนม	乳头	机翻	0	0
จุกเสียด	绞痛	机翻	0	0
จุ๋งจิ๋ง	悄悄	机翻	0	0
จุงเบย	中背	机翻	0	0
จุใจ	使满意	机翻	0	0
จุฑามาศ	发饰	机翻	0	0
จุณสี	颜色	机翻	0	0
จุดขาย	卖点	机翻	0	0
จุดชนวน	点燃	机翻	0	0
จุดชมวิว	观点	机翻	0	0
จุดดับ	太阳黑子	机翻	0	0
จุดดี	好点	机翻	0	0
จุดเด่น	亮点	机翻	0	0
จุดเดือด	沸点	机翻	0	0
จุดตรวจ	检查站	机翻	0	0
จุดต่อ	连接点	机翻	0	0
จุดโทษ	惩罚	机翻	0	0
จุดบอด	盲点	机翻	0	0
จุดโฟกัส	焦点	机翻	0	0
จุดไฟ	生火	机翻	0	0
จุดรวม	整合点	机翻	0	0
จุดเริ่ม	起点	机翻	0	0
จุดสนใจ	兴趣点	机翻	0	0
จุดสำคัญ	要点	机翻	0	0
จุดหลัก	要点	机翻	0	0
จุดหักเห	转折点	机翻	0	0
จุดอับ	死角	机翻	0	0
จุติ	来临	机翻	0	0
จุ้นจ้าน	干扰	机翻	0	0
จุนเจือ	支持	机翻	0	0
จุนสี	硫酸铜	机翻	0	0
จุบจิบ	一点一点	机翻	0	0
จุปาก	亲吻你的嘴	机翻	0	0
จุ๋มจิ๋ม	娇小的	机翻	0	0
จุ่มน้ำ	浸入水中	机翻	0	0
จุมพฏ	跳	机翻	0	0
จุมพต	吻	机翻	0	0
จุมพล	陆军元帅	机翻	0	0
จุมพิต	吻	机翻	0	0
จุลกฐิน	丘拉卡辛	机翻	0	0
จุลชีพ	微生物	机翻	0	0
จุลชีวัน	微生物	机翻	0	0
จุลชีวิน	微生物	机翻	0	0
จุลภาค	逗号	机翻	0	0
จุลมงกุฎ	朱拉·蒙库	机翻	0	0
จุลรัฐ	朱拉拉特	机翻	0	0
จุลสาร	小册子	机翻	0	0
จุลาจล	暴动	机翻	0	0
จุหรุด	不完整	机翻	0	0
จุฬา	丘拉	机翻	0	0
จูงจมูก	牵着鼻子走	机翻	0	0
จูงมือ	携手	机翻	0	0
จู้จี้	唠叨	机翻	0	0
จู๋จี๋	热情地	机翻	0	0
จู่โจม	攻击	机翻	0	0
จูบา	朱巴	机翻	0	0
เจดีย์	宝塔	机翻	0	0
เจได	绝地武士	机翻	0	0
เจตคติ	态度	机翻	0	0
เจตจำนง	意图	机翻	0	0
เจตภูต	幽灵	机翻	0	0
เจนจบ	精通	机翻	0	0
เจนจัด	经历过	机翻	0	0
เจนใจ	用心学习	机翻	0	0
เจนตา	绅士	机翻	0	0
เจนีวา	日内瓦	机翻	0	0
เจ็บไข้	生病的	机翻	0	0
เจ็บแค้น	愤怒	机翻	0	0
เจ็บใจ	伤害	机翻	0	0
เจ็บช้ำ	伤害	机翻	0	0
เจ็บตัว	伤害自己	机翻	0	0
เจ็บท้อง	腹痛	机翻	0	0
เจ็บป่วย	生病的	机翻	0	0
เจ็บร้อน	愤愤不平	机翻	0	0
เจ็บร้าว	伤害	机翻	0	0
เจ็บแสบ	痛苦	机翻	0	0
เจริญ	生长	机翻	0	0
เจริญใจ	愉快地	机翻	0	0
เจริญตา	赏心悦目	机翻	0	0
เจริญพร	恰伦丰	机翻	0	0
เจริญพวง	长出一束	机翻	0	0
เจริญรอย	跟随	机翻	0	0
เจริญวัย	长大	机翻	0	0
เจลาติน	明胶	机翻	0	0
เจว็ด	傀儡	机翻	0	0
เจ๊สัว	普通话	机翻	0	0
เจอกัน	见面	机翻	0	0
เจอดี	找到了很好	机翻	0	0
เจอะกัน	我们见面吧	机翻	0	0
เจ้ากรม	导演	机翻	0	0
เจ้ากรรม	该死！	机翻	0	0
เจ้าเก่า	旧的那个	机翻	0	0
เจ้าขรัว	有钱人	机翻	0	0
เจ้าข้า	女士！	机翻	0	0
เจ้าคณะ	灵长类动物	机翻	0	0
เจ้าค่ะ	是的，先生	机翻	0	0
เจ้าคารม	诡辩的	机翻	0	0
เจ้าคุณ	赵坤	机翻	0	0
เจ้าจอม	朝春	机翻	0	0
เจ่าจุก	垂头丧气地坐着	机翻	0	0
เจ้าชาย	王子	机翻	0	0
เจ้าชู้	妖艳	机翻	0	0
เจ้าตัว	那个人	机翻	0	0
เจ้าถิ่น	当地的	机翻	0	0
เจ้าที่	房东	机翻	0	0
เจ้านาย	老板	机翻	0	0
เจ้าบ้าน	主持人	机翻	0	0
เจ้าบ่าว	新郎	机翻	0	0
เจ้าป่า	森林之王	机翻	0	0
เจ้าปู่	深受人们崇拜的老人	机翻	0	0
เจ้าพญา	湄南河	机翻	0	0
เจ้าพ่อ	大亨	机翻	0	0
เจ้าพายุ	风暴之主	机翻	0	0
เจ้าฟ้า	王子	机翻	0	0
เจ้าภาพ	主持人	机翻	0	0
เจ้าภาษี	纳税人	机翻	0	0
เจ้ามือ	经销商	机翻	0	0
เจ้าแม่	女神	机翻	0	0
เจ้ายศ	专横	机翻	0	0
เจ้าโลก	霸权	机翻	0	0
เจ้าวัด	寺庙的主	机翻	0	0
เจ้าสัว	巨头	机翻	0	0
เจ้าสาว	新娘	机翻	0	0
เจ้าหญิง	公主	机翻	0	0
เจ้าหน้า	发言人	机翻	0	0
เจ้าหลวง	昭銮	机翻	0	0
เจ้าหัว	主权	机翻	0	0
เจาะข่าว	突发新闻	机翻	0	0
เจาะจง	具体的	机翻	0	0
เจาะใจ	深入人心	机翻	0	0
เจาะยาง	将轮胎刺破	机翻	0	0
เจาะลึก	深潜	机翻	0	0
เจิดจ้า	光辉灿烂的	机翻	0	0
เจียดยา	买草药	机翻	0	0
เจียมใจ	谦虚的	机翻	0	0
เจียมตน	谦逊的	机翻	0	0
เจียมตัว	谦虚的	机翻	0	0
เจียระไน	未切割的	机翻	0	0
เจี๊ยะ	吉	机翻	0	0
เจือจาง	稀	机翻	0	0
เจือจาน	帮助	机翻	0	0
เจือจุน	维持	机翻	0	0
เจือปน	合金	机翻	0	0
แจกกล้วย	送出香蕉	机翻	0	0
แจ็กเก็ต	夹克	机翻	0	0
แจ็กคัล	豺狼	机翻	0	0
แจกไพ่	发牌	机翻	0	0
แจกัน	花瓶	机翻	0	0
แจ็คเก็ต	夹克	机翻	0	0
แจ้งความ	报告	机翻	0	0
แจ้งชัด	明确指出	机翻	0	0
แจ้งเหตุ	报告事件	机翻	0	0
แจจน	好穷	机翻	0	0
แจซซ์	爵士乐	机翻	0	0
แจ่มจ้า	惊人的！	机翻	0	0
แจ่มแจ้ง	明显的	机翻	0	0
แจ่มชัด	清除	机翻	0	0
แจ่มใส	明亮的	机翻	0	0
แจวเรือ	划艇	机翻	0	0
แจ๋วแหวว	明亮清晰	机翻	0	0
โจ๋งเจ๋ง	水洗的	机翻	0	0
โจ่งแจ้ง	公开	机翻	0	0
โจทย์	主张	机翻	0	0
โจนร่ม	伞形毛衣	机翻	0	0
โจมตี	攻击	机翻	0	0
โจมทัพ	战象群	机翻	0	0
โจรกรรม	抢劫	机翻	0	0
โจรสลัด	海盗	机翻	0	0
โจษจัน	谣言	机翻	0	0
ใจกล้า	勇敢的	机翻	0	0
ใจกลาง	中心	机翻	0	0
ใจแข็ง	冷酷	机翻	0	0
ใจความ	问题的核心	机翻	0	0
ใจคอ	情绪	机翻	0	0
ใจแคบ	踌躇满志	机翻	0	0
ใจง่าย	容易受骗的	机翻	0	0
ใจจริง	真诚的心	机翻	0	0
ใจจะขาด	我的心碎了	机翻	0	0
ใจจืด	不体贴	机翻	0	0
ใจชื้น	放松	机翻	0	0
ใจดำ	冷酷	机翻	0	0
ใจเด็ด	坚决	机翻	0	0
ใจเดียว	一心一意	机翻	0	0
ใจต่ำ	低俗的	机翻	0	0
ใจเต้น	我的心在跳动	机翻	0	0
ใจเติบ	我的心在扩张	机翻	0	0
ใจแตก	被宠坏的	机翻	0	0
ใจโต	大心脏	机翻	0	0
ใจถึง	体育运动	机翻	0	0
ใจทราม	堕落的心	机翻	0	0
ใจน้อย	敏感的	机翻	0	0
ใจนักเลง	匪徒之心	机翻	0	0
ใจบาป	有罪的心	机翻	0	0
ใจบุญ	人道主义的	机翻	0	0
ใจเบา	容易受骗的	机翻	0	0
ใจปลาซิว	胆怯的	机翻	0	0
ใจป้ำ	进取的	机翻	0	0
ใจแป้ว	沮丧	机翻	0	0
ใจฝ่อ	感到沮丧	机翻	0	0
ใจพระ	神的心	机翻	0	0
ใจเพชร	不屈	机翻	0	0
ใจมา	我来了	机翻	0	0
ใจมาร	恶魔之心	机翻	0	0
ใจไม่ดี	惊慌	机翻	0	0
ใจยักษ์	巨大的心	机翻	0	0
ใจรัก	爱心	机翻	0	0
ใจเร็ว	陡峭	机翻	0	0
ใจลอย	心烦意乱的	机翻	0	0
ใจสัตว์	动物心	机翻	0	0
ใจสั่น	心悸	机翻	0	0
ใจสูง	心胸高远	机翻	0	0
ใจเสาะ	没骨气的	机翻	0	0
ใจเสีย	破碎的心	机翻	0	0
ใจหมา	狗的心	机翻	0	0
ใจหวิว	我的心头晕	机翻	0	0
ใจหาย	可怕地	机翻	0	0
ใจหายวาบ	我的心沉了下去	机翻	0	0
ใจหิน	石心	机翻	0	0
ใจอ่อน	易受伤害的	机翻	0	0
ไจกา	吉卡	机翻	0	0
ฉ	我	机翻	0	0
ฉกจวัก	罢工	机翻	0	0
ฉกฉวย	抓牢	机翻	0	0
ฉกชิง	窃取	机翻	0	0
ฉกรรจ์	批判地	机翻	0	0
ฉกลัก	偷	机翻	0	0
ฉกาจ	巧妙	机翻	0	0
ฉงน	怀疑	机翻	0	0
ฉงนใจ	惊讶地	机翻	0	0
ฉช	恰恰	机翻	0	0
ฉทวาร	直肠	机翻	0	0
ฉนวน	绝缘子	机翻	0	0
ฉนาก	钢锯	机翻	0	0
ฉนำ	查南	机翻	0	0
ฉบับ	问题	机翻	0	0
ฉบับร่าง	草稿	机翻	0	0
ฉมบ	柴姆	机翻	0	0
ฉมวก	鱼叉	机翻	0	0
ฉลอง	庆祝	机翻	0	0
ฉลากยา	药品标签	机翻	0	0
ฉลาด	聪明的	机翻	0	0
ฉลามวาฬ	鲸鲨	机翻	0	0
ฉลุ	烦恼	机翻	0	0
ฉลุย	惊人的！	机翻	0	0
ฉลุลาย	模版	机翻	0	0
ฉลู	牛	机翻	0	0
ฉลูศก	查鲁索	机翻	0	0
ฉวี	色调	机翻	0	0
ฉศก	查索克	机翻	0	0
ฉ้อโกง	欺诈的	机翻	0	0
ฉ้อฉล	欺诈的	机翻	0	0
ฉอเลาะ	巴结	机翻	0	0
ฉะฉาน	雄辩地	机翻	0	0
ฉะอ้อน	恳求	机翻	0	0
ฉัตร	分层的	机翻	0	0
ฉัตรมงคล	加冕	机翻	0	0
ฉันใด	正如我	机翻	0	0
ฉันท์	节	机翻	0	0
ฉันทะ	代理人	机翻	0	0
ฉันนั้น	所以	机翻	0	0
ฉันมิตร	我很友善	机翻	0	0
ฉากทัศน์	风景	机翻	0	0
ฉากหลัง	背景	机翻	0	0
ฉ่าฉาว	传闻	机翻	0	0
ฉาบฉวย	大致	机翻	0	0
ฉาบปูน	石膏	机翻	0	0
ฉายไฟ	点亮一盏灯	机翻	0	0
ฉายรังสี	照射	机翻	0	0
ฉายแวว	闪耀	机翻	0	0
ฉายา	昵称	机翻	0	0
ฉายานาม	昵称	机翻	0	0
ฉาวโฉ่	臭名昭著	机翻	0	0
ฉิบหาย	可悲的	机翻	0	0
ฉิวเฉียด	只是勉强	机翻	0	0
ฉีกแนว	打破风格	机翻	0	0
ฉีกหน้า	羞辱	机翻	0	0
ฉีดยา	注射药物	机翻	0	0
ฉี่หนู	大鼠尿液	机翻	0	0
ฉุกคิด	黎明	机翻	0	0
ฉุกใจ	有一个脑电波	机翻	0	0
ฉุกละหุก	匆忙	机翻	0	0
ฉุดคร่า	抢杀	机翻	0	0
ฉุดลาก	拖	机翻	0	0
ฉุนกึก	突然生气	机翻	0	0
ฉุนเฉียว	激怒了	机翻	0	0
ฉุยฉาย	优雅地	机翻	0	0
ฉู่ฉี่	我撒尿	机翻	0	0
ฉูดฉาด	艳丽的	机翻	0	0
เฉกเช่น	喜欢	机翻	0	0
เฉไฉ	偏离	机翻	0	0
เฉดหัว	头罩	机翻	0	0
เฉพาะ	具体来说	机翻	0	0
เฉพาะกาล	临时	机翻	0	0
เฉพาะกิจ	分离	机翻	0	0
เฉพาะตัว	独家的	机翻	0	0
เฉพาะที่	专题	机翻	0	0
เฉพาะราย	具体的	机翻	0	0
เฉยชา	粘液质的	机翻	0	0
เฉยเมย	冷漠	机翻	0	0
เฉลย	回答	机翻	0	0
เฉลิม	庆祝	机翻	0	0
เฉลี่ย	平均的	机翻	0	0
เฉลียง	画廊	机翻	0	0
เฉลียว	精明	机翻	0	0
เฉลียวใจ	精明	机翻	0	0
เฉวียง	倾斜	机翻	0	0
เฉวียน	谄媚地	机翻	0	0
เฉอะแฉะ	沼泽地	机翻	0	0
เฉาก๊วย	仙草	机翻	0	0
เฉาโฉด	乏味的	机翻	0	0
เฉิดฉัน	变得美丽	机翻	0	0
เฉิดฉาย	光荣地	机翻	0	0
เฉียดฉิว	只是勉强	机翻	0	0
เฉียบขาด	坚决地	机翻	0	0
เฉื่อยชา	懒惰的	机翻	0	0
แฉโพย	泄露秘密	机翻	0	0
แฉลบ	跳弹	机翻	0	0
แฉล้ม	吸引人的	机翻	0	0
แฉะแบะ	不积极地	机翻	0	0
โฉเก	作弊	机翻	0	0
โฉ่งฉ่าง	无礼的	机翻	0	0
โฉ่ฉาว	臭名昭著	机翻	0	0
โฉดเขลา	愚蠢的	机翻	0	0
โฉดเฉา	白痴	机翻	0	0
โฉนด	契据	机翻	0	0
โฉมงาม	美丽的女孩	机翻	0	0
โฉมฉาย	漂亮的女孩	机翻	0	0
โฉมเฉลา	美丽的女孩	机翻	0	0
โฉมตรู	美丽的女孩	机翻	0	0
โฉมหน้า	脸	机翻	0	0
โฉมใหม่	新面貌	机翻	0	0
โฉลก	星座运势	机翻	0	0
ไฉน	为什么	机翻	0	0
ไฉไล	漂亮的	机翻	0	0
ช	中号	机翻	0	0
ชกต่อย	冲床	机翻	0	0
ชกมวย	冲床	机翻	0	0
ชกลม	空战	机翻	0	0
ชกหัว	用拳头击打头部	机翻	0	0
ชงกาแฟ	煮咖啡	机翻	0	0
ชงโค	崇高	机翻	0	0
ชฎา	贾达	机翻	0	0
ชดช้อย	舒缓的	机翻	0	0
ชนก	祖先	机翻	0	0
ชนแก้ว	干杯	机翻	0	0
ชนไก่	斗鸡	机翻	0	0
ชนชั้น	班级	机翻	0	0
ชนชั้นนำ	精英	机翻	0	0
ชนช้าง	打大象	机翻	0	0
ชนชาติ	种族	机翻	0	0
ชนตอ	击中树桩	机翻	0	0
ชนท้าย	追尾碰撞	机翻	0	0
ชนนี	母亲	机翻	0	0
ชนปี	出生年份	机翻	0	0
ชนม	凹凸乳房	机翻	0	0
ชนม์	出生	机翻	0	0
ชนมพรรษา	出生年份	机翻	0	0
ชนวน	保险丝	机翻	0	0
ชนะใจ	赢得人心	机翻	0	0
ชนะเลิศ	优胜者	机翻	0	0
ชนัก	恰纳克	机翻	0	0
ชนิดเม็ด	颗粒型	机翻	0	0
ชบ	劈	机翻	0	0
ชบา	芙蓉	机翻	0	0
ชมชอบ	喜欢	机翻	0	0
ชมเชย	赞扬	机翻	0	0
ชมดชม้อย	害羞的	机翻	0	0
ชมเปาะ	充满赞美	机翻	0	0
ชมพู	粉色的	机翻	0	0
ชมพู่	玫瑰苹果	机翻	0	0
ชมพูทวีป	印度	机翻	0	0
ชมพูนุท	纯金	机翻	0	0
ชมรม	俱乐部	机翻	0	0
ชม้อย	腼腆	机翻	0	0
ชม้าย	端庄的	机翻	0	0
ชไม	两个都	机翻	0	0
ชยันโต	查延托	机翻	0	0
ชโย	查代	机翻	0	0
ชร	楚尔	机翻	0	0
ชรัว	舒鲁阿	机翻	0	0
ชลธาร	运河	机翻	0	0
ชลธี	琼拉蒂	机翻	0	0
ชลบุรี	春武里府	机翻	0	0
ชลมารค	海洋	机翻	0	0
ชลสถาน	春武里府	机翻	0	0
ชลาธาร	坝	机翻	0	0
ชลาลัย	海	机翻	0	0
ชลาศัย	池塘	机翻	0	0
ชลิตา	查利塔	机翻	0	0
ชลูกา	查卢卡	机翻	0	0
ชโลม	膏抹	机翻	0	0
ช่วงชิง	争夺	机翻	0	0
ช่วงต้น	早期的	机翻	0	0
ช่วงนี้	这个时期	机翻	0	0
ช่วงบน	上	机翻	0	0
ช่วงบาท	泰铢范围	机翻	0	0
ช่วงแรก	第一期	机翻	0	0
ช่วงละ	各期	机翻	0	0
ช่วงอายุ	年龄范围	机翻	0	0
ชวดศก	时代之鼠	机翻	0	0
ชวนขัน	有趣的	机翻	0	0
ชวนชม	令人着迷地	机翻	0	0
ชวนเชื่อ	说服	机翻	0	0
ชวนมอง	邀请参观	机翻	0	0
ชวนหัว	滑稽表演	机翻	0	0
ช่วยกัน	让我们互相帮助吧	机翻	0	0
ช่วยด้วย	帮助	机翻	0	0
ช่วยดูแล	请照顾我	机翻	0	0
ชวเลข	速记	机翻	0	0
ชวา	爪哇	机翻	0	0
ช็อก	震惊	机翻	0	0
ชอกช้ำ	伤害	机翻	0	0
ช่องกุด	墙上的无顶门	机翻	0	0
ช่องเขา	玷污	机翻	0	0
ช่องคลอด	阴道	机翻	0	0
ช่องคอ	喉	机翻	0	0
ช่องแคบ	海峡	机翻	0	0
ช่องโค้ง	弯曲通道	机翻	0	0
ช่องจมูก	鼻腔	机翻	0	0
ช่องดาล	用于提升螺栓的指孔	机翻	0	0
ช่องถนน	公路车道	机翻	0	0
ช่องท้อง	腹腔	机翻	0	0
ช่องปาก	口腔	机翻	0	0
ช่องไฟ	差距	机翻	0	0
ช่องมอง	取景器	机翻	0	0
ช่องลม	出路	机翻	0	0
ช่องหู	耳道	机翻	0	0
ช่องอก	胸腔	机翻	0	0
ช็อตฟีล	冲击感	机翻	0	0
ช้อนกาแฟ	咖啡勺	机翻	0	0
ช้อนชา	茶匙	机翻	0	0
ชอนไช	穿透	机翻	0	0
ช้อนซ่อม	修理勺	机翻	0	0
ช้อนซุป	汤匙	机翻	0	0
ช้อนตวง	量勺	机翻	0	0
ช้อนตา	眼勺	机翻	0	0
ช้อนโต๊ะ	汤匙	机翻	0	0
ช้อนส้อม	刀具	机翻	0	0
ชอบกล	异想天开的	机翻	0	0
ชอบใจ	喜欢	机翻	0	0
ชอบพอ	爱	机翻	0	0
ชอบแล้ว	我喜欢它	机翻	0	0
ชอปปิ้ง	购物	机翻	0	0
ช้อปปิ้ง	购物	机翻	0	0
ช่อฟ้า	山墙顶点	机翻	0	0
ช่อม่วง	楚孟	机翻	0	0
ช้อยชด	故作优雅	机翻	0	0
ชอล์ค	粉笔	机翻	0	0
ชอ่ำ	多肉植物	机翻	0	0
ชอื้อ	我喜欢它	机翻	0	0
ชอุ่ม	郁郁葱葱	机翻	0	0
ช่ะ	是的	机翻	0	0
ชะคราม	脉轮	机翻	0	0
ชะงอก	悬岩	机翻	0	0
ชะง่อน	架子	机翻	0	0
ชะงัด	有力的	机翻	0	0
ชะงาบ	张开和闭上嘴	机翻	0	0
ชะง้ำ	投射	机翻	0	0
ชะงุ้ม	突出和悬垂	机翻	0	0
ชะเง้อ	抬头	机翻	0	0
ชะเงื้อม	陡峭	机翻	0	0
ชะแง้	抬头	机翻	0	0
ชะโงก	探出身子	机翻	0	0
ชะโงกผา	架子	机翻	0	0
ชะช้า	延迟	机翻	0	0
ชะโด	查多	机翻	0	0
ชะตา	命运	机翻	0	0
ชะตากรรม	命运	机翻	0	0
ชะตาขาด	命运	机翻	0	0
ชะนี	长臂猿	机翻	0	0
ชะนุง	查农	机翻	0	0
ชะเนาะ	汤米酒吧	机翻	0	0
ชะเนียง	腰带	机翻	0	0
ชะพลู	查普卢	机翻	0	0
ชะมด	麝香	机翻	0	0
ชะมดต้น	果子狸树	机翻	0	0
ชะมวง	查芒	机翻	0	0
ชะมัด	可怕	机翻	0	0
ชะรอย	也许	机翻	0	0
ชะลอ	减速	机翻	0	0
ชะลอม	筥	机翻	0	0
ชะลอรถ	放慢车速	机翻	0	0
ชะล่า	自满	机翻	0	0
ชะล้าง	洗	机翻	0	0
ชะล่าใจ	自满	机翻	0	0
ชะลาน	慢的	机翻	0	0
ชะลูด	直立	机翻	0	0
ชะแลง	撬棍	机翻	0	0
ชะวาก	我耽心	机翻	0	0
ชะอม	金合欢属	机翻	0	0
ชะอ้อน	精美的	机翻	0	0
ชะเอม	甘草	机翻	0	0
ชักโครก	抽水马桶	机翻	0	0
ชักเงา	漆	机翻	0	0
ชักจะ	这即将发生	机翻	0	0
ชักจูง	诱发	机翻	0	0
ชักจูงใจ	说服	机翻	0	0
ชักช้า	停留	机翻	0	0
ชักดาบ	拔出你的剑	机翻	0	0
ชักต๋ง	拖船	机翻	0	0
ชักธง	升起旗帜	机翻	0	0
ชักนำ	诱发	机翻	0	0
ชักเนื้อ	把肉拉出来	机翻	0	0
ชักพระ	泰国南部的仪式	机翻	0	0
ชักพา	带领	机翻	0	0
ชักภาพ	拍张照片	机翻	0	0
ชักเย่อ	拔河	机翻	0	0
ชักใย	结网	机翻	0	0
ชักรอก	提升	机翻	0	0
ชักรูป	拍张照片	机翻	0	0
ชักลาก	拖船	机翻	0	0
ชักว่าว	打飞机	机翻	0	0
ชักศพ	夺取尸体	机翻	0	0
ชักหน้า	面对面	机翻	0	0
ชั่งใจ	称重	机翻	0	0
ชั่งแม่ง	掂量一下	机翻	0	0
ชัชวาล	查查旺	机翻	0	0
ชัดแจ๋ว	清晰明了	机翻	0	0
ชันเข่า	弯曲你的膝盖	机翻	0	0
ชั้นครู	老师的课	机翻	0	0
ชันคอ	抬起你的脖子	机翻	0	0
ชั้นจอตา	视网膜层	机翻	0	0
ชั้นเชิง	战术	机翻	0	0
ชั้นดิน	土层	机翻	0	0
ชั้นดี	高档	机翻	0	0
ชั้นต้น	初级水平	机翻	0	0
ชั้นตรี	学士学位	机翻	0	0
ชั้นต่ำ	低级	机翻	0	0
ชั้นนอก	外层	机翻	0	0
ชันนะตุ	烫头	机翻	0	0
ชั้นนำ	领导	机翻	0	0
ชั้นใน	内衣	机翻	0	0
ชั้นปี	年	机翻	0	0
ชั้นมูล	基础层	机翻	0	0
ชั้นแม่	妈妈的课	机翻	0	0
ชั้นยศ	秩	机翻	0	0
ชั้นยอด	顶级	机翻	0	0
ชั้นยาย	奶奶的课	机翻	0	0
ชั้นแรก	一楼	机翻	0	0
ชั้นลอย	夹层	机翻	0	0
ชั้นลูก	儿童班	机翻	0	0
ชั้นเลว	坏班级	机翻	0	0
ชั้นเลิศ	头等舱	机翻	0	0
ชันษา	年龄	机翻	0	0
ชันสน	松香	机翻	0	0
ชั้นสอง	二楼	机翻	0	0
ชั้นสูง	高级	机翻	0	0
ชันสูตร	确认	机翻	0	0
ชั้นหลัง	后楼	机翻	0	0
ชั้นเอก	头等舱	机翻	0	0
ชัมพูนท	纯金	机翻	0	0
ชัยชนะ	胜利	机翻	0	0
ชัยฏอน	撒但	机翻	0	0
ชัยนาท	猜纳	机翻	0	0
ชัยภูมิ	猜也蓬	机翻	0	0
ชัลลุกะ	查卢卡	机翻	0	0
ชัลลุกา	查卢卡	机翻	0	0
ชั่วขณะ	暂时地	机翻	0	0
ชั่วคน	一代人	机翻	0	0
ชั่วครู่	暂时地	机翻	0	0
ชั่วโคตร	永远	机翻	0	0
ชั่วช้า	邪恶的	机翻	0	0
ชัวร์	当然	机翻	0	0
ชั่วร้าย	邪恶的	机翻	0	0
ชั่วแล่น	稍纵即逝的	机翻	0	0
ชั่ววูบ	一会儿	机翻	0	0
ชั่วเวลา	时间	机翻	0	0
ชั่วอายุ	一代人	机翻	0	0
ช้าก่อน	先慢点	机翻	0	0
ชาขาว	白茶	机翻	0	0
ชาเขียว	绿茶	机翻	0	0
ชาไข่มุก	珍珠奶茶	机翻	0	0
ชาคริต	警报	机翻	0	0
ช่างกล	机械	机翻	0	0
ช่างแกะ	雕刻师	机翻	0	0
ช่างคิด	思维	机翻	0	0
ช่างคุย	健谈	机翻	0	0
ช้างงวง	无牙象	机翻	0	0
ช่างเงิน	银匠	机翻	0	0
ช้างชำนิ	聪明的大象	机翻	0	0
ช้างต่อ	张托	机翻	0	0
ช่างเถอะ	没关系	机翻	0	0
ช่างเถิด	没关系	机翻	0	0
ช้างทรง	大象形状	机翻	0	0
ช่างทอง	金匠	机翻	0	0
ช่างทาสี	画家	机翻	0	0
ช่างทำผม	美发师	机翻	0	0
ช่างแท่น	平台技术员	机翻	0	0
ช้างน้อย	星座	机翻	0	0
ช้างน้ำ	海象	机翻	0	0
ช่างปะไร	到底是什么？	机翻	0	0
ช่างปั้น	波特	机翻	0	0
ช่างปูน	瓦工	机翻	0	0
ช่างฝัน	梦想家	机翻	0	0
ช้างพลาย	雄性大象	机翻	0	0
ช้างพัง	奶牛	机翻	0	0
ช่างพูด	健谈的	机翻	0	0
ช่างฟิต	钳工	机翻	0	0
ช่างไม้	木匠	机翻	0	0
ช่างเย็บ	裁缝	机翻	0	0
ช่างโลหะ	金属工人	机翻	0	0
ช่างสลัก	雕刻师	机翻	0	0
ช่างหล่อ	英俊的	机翻	0	0
ชาชัก	癫痫茶	机翻	0	0
ชาชิน	麻木的	机翻	0	0
ชาญฉลาด	聪明的	机翻	0	0
ชาดก	寓言	机翻	0	0
ชาดำ	红茶	机翻	0	0
ชาแดง	红茶	机翻	0	0
ชาตกาล	寿命	机翻	0	0
ชาตรี	战士	机翻	0	0
ชาตรูป	夏特鲁普	机翻	0	0
ชาตะ	诞生	机翻	0	0
ชาตา	命运	机翻	0	0
ชาติ	国家	机翻	0	0
ชาติก่อน	前世	机翻	0	0
ชาติชั่ว	糟糕的生活	机翻	0	0
ชาติชาย	男性生活	机翻	0	0
ชาติทหาร	军事国家	机翻	0	0
ชาติภูมิ	出生地	机翻	0	0
ชาติรส	品尝	机翻	0	0
ชาติวุฒิ	查塔乌特	机翻	0	0
ชาติหน้า	下辈子	机翻	0	0
ชาติหมา	狗的生活	机翻	0	0
ชานกำแพง	墙廊	机翻	0	0
ชานบ้าน	阳台	机翻	0	0
ชานม	奶茶	机翻	0	0
ชานเรือน	阳台	机翻	0	0
ชานอ้อย	渣	机翻	0	0
ช้านาน	长的	机翻	0	0
ช้าพลู	慢槟榔	机翻	0	0
ชามผสม	搅拌碗	机翻	0	0
ชามพูนท	纯金	机翻	0	0
ชามอ่าง	水槽	机翻	0	0
ชามาดา	沙玛达	机翻	0	0
ชายกะเบน	柴卡本	机翻	0	0
ชายขอบ	边缘	机翻	0	0
ชายคา	檐	机翻	0	0
ชายโครง	肋骨	机翻	0	0
ชายชาตรี	战斗机	机翻	0	0
ชายชู้	通奸	机翻	0	0
ชายแดน	边界	机翻	0	0
ชายตา	引人注目	机翻	0	0
ชายตาดู	眼对眼	机翻	0	0
ชายตามอง	男人正在注视着	机翻	0	0
ชายทะเล	海滨	机翻	0	0
ชายทุ่ง	田边	机翻	0	0
ชายป่า	森林边缘	机翻	0	0
ชายผ้า	下摆	机翻	0	0
ชายพก	柴帕克	机翻	0	0
ชายเฟือย	草岸	机翻	0	0
ชายเลน	湿地	机翻	0	0
ชายโสด	单身男人	机翻	0	0
ชายหนุ่ม	年轻人	机翻	0	0
ชายา	公主	机翻	0	0
ชาเย็น	冰茶	机翻	0	0
ชาร์จ	收费	机翻	0	0
ชาร์ป	锋利的	机翻	0	0
ชาร้อน	热茶	机翻	0	0
ช้าลง	减速	机翻	0	0
ชาวกรุง	城市人	机翻	0	0
ชาวเกาะ	岛民	机翻	0	0
ชาวเขา	山地部落	机翻	0	0
ชาวคณะ	团体成员	机翻	0	0
ชาวจีน	中国人	机翻	0	0
ชาวชนบท	农村人	机翻	0	0
ชาวดอย	山民	机翻	0	0
ชาวดัตช์	荷兰语	机翻	0	0
ชาวตังเก	唐克人	机翻	0	0
ชาวไทย	泰国人	机翻	0	0
ชาวเน็ต	网友们	机翻	0	0
ชาวเน็ท	网友们	机翻	0	0
ชาวบน	上层人士	机翻	0	0
ชาวบ้าน	村民	机翻	0	0
ชาวประมง	渔夫	机翻	0	0
ชาวป่า	森林居民	机翻	0	0
ชาวพุทธ	佛教徒	机翻	0	0
ชาวเมือง	城市居民	机翻	0	0
ชาวยุโรป	欧洲的	机翻	0	0
ชาวเรา	我们的人民	机翻	0	0
ชาวเรือ	水手	机翻	0	0
ชาวไร่	农民	机翻	0	0
ชาวเล	海上吉普赛人	机翻	0	0
ชาวโลก	世界人民	机翻	0	0
ชาววัง	宫廷妇女	机翻	0	0
ชาวเหนือ	北方人	机翻	0	0
ชาวฮินดู	印度教	机翻	0	0
ชาห์	沙阿	机翻	0	0
ชาอูหลง	乌龙茶	机翻	0	0
ช่ำใจ	令人满意地	机翻	0	0
ช้ำใจ	肠断	机翻	0	0
ช้ำชอก	痛	机翻	0	0
ช่ำชอง	经验丰富的	机翻	0	0
ช่ำช่า	无味的	机翻	0	0
ชำนัญ	理解	机翻	0	0
ชำนิ	熟练	机翻	0	0
ชำมะนาด	面包花	机翻	0	0
ชำร่วย	礼物	机翻	0	0
ชำระความ	解决问题	机翻	0	0
ชำระคืน	偿还	机翻	0	0
ชำระเงิน	付款	机翻	0	0
ชำระใจ	净化你的心	机翻	0	0
ชำระล้าง	洁净	机翻	0	0
ช้ำรั่ว	瘀伤和渗漏	机翻	0	0
ชำเรา	令人陶醉的	机翻	0	0
ชำแรก	第一次插条	机翻	0	0
ชำเลือง	一眼	机翻	0	0
ชำแหละ	解剖	机翻	0	0
ชิโกกุ	四国	机翻	0	0
ชิ้งฉ่อง	清冲	机翻	0	0
ชิงช่วง	篡	机翻	0	0
ชิงชัง	痛恨	机翻	0	0
ชิงชัน	红木	机翻	0	0
ชิงชัย	辩论	机翻	0	0
ชิงช้า	摇摆	机翻	0	0
ชิงชี่	庆琪	机翻	0	0
ชิงแชมป์	锦标赛	机翻	0	0
ชิงโชค	抽奖活动	机翻	0	0
ชิงดวง	运行花艺设计	机翻	0	0
ชิงทุน	争夺资本	机翻	0	0
ชิงพลบ	暮	机翻	0	0
ชิดขวา	靠右	机翻	0	0
ชิดซ้าย	靠左	机翻	0	0
ชิ้นงาน	工件	机翻	0	0
ชินชา	习惯它	机翻	0	0
ชินตา	熟悉的	机翻	0	0
ชินโต	神道	机翻	0	0
ชินปาก	我已经习惯了	机翻	0	0
ชิ้นส่วน	部分	机翻	0	0
ชินหู	熟悉耳朵	机翻	0	0
ชิ้นเอก	杰作	机翻	0	0
ชิบหาย	破碎的	机翻	0	0
ชิบะ	千叶	机翻	0	0
ชิมแปนซี	黑猩猩	机翻	0	0
ชิมลาง	探测	机翻	0	0
ชิเมจิ	志地	机翻	0	0
ชิลลา	奇拉	机翻	0	0
ชิลี	智利	机翻	0	0
ชิวหา	舌头	机翻	0	0
ชิวาวา	奇瓦瓦州	机翻	0	0
ชี้ขาด	决定性	机翻	0	0
ชี้ชวน	邀请	机翻	0	0
ชี้ช่อง	建议	机翻	0	0
ชี้ชัด	明确指出	机翻	0	0
ชีต้น	志顿	机翻	0	0
ชี้ตัว	指出	机翻	0	0
ชี้ต้าน	指出反对	机翻	0	0
ชีตาห์	猎豹	机翻	0	0
ชี้ทาง	指明道路	机翻	0	0
ชี้นิ้ว	手指	机翻	0	0
ชี้บอก	指出	机翻	0	0
ชีเปลือย	裸体主义者	机翻	0	0
ชีฟอง	薄纱	机翻	0	0
ชี้ฟ้า	向天空	机翻	0	0
ชีมืด	基督教修女	机翻	0	0
ชีล้อม	包围圈	机翻	0	0
ชีลา	希拉	机翻	0	0
ชีลาว	赤老	机翻	0	0
ชีว	生物	机翻	0	0
ชีวเคมี	生物化学	机翻	0	0
ชีวจิต	奇瓦吉特	机翻	0	0
ชีวนิเวศ	生物群落	机翻	0	0
ชีวภาพ	生物	机翻	0	0
ชีวโลก	生物圈	机翻	0	0
ชีวะ	生物学	机翻	0	0
ชีวา	生活	机翻	0	0
ชีวิตคู่	婚姻生活	机翻	0	0
ชีส	奶酪	机翻	0	0
ชีสเค้ก	芝士蛋糕	机翻	0	0
ชี้หน้า	指点	机翻	0	0
ชื่นใจ	高兴极了	机翻	0	0
ชื้นแฉะ	湿的	机翻	0	0
ชื่นชอบ	钦佩	机翻	0	0
ชื่นบาน	开朗的	机翻	0	0
ชื่นมื่น	高兴极了	机翻	0	0
ชื่อจริง	真实姓名	机翻	0	0
ชื่อดัง	著名的	机翻	0	0
ชื่อตัว	名	机翻	0	0
ชื่อย่อ	缩写	机翻	0	0
ชื่อเล่น	昵称	机翻	0	0
ชื่อสกุล	姓	机翻	0	0
ชื่อเสีย	坏名声	机翻	0	0
ชุกชี	楚科奇语	机翻	0	0
ชุกชุม	盛产	机翻	0	0
ชุดราตรี	晚礼服	机翻	0	0
ชุดลำลอง	休闲装	机翻	0	0
ชุบชีวิต	复活	机翻	0	0
ชุบตัว	恢复活力	机翻	0	0
ชุบย้อม	促进	机翻	0	0
ชุ่มใจ	开朗一点	机翻	0	0
ชุ่มชื่น	保湿	机翻	0	0
ชุ่มชื้น	潮湿	机翻	0	0
ชุมทาง	交界处	机翻	0	0
ชุมนุมชน	集会	机翻	0	0
ชุมพร	春蓬	机翻	0	0
ชุมพล	集会	机翻	0	0
ชุมพวง	春蓬	机翻	0	0
ชุมรุม	住所	机翻	0	0
ชุมสาย	电话交换机	机翻	0	0
ชุลมุน	混乱	机翻	0	0
ชูกลิ่น	发出气味	机翻	0	0
ชูกำลัง	加强	机翻	0	0
ชูคอ	傲慢	机翻	0	0
ชูใจ	欢呼	机翻	0	0
ชูชีพ	浮标	机翻	0	0
ชูมือ	举起你的手	机翻	0	0
ชูรส	味道	机翻	0	0
ชูโรง	主角	机翻	0	0
ชูวัช	楚瓦什语	机翻	0	0
ชูวาเชีย	楚瓦什语	机翻	0	0
ชู้สาว	性的	机翻	0	0
เช็กเกีย	捷克共和国	机翻	0	0
เช็กบิล	检查账单	机翻	0	0
เช็คเด้ง	支票被退回	机翻	0	0
เช็คบิล	检查账单	机翻	0	0
เชงเม้ง	清明	机翻	0	0
เช็งเม้ง	清明	机翻	0	0
เช้งวับ	迷人地	机翻	0	0
เชชเนีย	车臣	机翻	0	0
เชเชน	车臣	机翻	0	0
เช็ดตัว	擦自己	机翻	0	0
เช็ดถู	拖把	机翻	0	0
เช็ดน้ำ	把水擦干净	机翻	0	0
เช็ดมือ	擦干你的手	机翻	0	0
เช็ดหน้า	擦你的脸	机翻	0	0
เช็ดหม้อ	把锅里的米水倒掉	机翻	0	0
เช่นเคย	一如既往	机翻	0	0
เช่นใด	如何？	机翻	0	0
เช่นนั้น	像那样	机翻	0	0
เช่นนี้	像这样	机翻	0	0
เช่นไร	怎么样？	机翻	0	0
เช่นว่า	例如	机翻	0	0
เชยชม	抚摸	机翻	0	0
เชยแหลก	已过时	机翻	0	0
เชยีงใหม	清迈	机翻	0	0
เชลย	俘虏	机翻	0	0
เชลยศึก	战俘	机翻	0	0
เชลโล	大提琴	机翻	0	0
เชษฐะ	切斯塔	机翻	0	0
เชษฐา	切塔	机翻	0	0
เชอง	程	机翻	0	0
เชอร์รี	樱桃	机翻	0	0
เชอร์รี่	樱桃	机翻	0	0
เช่าช่วง	转租	机翻	0	0
เช่าซื้อ	租购	机翻	0	0
เช้าตรู่	早晨	机翻	0	0
เช้านี้	今晨	机翻	0	0
เช่าบ้าน	租房子	机翻	0	0
เช่าพระ	租佛牌	机翻	0	0
เช้ามืด	黎明	机翻	0	0
เชาว์	迅速的	机翻	0	0
เชาวน์	智力	机翻	0	0
เชิงกราน	骨盆	机翻	0	0
เชิงกล	机械的	机翻	0	0
เชิงเขา	山麓	机翻	0	0
เชิงชั้น	地层学的	机翻	0	0
เชิงชาย	檐	机翻	0	0
เชิงซ้อน	复杂的	机翻	0	0
เชิงเทิน	城垛	机翻	0	0
เชิงเนิน	山脚下	机翻	0	0
เชิงมุม	有角的	机翻	0	0
เชิงรัก	清洛	机翻	0	0
เชิงลบ	消极的	机翻	0	0
เชิงเลข	数值	机翻	0	0
เชิงเส้น	线性	机翻	0	0
เชิงอรรถ	脚注	机翻	0	0
เชิดจีน	中国舞	机翻	0	0
เชิดฉิ่ง	舞铙钹	机翻	0	0
เชิดชู	颂扬	机翻	0	0
เชิดหนัง	表演木偶戏	机翻	0	0
เชิดหน้า	抬起头	机翻	0	0
เชิดหุ่น	木偶师	机翻	0	0
เชียงตุง	江东	机翻	0	0
เชียงราย	清莱	机翻	0	0
เชียร์	欢呼	机翻	0	0
เชือกเขา	山绳	机翻	0	0
เชือกบาศ	套索	机翻	0	0
เชือกฟาง	草绳	机翻	0	0
เชื้อไข	种子	机翻	0	0
เชื่อใจ	相信	机翻	0	0
เชื่อได้	可以相信	机翻	0	0
เชื่อถือ	相信	机翻	0	0
เชือนแช	离题	机翻	0	0
เชื้อไฟ	火种	机翻	0	0
เชื้อสาย	血统	机翻	0	0
แช่แข็ง	冷冻	机翻	0	0
แช่งด่า	诅咒	机翻	0	0
แช่น้ำ	泡在水里	机翻	0	0
แชบ๊วย	毛茸茸的李子	机翻	0	0
แชมป์	冠军	机翻	0	0
แชมป์โลก	世界冠军	机翻	0	0
แชมเปญ	香槟酒	机翻	0	0
แช่เย็น	冷藏的	机翻	0	0
โชกโชน	经验丰富的	机翻	0	0
โชกเลือด	浸透在血中	机翻	0	0
โชคช่วย	运气有帮助	机翻	0	0
โชคชะตา	财富	机翻	0	0
โชคไม่ดี	厄运	机翻	0	0
โชคลาง	迷信	机翻	0	0
โชเฟอร์	司机	机翻	0	0
โชยุ	酱油	机翻	0	0
โชว์	展示	机翻	0	0
โชว์รูม	陈列室	机翻	0	0
โชว์ห่วย	狗屎秀	机翻	0	0
โชห่วย	杂货店	机翻	0	0
ใช้กับ	与使用	机翻	0	0
ใช้กำลัง	动武	机翻	0	0
ใช้คืน	花回来	机翻	0	0
ใช้งาน	使用	机翻	0	0
ใช้ชีวิต	过着生活	机翻	0	0
ใช้แล้ว	用过的	机翻	0	0
ใช้สอย	可用	机翻	0	0
ใช้อุบาย	使用技巧	机翻	0	0
ไชเท้า	萝卜	机翻	0	0
ไชโย	太棒了！	机翻	0	0
ซ	C	机翻	0	0
ซกมก	肮脏的	机翻	0	0
ซมซาน	可耻	机翻	0	0
ซวดเซ	不稳定	机翻	0	0
ซวนเซ	错开	机翻	0	0
ซ็อกเก็ต	插座	机翻	0	0
ซอกซอน	雪貂	机翻	0	0
ซอกซอย	胡同	机翻	0	0
ซอกซัง	隐藏	机翻	0	0
ซอกแซก	好奇地	机翻	0	0
ซองขาว	白色信封	机翻	0	0
ซ่องโจร	巢	机翻	0	0
ซ่องแซ่ง	一瘸一拐地	机翻	0	0
ซองปืน	枪套	机翻	0	0
ซองมือ	手套	机翻	0	0
ซ่องสุม	拉帮结派	机翻	0	0
ซ่องเสพ	通奸	机翻	0	0
ซอด้วง	锯甲虫	机翻	0	0
ซ้อนกล	背叛	机翻	0	0
ซ่อนชู้	隐藏外遇	机翻	0	0
ซ้อนซับ	变得复杂	机翻	0	0
ซ่อนตัว	隐藏	机翻	0	0
ซ้อนทับ	覆盖	机翻	0	0
ซ้อนท้าย	后座	机翻	0	0
ซ่อนรูป	隐藏人物	机翻	0	0
ซ่อนเร้น	隐	机翻	0	0
ซ่อนหา	捉迷藏	机翻	0	0
ซอบั้ง	锯邦	机翻	0	0
ซอปี๊บ	锯窥	机翻	0	0
ซ้อมค้าง	练习过夜	机翻	0	0
ซอมซ่อ	肮脏的	机翻	0	0
ซ้อมซัก	排练	机翻	0	0
ซอมบี	僵尸	机翻	0	0
ซ่อมแปลง	适应	机翻	0	0
ซ้อมพยาน	殴打证人	机翻	0	0
ซ้อมมือ	练练手	机翻	0	0
ซ้อมรบ	演习	机翻	0	0
ซ้อมใหญ่	彩排	机翻	0	0
ซอยตัน	死胡同	机翻	0	0
ซอยเท้า	脚下的巷子	机翻	0	0
ซอยผม	剪头发	机翻	0	0
ซอสามสาย	三弦小提琴	机翻	0	0
ซออู้	苏欧	机翻	0	0
ซะกาต	天课	机翻	0	0
ซักค้าน	盘问	机翻	0	0
ซักซ้อม	锻炼	机翻	0	0
ซักไซ้	审问	机翻	0	0
ซักผ้า	洗衣服	机翻	0	0
ซักฟอก	洗	机翻	0	0
ซักรีด	洗衣店	机翻	0	0
ซักล้าง	洗涤	机翻	0	0
ซักส้าว	我要去洗它	机翻	0	0
ซักแห้ง	干洗	机翻	0	0
ซักอบรีด	洗衣店	机翻	0	0
ซัคคารีน	糖精	机翻	0	0
ซังกะตาย	不情愿地	机翻	0	0
ซังข้าว	稻穗子	机翻	0	0
ซังตาย	勉强	机翻	0	0
ซัดเซ	漂移	机翻	0	0
ซัดทอด	尖叫声	机翻	0	0
ซัดน้ำ	溅水	机翻	0	0
ซัดยา	吃药	机翻	0	0
ซัดสาด	攻击	机翻	0	0
ซันเด	圣代	机翻	0	0
ซันไลต์	阳光	机翻	0	0
ซับซาบ	理解	机翻	0	0
ซับใน	衬垫	机翻	0	0
ซัปโปโระ	札幌	机翻	0	0
ซัลฟา	磺胺	机翻	0	0
ซัลเฟอร์	硫	机翻	0	0
ซัวเถา	汕头	机翻	0	0
ซากพืช	腐殖质	机翻	0	0
ซากศพ	遗迹	机翻	0	0
ซากสัตว์	动物尸体	机翻	0	0
ซาเกร็บ	萨格勒布	机翻	0	0
ซาคา	坂	机翻	0	0
ซาชิมิ	生鱼片	机翻	0	0
ซาดิสม์	虐待狂	机翻	0	0
ซาตาน	撒但	机翻	0	0
ซาติน	缎	机翻	0	0
ซ่านเซ็น	分散	机翻	0	0
ซานตา	圣诞老人	机翻	0	0
ซานา	夏娜	机翻	0	0
ซาบซ่าน	清新	机翻	0	0
ซาบซึ้ง	欣赏	机翻	0	0
ซาบาห์	沙巴	机翻	0	0
ซ่าโบะ	披肩	机翻	0	0
ซาปั๊ว	沙普阿	机翻	0	0
ซามัว	萨摩亚	机翻	0	0
ซามูไร	武士	机翻	0	0
ซาโมวาร์	茶炊	机翻	0	0
ซ้ายจัด	极左	机翻	0	0
ซ้ายมือ	左手	机翻	0	0
ซ้ายหัน	左转	机翻	0	0
ซายองเต้	萨扬特	机翻	0	0
ซาร์	沙皇	机翻	0	0
ซาราเยโว	萨拉热窝	机翻	0	0
ซาราวัก	砂拉越	机翻	0	0
ซาลง	减速	机翻	0	0
ซาละเปา	萨拉保	机翻	0	0
ซาลาเปา	包子	机翻	0	0
ซาวน่า	桑拿	机翻	0	0
ซาวน้ำ	水桑拿	机翻	0	0
ซาวเสียง	轮询	机翻	0	0
ซาหริ่ม	萨希姆	机翻	0	0
ซ่าหริ่ม	沙里姆	机翻	0	0
ซาฮารา	撒哈拉	机翻	0	0
ซาฮาลิน	萨哈林岛	机翻	0	0
ซ้ำชั้น	复读班	机翻	0	0
ซ้ำซาก	陈词滥调	机翻	0	0
ซ้ำเติม	加剧	机翻	0	0
ซ้ำรอย	重复	机翻	0	0
ซ้ำร้าย	而且	机翻	0	0
ซ้ำสอง	两次	机翻	0	0
ซิกซี้	轻笑	机翻	0	0
ซิกแซ็ก	之字形	机翻	0	0
ซิกมา	西格玛	机翻	0	0
ซิการ์	雪茄	机翻	0	0
ซิงเกิล	单身的	机翻	0	0
ซิงโคนา	金鸡纳	机翻	0	0
ซิงซิง	唱唱	机翻	0	0
ซิดนีย์	悉尼	机翻	0	0
ซินนามิก	肉桂酸	机翻	0	0
ซินแส	学者	机翻	0	0
ซิฟิลิส	梅毒	机翻	0	0
ซิมบับเว	津巴布韦	机翻	0	0
ซิมโฟนี	交响乐	机翻	0	0
ซิลิกา	二氧化硅	机翻	0	0
ซิลิคอน	硅	机翻	0	0
ซี่กรง	栏杆	机翻	0	0
ซีกโลก	半球	机翻	0	0
ซีเกมส์	东南亚运动会	机翻	0	0
ซี่โครง	肋骨	机翻	0	0
ซี้ซั้ว	不加区别地	机翻	0	0
ซีซาร์	凯撒	机翻	0	0
ซีเซียม	铯	机翻	0	0
ซีดเซียว	苍白	机翻	0	0
ซีดเผือด	苍白	机翻	0	0
ซีดี	光盘	机翻	0	0
ซีดีรอม	光盘	机翻	0	0
ซีตา	泽塔	机翻	0	0
ซีนอน	氙	机翻	0	0
ซีพียู	中央处理器	机翻	0	0
ซีฟู้ด	海鲜	机翻	0	0
ซีฟู๊ด	海鲜	机翻	0	0
ซีเมนต์	水泥	机翻	0	0
ซีร็อกซ์	复印	机翻	0	0
ซีริลลิก	西里尔	机翻	0	0
ซีรีย์	系列	机翻	0	0
ซีรี่ย์	系列	机翻	0	0
ซีรีส	系列	机翻	0	0
ซีเรีย	叙利亚	机翻	0	0
ซีเรียม	铈	机翻	0	0
ซีเรียส	严肃的	机翻	0	0
ซีไรท์	海写	机翻	0	0
ซีวีดี	CVD	机翻	0	0
ซีอิ๊ว	酱油	机翻	0	0
ซีไอเอ	中央情报局	机翻	0	0
ซึ้งใจ	我很感动	机翻	0	0
ซึ่งหน้า	面对面	机翻	0	0
ซึนเดเระ	傲娇	机翻	0	0
ซึมกะทือ	默默地	机翻	0	0
ซึมซับ	吸收	机翻	0	0
ซึมซาบ	渗透	机翻	0	0
ซึมเซา	惰性的	机翻	0	0
ซึมทราบ	熟悉	机翻	0	0
ซึมลึก	深入吸收	机翻	0	0
ซื่อ	忠实	机翻	0	0
ซื้อของ	买东西	机翻	0	0
ซื้อใจ	买你的心	机翻	0	0
ซื่อบื้อ	幼稚的	机翻	0	0
ซื้อเวลา	争取时间	机翻	0	0
ซื้อหา	买	机翻	0	0
ซุกซน	行为不端	机翻	0	0
ซุบซิบ	闲话	机翻	0	0
ซุ่มซ่าม	笨拙	机翻	0	0
ซูโครส	蔗糖	机翻	0	0
ซูชิ	寿司	机翻	0	0
ซูดซาด	伤心	机翻	0	0
ซูดาน	苏丹	机翻	0	0
ซูดานใต้	南苏丹	机翻	0	0
ซูบผอม	瘦骨嶙峋的	机翻	0	0
ซูเฟล	舒芙蕾	机翻	0	0
ซูโม่	相扑	机翻	0	0
ซูรินาม	苏里南	机翻	0	0
ซูรินาเม	苏里南	机翻	0	0
ซูฮก	苏霍克	机翻	0	0
เซ็กซี่	性感的	机翻	0	0
เซ็กส์	性别	机翻	0	0
เซเชลส์	塞舌尔	机翻	0	0
เซถลา	困境	机翻	0	0
เซเทอร์	色狼	机翻	0	0
เซ็นชื่อ	符号	机翻	0	0
เซ็นต์	分	机翻	0	0
เซ่นผี	供奉鬼魂	机翻	0	0
เซ่นไหว้	供品	机翻	0	0
เซเนกัล	塞内加尔	机翻	0	0
เซฟ	安全的	机翻	0	0
เซรามิก	陶瓷制品	机翻	0	0
เซรามิค	陶瓷制品	机翻	0	0
เซรุ่ม	血清	机翻	0	0
เซลเซียส	摄氏度	机翻	0	0
เซลฟี	自拍	机翻	0	0
เซลฟี่	自拍	机翻	0	0
เซลล์ไข่	卵细胞	机翻	0	0
เซลลูโลส	纤维素	机翻	0	0
เซเลบ	明星	机翻	0	0
เซเล็บ	明星	机翻	0	0
เซเลรี่	芹菜	机翻	0	0
เซอร์	先生	机翻	0	0
เซาเปาลู	圣保罗	机翻	0	0
เซียมตือ	暹罗星期二	机翻	0	0
แซมเบีย	赞比亚	机翻	0	0
แซยิด	六十周年	机翻	0	0
แซลมอน	三文鱼	机翻	0	0
แซ็ว	逗	机翻	0	0
โซเซ	卷轴	机翻	0	0
โซดา	苏打	机翻	0	0
โซดาไฟ	烧碱	机翻	0	0
โซ่ตรวน	脚镣	机翻	0	0
โซนาร์	声纳	机翻	0	0
โซเฟีย	索菲亚	机翻	0	0
โซมาเลีย	索马里	机翻	0	0
โซรม	破碎的	机翻	0	0
โซรมโรม	团结奋斗	机翻	0	0
โซลา	太阳的	机翻	0	0
โซเวียต	苏联	机翻	0	0
ไซเกิล	循环	机翻	0	0
ไซโคลน	气旋	机翻	0	0
ไซ่ง่อน	西贡	机翻	0	0
ไซน์	正弦	机翻	0	0
ไซนัส	窦	机翻	0	0
ไซแนปส์	突触	机翻	0	0
ไซบอร์ก	赛博格	机翻	0	0
ไซบีเรีย	西伯利亚	机翻	0	0
ไซเบอร์	网络	机翻	0	0
ไซปรัส	塞浦路斯	机翻	0	0
ไซยาไนด์	氰化物	机翻	0	0
ไซร้	知道	机翻	0	0
ไซเรน	警笛	机翻	0	0
ไซเล็ม	木质部	机翻	0	0
ไซโล	筒仓	机翻	0	0
ฌ	ฺ	机翻	0	0
ฌาปน	火葬	机翻	0	0
ฌาปนกิจ	火葬	机翻	0	0
ฌาปนสถาน	火葬场	机翻	0	0
ฌารขัณฑ์	贾坎德邦	机翻	0	0
ญ	是	机翻	0	0
ญญ่าย	耶！	机翻	0	0
ญัตติ	运动	机翻	0	0
ญาณวิทยา	认识论	机翻	0	0
ญาณี	智慧	机翻	0	0
ญาดา	雅达	机翻	0	0
ญาติดี	好亲戚	机翻	0	0
ญาติมิตร	朋友和亲戚	机翻	0	0
ญาติโยม	亲人	机翻	0	0
ญาติสนิท	近亲	机翻	0	0
ญิฮาด	圣战	机翻	0	0
ญี่ปุ่น	日本	机翻	0	0
ฎ	ก	机翻	0	0
ฏ	ก	机翻	0	0
ฐ	th	机翻	0	0
ฐานกรณ์	牙槽嵴	机翻	0	0
ฐานทัพ	驻扎	机翻	0	0
ฐานบท	章节基地	机翻	0	0
ฐานปัทม์	帕德玛基底	机翻	0	0
ฐานราก	基础	机翻	0	0
ฐานะ	位置	机翻	0	0
ฐานันดร	财产	机翻	0	0
ฐิติ	耐力	机翻	0	0
ฑ	th	机翻	0	0
ฑังสะ	坦萨	机翻	0	0
ฑาก	达克	机翻	0	0
ฑาหก	六把剑	机翻	0	0
ฑาหะ	塔哈	机翻	0	0
โฑครี	多克里	机翻	0	0
ฒ	th	机翻	0	0
ฒากา	达卡	机翻	0	0
เฒ่าแก่	媒人	机翻	0	0
เฒ่าทารก	老宝贝	机翻	0	0
ณ	在	机翻	0	0
ณรงค์	活动	机翻	0	0
ด	d	机翻	0	0
ดกดื่น	丰富	机翻	0	0
ดงกล้วย	芭蕉林	机翻	0	0
ดงดาน	丛林	机翻	0	0
ดงดิบ	丛林	机翻	0	0
ดงดึก	茂密且难以穿越的森林	机翻	0	0
ดงไผ่	竹林	机翻	0	0
ดงหญ้า	草	机翻	0	0
ด้นดั้น	穿透	机翻	0	0
ดนโด่	挺起身子	机翻	0	0
ดมกลิ่น	闻	机翻	0	0
ดมไร	你闻到什么味道了？	机翻	0	0
ดยุก	公爵	机翻	0	0
ดยุค	公爵	机翻	0	0
ดราม่า	戏剧	机翻	0	0
ดรุ	德鲁	机翻	0	0
ดรุณ	青少年	机翻	0	0
ดรุณี	女孩	机翻	0	0
ดรุษัณฑ์	孩子	机翻	0	0
ดลใจ	启发	机翻	0	0
ดลบันดาล	注定	机翻	0	0
ดวงกมล	杜昂卡蒙	机翻	0	0
ดวงแก้ว	所爱的人	机翻	0	0
ดวงขึ้น	星座上升	机翻	0	0
ดวงจิต	灵魂	机翻	0	0
ดวงจู๋	阴茎星座	机翻	0	0
ดวงใจ	心	机翻	0	0
ดวงชะตา	星座运势	机翻	0	0
ดวงดาว	星星	机翻	0	0
ดวงเดือน	星座运势	机翻	0	0
ดวงตรา	海豹	机翻	0	0
ดวงตะวัน	太阳	机翻	0	0
ดวงไม่ดี	厄运	机翻	0	0
ดวงสมร	最亲爱的女人	机翻	0	0
ด้วงโสน	螟虫	机翻	0	0
ดวงหทัย	心脏的星座	机翻	0	0
ด่วนจี๋	紧迫的！	机翻	0	0
ด้วยใจ	用我的心	机翻	0	0
ด้วยซ้ำ	甚至	机翻	0	0
ด้วยดี	干得好	机翻	0	0
ด้วยมือ	手工	机翻	0	0
ด้วยว่า	为了	机翻	0	0
ดวลแข้ง	决斗	机翻	0	0
ดอกจัน	星号	机翻	0	0
ดอกจิก	俱乐部	机翻	0	0
ดอกดั้ว	防火喇叭	机翻	0	0
ดอกดิน	番红花	机翻	0	0
ดอกเตอร์	医生	机翻	0	0
ดอกทอง	荡妇	机翻	0	0
ดอกบุก	魔芋花	机翻	0	0
ดอกผล	水果	机翻	0	0
ดอกฟ้า	蓝色的花	机翻	0	0
ดอกมะตาด	芥菜花	机翻	0	0
ดอกไม้ไฟ	烟花	机翻	0	0
ดอกไม้สด	鲜花	机翻	0	0
ดอกรัก	大丽花	机翻	0	0
ดอกลำโพง	喇叭	机翻	0	0
ดอกเล็บ	指甲上有白点	机翻	0	0
ดอกเลา	盛开	机翻	0	0
ดอกหิน	石花	机翻	0	0
ดอกเห็ด	蘑菇	机翻	0	0
ดองฉาย	杈	机翻	0	0
ดองยา	腌制药	机翻	0	0
ดอนเมือง	廊曼	机翻	0	0
ดอมินีกา	多米尼克	机翻	0	0
ด้อยค่า	折旧的	机翻	0	0
ดอยเต่า	陶伊涛	机翻	0	0
ดอลลาร์	美元	机翻	0	0
ดอลล่าร์	美元	机翻	0	0
ดักควาย	水牛陷阱	机翻	0	0
ดักคอ	排除	机翻	0	0
ดักจับ	陷阱	机翻	0	0
ดักดาน	完全的	机翻	0	0
ดักเดี้ย	不适	机翻	0	0
ดักแด้	蛹	机翻	0	0
ดักฟัง	窃听	机翻	0	0
ดักรอ	陷阱并等待	机翻	0	0
ดักษณี	斧头	机翻	0	0
ดักหน้า	在你面前	机翻	0	0
ดังกล่าว	这样的	机翻	0	0
ดังก้อง	高声	机翻	0	0
ดังโงะ	团子	机翻	0	0
ดั้งจมูก	鼻梁	机翻	0	0
ดังใจ	如你所愿	机翻	0	0
ดังใจนึก	如你所愿	机翻	0	0
ดังเช่น	例如	机翻	0	0
ดังเดิม	和以前一样	机翻	0	0
ดังที่	作为	机翻	0	0
ดังนี้	如下：	机翻	0	0
ดังระงม	大声	机翻	0	0
ดังลั่น	高声	机翻	0	0
ดังสนั่น	高声	机翻	0	0
ดังหนึ่ง	作为一个	机翻	0	0
ดัชเชส	公爵夫人	机翻	0	0
ดัชต์	荷兰语	机翻	0	0
ดัดจริต	切碎	机翻	0	0
ดัดตน	锻炼	机翻	0	0
ดัดนิสัย	行为矫正	机翻	0	0
ดัดปลัก	月	机翻	0	0
ดัดแปลง	适应	机翻	0	0
ดัดผม	卷发	机翻	0	0
ดัดหลัง	弯曲你的背部	机翻	0	0
ดัตช์	荷兰语	机翻	0	0
ดั้นด้น	下降	机翻	0	0
ดั้นเมฆ	飞过云层	机翻	0	0
ดับกลิ่น	除臭	机翻	0	0
ดับขันธ์	死亡	机翻	0	0
ดับชีพ	发牢骚	机翻	0	0
ดับทุกข์	结束痛苦	机翻	0	0
ดับบลิว	瓦	机翻	0	0
ดับไฟ	把火扑灭	机翻	0	0
ดับลิน	都柏林	机翻	0	0
ด่ากลับ	骂回去	机翻	0	0
ดาเกสตาน	达吉斯坦	机翻	0	0
ด่างดวง	星座运势	机翻	0	0
ดาดฟ้า	屋顶	机翻	0	0
ดาดาษ	分散	机翻	0	0
ด่าทอ	唾骂	机翻	0	0
ด้านชา	麻木的一侧	机翻	0	0
ด้านไม้	木边	机翻	0	0
ด้านส่ง	传输侧	机翻	0	0
ด่านหน้า	前哨	机翻	0	0
ด้านหน้า	正面	机翻	0	0
ด้านหลัง	在后面	机翻	0	0
ดานูบ	多瑙河	机翻	0	0
ดาบส	苦行者	机翻	0	0
ดาบสองคม	双刃剑	机翻	0	0
ด้ามจับ	处理	机翻	0	0
ด้ามจิ้ว	折扇	机翻	0	0
ดามพ์	铜	机翻	0	0
ดามัสกัส	大马士革	机翻	0	0
ด้ายซัง	织机中编织的线	机翻	0	0
ด้ายดิบ	原始线程	机翻	0	0
ด้ายหลอด	管螺纹	机翻	0	0
ดารณี	血管	机翻	0	0
ดารดาษ	盛产	机翻	0	0
ดารา	名人	机翻	0	0
ดาราจักร	星系	机翻	0	0
ดาราบถ	天空	机翻	0	0
ดาราหนัง	电影明星	机翻	0	0
ดาลฉัตร	多层伞柄	机翻	0	0
ดาลเดือด	愤怒	机翻	0	0
ดาลโทสะ	生气	机翻	0	0
ดาลัด	大叻	机翻	0	0
ดาไลลามะ	达赖喇嘛	机翻	0	0
ดาวดึงส์	道瓦东	机翻	0	0
ดาวเด่น	超级巨星	机翻	0	0
ดาวตก	流星	机翻	0	0
ดาวทะเล	海星	机翻	0	0
ดาวน์	首付	机翻	0	0
ดาวพุธ	汞	机翻	0	0
ดาวรุ่ง	金星	机翻	0	0
ดาวเรือง	金盏花	机翻	0	0
ดาวฤกษ์	领域	机翻	0	0
ดาวศุกร์	金星	机翻	0	0
ดาวเสาร์	土星	机翻	0	0
ดาวหาง	彗星	机翻	0	0
ดาวเหนือ	北极星	机翻	0	0
ด่าว่า	骂	机翻	0	0
ดาหน้า	正面	机翻	0	0
ดำเกิง	芊芊	机翻	0	0
ดำขลับ	乌鸦黑	机翻	0	0
ดำขำ	晒黑的	机翻	0	0
ดำคล้ำ	变黑的	机翻	0	0
ดำแคง	被知道	机翻	0	0
ดำดิน	消失	机翻	0	0
ดำแดง	晒黑	机翻	0	0
ดำทะมึน	黑色的	机翻	0	0
ดำนา	插秧	机翻	0	0
ดำน้ำ	潜水	机翻	0	0
ดำปี๋	黑派	机翻	0	0
ดำปืน	黑枪	机翻	0	0
ดำปื๋อ	黑色的	机翻	0	0
ดำมืด	漆黑	机翻	0	0
ดำรงชีพ	居住	机翻	0	0
ดำรงฐานะ	维持状态	机翻	0	0
ดำรงอยู่	存在	机翻	0	0
ดำรัส	演讲	机翻	0	0
ดิงโก	野狗	机翻	0	0
ดิ่งไป	潜水	机翻	0	0
ดิจิตอล	数字的	机翻	0	0
ดิถี	农历日	机翻	0	0
ดินกรด	酸性土壤	机翻	0	0
ดินขาว	高岭土	机翻	0	0
ดินเค็ม	盐渍土	机翻	0	0
ดินจืด	新鲜的土壤	机翻	0	0
ดินดาน	坚硬而致密的土壤	机翻	0	0
ดินดำ	腐殖质	机翻	0	0
ดินแดง	红粘土	机翻	0	0
ดินแดน	领土	机翻	0	0
ดินทราย	砂土	机翻	0	0
ดินนวล	黏土	机翻	0	0
ดินปืน	火药	机翻	0	0
ดินโป่ง	盐舔	机翻	0	0
ดินเผา	红陶	机翻	0	0
ดิ้นรน	比目鱼	机翻	0	0
ดินร่วน	模具	机翻	0	0
ดินส้ม	橙色粘土	机翻	0	0
ดินสอกด	自动铅笔	机翻	0	0
ดินสอดำ	黑铅笔	机翻	0	0
ดินสอพอง	白粘土填料	机翻	0	0
ดินสอสี	彩色铅笔	机翻	0	0
ดินสำลี	棉质	机翻	0	0
ดิรัจฉาน	兽	机翻	0	0
ดิเรก	迪雷克	机翻	0	0
ดิลก	迪尔克	机翻	0	0
ดิลี	帝力	机翻	0	0
ดิสก์	磁盘	机翻	0	0
ดิสโก	迪斯科	机翻	0	0
ดิสนีย์	迪士尼	机翻	0	0
ดีกรี	程度	机翻	0	0
ดีกว่า	更好的	机翻	0	0
ดีกัน	我们要好好的	机翻	0	0
ดีเกลือ	泻盐	机翻	0	0
ดีงาม	非常好	机翻	0	0
ดีงู	好蛇	机翻	0	0
ดีจริง	真的很好	机翻	0	0
ดีเจ	DJ	机翻	0	0
ดีฉัน	好我	机翻	0	0
ดีซ่าน	黄疸	机翻	0	0
ดีเซล	柴油机	机翻	0	0
ดีไซน์	设计	机翻	0	0
ดีดดิ้น	自夸	机翻	0	0
ดีดนิ้ว	打个响指	机翻	0	0
ดีดฝ้าย	起毛	机翻	0	0
ดี๊ด๊า	太酷了！	机翻	0	0
ดีดีที	滴滴涕	机翻	0	0
ดีเด่น	杰出的	机翻	0	0
ดีเดือด	心烦意乱	机翻	0	0
ดีแตก	非常好	机翻	0	0
ดีนาคราช	好那加拉特	机翻	0	0
ดีบัว	德布亚	机翻	0	0
ดีบุก	锡	机翻	0	0
ดีปลี	深	机翻	0	0
ดีฝ่อ	吓	机翻	0	0
ดีมอส	火卫二	机翻	0	0
ดีมาก	非常好	机翻	0	0
ดีไม่ดี	好坏	机翻	0	0
ดีรัจฉาน	好畜生	机翻	0	0
ดีร้าย	好或坏	机翻	0	0
ดีวีดี	DVD	机翻	0	0
ดีหิน	好石头	机翻	0	0
ดึกดื่น	深夜	机翻	0	0
ดึกสงัด	深夜	机翻	0	0
ดึงดัน	坚持不懈	机翻	0	0
ดึงดูด	画	机翻	0	0
ดึงสะ	拉萨	机翻	0	0
ดื่นดาษ	慷慨地	机翻	0	0
ดื่นดึก	深夜	机翻	0	0
ดื่มจัด	大量饮酒	机翻	0	0
ดื่มด่ำ	放纵	机翻	0	0
ดื่มได้	可以喝	机翻	0	0
ดือ	是的	机翻	0	0
ดื้อแพ่ง	忤	机翻	0	0
ดุกดิก	小提琴	机翻	0	0
ดุ๊กดิ๊ก	马不停蹄	机翻	0	0
ดุ้งดิ้ง	人为地	机翻	0	0
ดุจดั่ง	喜欢	机翻	0	0
ดุดัน	挑衅的	机翻	0	0
ดุด่า	骂	机翻	0	0
ดุเดือด	加热的	机翻	0	0
ดุบดิบ	生的	机翻	0	0
ดุบเนียม	杜布尼姆	机翻	0	0
ดุรงค์	马	机翻	0	0
ดุริยะ	乐器	机翻	0	0
ดุลพินิจ	审慎	机翻	0	0
ดุลภาค	区域平衡	机翻	0	0
ดุลยภาพ	平衡	机翻	0	0
ดุลอำนาจ	权力平衡	机翻	0	0
ดุษฎี	喜悦	机翻	0	0
ดุษณี	寂静	机翻	0	0
ดุษณีภาพ	默契	机翻	0	0
ดุสิต	都喜	机翻	0	0
ดุอาอ์	杜阿	机翻	0	0
ดูกร	看！	机翻	0	0
ดูก่อน	预览	机翻	0	0
ดูกู	杜库	机翻	0	0
ดูงาน	查看工作	机翻	0	0
ดูจะ	看起来像	机翻	0	0
ดูใจ	留意你的心	机翻	0	0
ดูชานเบ	杜尚别	机翻	0	0
ดูดกลืน	吸收	机翻	0	0
ดูดซับ	吸收	机翻	0	0
ดูดซึม	吸收	机翻	0	0
ดูดดึง	吸引	机翻	0	0
ดูดดื่ม	深情的	机翻	0	0
ดูดนม	哺乳乳房	机翻	0	0
ดูดฝุ่น	真空	机翻	0	0
ดูดวง	星座运势	机翻	0	0
ดูดาย	该死的	机翻	0	0
ดูดี	看起来不错	机翻	0	0
ดูตัว	看看	机翻	0	0
ดูถูก	侮辱	机翻	0	0
ดูเถอะ	看	机翻	0	0
ดูท่า	看姿势	机翻	0	0
ดูท่าทาง	看	机翻	0	0
ดูทีท่า	看看它	机翻	0	0
ดูไบ	迪拜	机翻	0	0
ดูไปก่อน	继续寻找	机翻	0	0
ดูไม่จืด	看起来并不平淡	机翻	0	0
ดูรา	杜拉	机翻	0	0
ดูลาดเลา	仔细看	机翻	0	0
ดูเล่น	看戏	机翻	0	0
ดูหมอ	看病	机翻	0	0
ดูหมิ่น	亵渎的	机翻	0	0
ดูหรือ	观看或	机翻	0	0
ดูออก	你可以看到	机翻	0	0
เด็กชา	茶童	机翻	0	0
เด็กดี	好孩子	机翻	0	0
เด็กแดง	红男孩	机翻	0	0
เด็กโต	年龄较大的孩子	机翻	0	0
เด็กทารก	婴儿	机翻	0	0
เด็กนรก	地狱男孩	机翻	0	0
เด็กน้อย	小孩子	机翻	0	0
เด็กแนว	时尚小孩	机翻	0	0
เด็กเปรต	小鬼小子	机翻	0	0
เด็กเล็ก	小孩子	机翻	0	0
เด็กวัด	圣殿男孩	机翻	0	0
เด็กเวร	轮班男孩	机翻	0	0
เด็กแว้น	流浪小子	机翻	0	0
เด็กแว๊น	摩托车小子	机翻	0	0
เด็กสาว	年轻女孩	机翻	0	0
เด็กแสบ	顽皮的孩子	机翻	0	0
เด็กอ่อน	年幼的孩子	机翻	0	0
เด็กเอ็น	N个孩子	机翻	0	0
เดคากรัม	十克	机翻	0	0
เดคาเมตร	十米特	机翻	0	0
เดคาลิตร	公斗	机翻	0	0
เดชะบุญ	祝你好运	机翻	0	0
เดโช	权威	机翻	0	0
เดโชชัย	德乔猜	机翻	0	0
เดซิกรัม	十分克	机翻	0	0
เดซิเมตร	分米	机翻	0	0
เดซิลิตร	分升	机翻	0	0
เดซี	雏菊	机翻	0	0
เดซี่	雏菊	机翻	0	0
เดดซี	死海	机翻	0	0
เด็ดดวง	优秀	机翻	0	0
เด่นดัง	杰出的	机翻	0	0
เดนตาย	幸存者	机翻	0	0
เดนนรก	地狱	机翻	0	0
เดนมาร์ก	丹麦	机翻	0	0
เดนลอว์	丹麦劳	机翻	0	0
เดนเวอร์	丹佛	机翻	0	0
เดมะนิม	德马尼姆	机翻	0	0
เดรัจฉาน	野蛮的	机翻	0	0
เดลตา	三角洲	机翻	0	0
เดลาแวร์	特拉华州	机翻	0	0
เดลี	德里	机翻	0	0
เด๋อด๋า	尴尬的	机翻	0	0
เดอะแบก	熊	机翻	0	0
เดาสวด	盲目猜测	机翻	0	0
เดาสุ่ม	野猫	机翻	0	0
เดินขบวน	行进	机翻	0	0
เดินคาถา	行咒语	机翻	0	0
เดินจักร	骑着自行车走	机翻	0	0
เดินโซเซ	错开	机翻	0	0
เดินดุ่ม	走动	机翻	0	0
เดินตลาด	去市场	机翻	0	0
เดินตาม	走过	机翻	0	0
เดินแต้ม	采取行动	机翻	0	0
เดินโต๊ะ	走桌子	机翻	0	0
เดินแถว	排队走	机翻	0	0
เดินทอง	走金子	机翻	0	0
เดินทัพ	行进	机翻	0	0
เดินทุ่ง	走在田野里	机翻	0	0
เดินเท้า	走	机翻	0	0
เดินนา	行走在稻田里	机翻	0	0
เดินป่า	远足	机翻	0	0
เดินป้าย	沿着路标走	机翻	0	0
เดินผ่าน	走过	机翻	0	0
เดินรถ	步行乘坐公交车	机翻	0	0
เดินเรือ	帆船运动	机翻	0	0
เดินเล่น	散步	机翻	0	0
เดินเลาะ	一路走来	机翻	0	0
เดินสวน	在花园里散步	机翻	0	0
เดินสาย	接线	机翻	0	0
เดินเส้น	画一条线	机翻	0	0
เดินหน	走	机翻	0	0
เดินหน้า	继续走	机翻	0	0
เดินหมาก	移动棋子	机翻	0	0
เดินหมาย	行走目标	机翻	0	0
เดินเหิน	走	机翻	0	0
เดินไหม	你能走路吗？	机翻	0	0
เดิมที	起初	机翻	0	0
เดิมพัน	赌注	机翻	0	0
เดียงสา	感觉很无辜	机翻	0	0
เดียรฉาน	堕落的	机翻	0	0
เดียรดาษ	被淹没	机翻	0	0
เดียวดาย	独自的	机翻	0	0
เดือดดาล	生气的	机翻	0	0
เดือนขาด	我缺了一个月	机翻	0	0
เดือนคี่	奇数月	机翻	0	0
เดือนคู่	偶数月	机翻	0	0
เดือนดับ	新月	机翻	0	0
เดือนมืด	无月之夜	机翻	0	0
แดกดัน	讽刺地	机翻	0	0
แดกแด้	蛹	机翻	0	0
แดงก่ำ	血丝	机翻	0	0
แดงเข้ม	深红色	机翻	0	0
แดงฉาน	猩红	机翻	0	0
แดงเถือก	红色的	机翻	0	0
แดงสด	鲜红色	机翻	0	0
แดดกล้า	阳光明媚	机翻	0	0
แดดจัด	阳光明媚	机翻	0	0
แดดเดียว	一太阳	机翻	0	0
แดดาล	启发	机翻	0	0
แดดิ้น	焦虑	机翻	0	0
แดนเซอร์	舞蹈家	机翻	0	0
แดนดิน	土地	机翻	0	0
แดนไตร	特里兰德	机翻	0	0
แดนสนธยา	暮光之城	机翻	0	0
แดยัน	感到尴尬	机翻	0	0
โดกเดก	沥青	机翻	0	0
โด่งดัง	著名的	机翻	0	0
โดดร่ม	降落伞	机翻	0	0
โด่เด่	屹立	机翻	0	0
โดโด้	渡渡鸟	机翻	0	0
โดโดมา	多多马	机翻	0	0
โดนใจ	我喜欢它	机翻	0	0
โดนดี	打得很好	机翻	0	0
โดนัต	甜甜圈	机翻	0	0
โดนัท	甜甜圈	机翻	0	0
โดปามีน	多巴胺	机翻	0	0
โดพามีน	多巴胺	机翻	0	0
โดมไพร	森林边缘	机翻	0	0
โดมิโน	骨牌	机翻	0	0
โดยง่าย	容易地	机翻	0	0
โดยจงใจ	故意地	机翻	0	0
โดยจริง	实际上	机翻	0	0
โดยด่วน	紧急地	机翻	0	0
โดยดี	凭良心	机翻	0	0
โดยตลอด	总是	机翻	0	0
โดยทันที	立即地	机翻	0	0
โดยนัย	隐含的	机翻	0	0
โดยปกติ	通常	机翻	0	0
โดยปรกติ	通常情况下	机翻	0	0
โดยพลัน	突然	机翻	0	0
โดยมาก	总的来说	机翻	0	0
โดยรอบ	周围	机翻	0	0
โดยเร็ว	尽快	机翻	0	0
โดยลำดับ	为了	机翻	0	0
โดยลำพัง	独自的	机翻	0	0
โดยวาจา	口头地	机翻	0	0
โดยสะดวก	方便	机翻	0	0
โดยสาร	乘客	机翻	0	0
โดยเสด็จ	陛下	机翻	0	0
โดยเหตุ	按道理	机翻	0	0
โดยอรรถ	通过阿塔	机翻	0	0
โดยอิสระ	独立地	机翻	0	0
โดฮา	多哈	机翻	0	0
ได้กลิ่น	闻	机翻	0	0
ได้การ	知道了	机翻	0	0
ได้แก่	即	机翻	0	0
ได้ขนาด	尺寸已掌握	机翻	0	0
ได้ข่าว	有消息	机翻	0	0
ได้ความ	得到它	机翻	0	0
ได้คิด	有想过	机翻	0	0
ได้คืน	拿回来了	机翻	0	0
ได้คู่	有一双	机翻	0	0
ได้ใจ	得到了我的心	机翻	0	0
ได้ช่อง	获得频道	机翻	0	0
ได้ชื่อ	有名字了	机翻	0	0
ได้ดี	出色地	机翻	0	0
ได้ตัว	知道了	机翻	0	0
ได้ท้าย	最后	机翻	0	0
ได้ที	我可以	机翻	0	0
ได้ที่	获取它：	机翻	0	0
ไดนาโม	发电机	机翻	0	0
ไดนาไมต์	炸药	机翻	0	0
ได้ผล	有用	机翻	0	0
ไดมอส	火卫二	机翻	0	0
ได้มา	知道了	机翻	0	0
ไดร์	干燥	机翻	0	0
ไดรฟ์	驾驶	机翻	0	0
ได้รับ	收到	机翻	0	0
ได้ราคา	获取价格	机翻	0	0
ได้รู้	认识了	机翻	0	0
ได้รูป	收到图片了	机翻	0	0
ได้ฤกษ์	这是一个吉祥的时刻	机翻	0	0
ได้ลาภ	发一笔财	机翻	0	0
ได้เวลา	是时候了	机翻	0	0
ได้สติ	苏醒	机翻	0	0
ได้ส่วน	得到了零件	机翻	0	0
ได้เสีย	获得	机翻	0	0
ได้หน้า	得到面子	机翻	0	0
ไดอะแกรม	图表	机翻	0	0
ไดอารี	日记	机翻	0	0
ไดอารี่	日记	机翻	0	0
ได้โอกาส	有机会了	机翻	0	0
ต	时间	机翻	0	0
ตกกระ	干瘪	机翻	0	0
ตกกะปิ	虾酱	机翻	0	0
ตกขอบ	极端主义者-	机翻	0	0
ตกขาว	白带	机翻	0	0
ตกข่าว	出了新闻	机翻	0	0
ตกข้าว	落下的稻米	机翻	0	0
ตกขุย	颗粒化	机翻	0	0
ตกเขียว	绿色的秋天	机翻	0	0
ตกไข่	排卵	机翻	0	0
ตกคลัก	聚集	机翻	0	0
ตกค้าง	残留物	机翻	0	0
ตกค่ำ	黄昏	机翻	0	0
ตกเครือ	无隶属关系	机翻	0	0
ตกงาน	失去工作	机翻	0	0
ตกจั่น	陈落	机翻	0	0
ตกใจกลัว	害怕	机翻	0	0
ตกดิน	放	机翻	0	0
ตกดึก	深夜	机翻	0	0
ตกตะกอน	淤泥	机翻	0	0
ตกแต่ง	装饰	机翻	0	0
ตกทอด	蕴涵	机翻	0	0
ตกนรก	去地狱吧	机翻	0	0
ตกน้ำ	掉进水里	机翻	0	0
ตกน้ำมัน	石油下跌	机翻	0	0
ตกบ่าย	下午	机翻	0	0
ตกเบ็ด	鱼	机翻	0	0
ตกเบิก	获得欠薪	机翻	0	0
ตกปลอก	用带子覆盖	机翻	0	0
ตกปลัก	被困在一起	机翻	0	0
ตกปลา	鱼	机翻	0	0
ตกเป็น	变得	机翻	0	0
ตกไป	跌倒了	机翻	0	0
ตกผลึก	结晶	机翻	0	0
ตกฟอง	产卵	机翻	0	0
ตกฟาก	生	机翻	0	0
ตกมัน	油性	机翻	0	0
ตกมูก	从肛门排出粘液	机翻	0	0
ตกยาก	很穷	机翻	0	0
ตกรถ	错过了巴士	机翻	0	0
ตกรอบ	被淘汰	机翻	0	0
ตกราง	出轨	机翻	0	0
ตกรางวัล	失去了奖品	机翻	0	0
ตกลูก	生	机翻	0	0
ตกเลือด	出血	机翻	0	0
ตกว่า	那是	机翻	0	0
ตกสนับ	长在老草上	机翻	0	0
ตกสะเก็ด	痂	机翻	0	0
ตกแสก	狭缝	机翻	0	0
ตกหนัก	大雨	机翻	0	0
ตกหมก	挤成一团	机翻	0	0
ตกหล่น	忽略	机翻	0	0
ตกหาย	丢失的	机翻	0	0
ตกอันดับ	排名下降	机翻	0	0
ตกฮวบ	急剧下降	机翻	0	0
ตงฉิน	真诚	机翻	0	0
ตงฟาง	东方	机翻	0	0
ตถาคต	如来	机翻	0	0
ต้นกล	通科尔	机翻	0	0
ต้นกล้วย	香蕉树	机翻	0	0
ตนกู	通古	机翻	0	0
ต้นแก้ว	通考	机翻	0	0
ต้นขั้ว	存根	机翻	0	0
ต้นขา	大腿	机翻	0	0
ต้นแขน	上臂	机翻	0	0
ต้นคอ	颈背	机翻	0	0
ต้นเค้า	树	机翻	0	0
ต้นเงิน	金钱树	机翻	0	0
ต้นชนดอก	金融复利	机翻	0	0
ต้นเดือน	月初	机翻	0	0
ต้นตอ	来源	机翻	0	0
ต้นตาล	糖棕	机翻	0	0
ต้นตำรับ	原来的	机翻	0	0
ต้นทาง	起源	机翻	0	0
ต้นไทร	榕树	机翻	0	0
ต้นน้ำ	源头	机翻	0	0
ต้นบท	章节开头	机翻	0	0
ต้นปี	年初	机翻	0	0
ต้นฝ้าย	棉树	机翻	0	0
ต้นเพลิง	火源	机翻	0	0
ต้นมะขาม	罗望子树	机翻	0	0
ต้นมือ	手的开始	机翻	0	0
ต้นร่าง	草稿	机翻	0	0
ต้นเรือ	船树	机翻	0	0
ต้นลม	风树	机翻	0	0
ต้นเสียง	先导者	机翻	0	0
ต้นหน	航海家	机翻	0	0
ต้นหมาก	槟榔树	机翻	0	0
ต้นหอม	葱	机翻	0	0
ต้นอ่อน	幼树	机翻	0	0
ตนเอง	自己	机翻	0	0
ตบชวา	水葫芦	机翻	0	0
ตบตา	欺骗	机翻	0	0
ตบแต่ง	徽章	机翻	0	0
ตบท้าย	一天结束	机翻	0	0
ตบเท้า	行进	机翻	0	0
ตบแผละ	拍伤	机翻	0	0
ตบมือ	拍	机翻	0	0
ตบหน้า	打脸	机翻	0	0
ตบหลัง	拍拍背	机翻	0	0
ตบะ	苦行	机翻	0	0
ต้มข่า	汤姆卡	机翻	0	0
ต้มเค็ม	加盐煮的肉或鱼	机翻	0	0
ต้มโคล้ง	汤姆·克朗	机翻	0	0
ต้มจืด	清淡的汤	机翻	0	0
ต้มตุ๋น	骗局	机翻	0	0
ต้มเปรต	把幽灵煮沸	机翻	0	0
ต้มเปอะ	煮沸	机翻	0	0
ต้มส้ม	姜鱼汤	机翻	0	0
ตรงกัน	相应的	机翻	0	0
ตรงข้าม	对面的	机翻	0	0
ตรงจุด	正点	机翻	0	0
ตรงดิ่ง	直的	机翻	0	0
ตรงเผง	确切地	机翻	0	0
ตรงหน้า	在我面前	机翻	0	0
ตรงไหน	在哪里？	机翻	0	0
ตรมใจ	伤心	机翻	0	0
ตรรก	逻辑	机翻	0	0
ตรรกะ	逻辑	机翻	0	0
ตรวจการ	检查	机翻	0	0
ตรวจข่าว	查看新闻	机翻	0	0
ตรวจชำระ	支票付款	机翻	0	0
ตรวจดู	查看	机翻	0	0
ตรวจตรา	巡逻	机翻	0	0
ตรวจฟัง	听	机翻	0	0
ตรวจโรค	检查是否有疾病	机翻	0	0
ตรอมตรม	我很痛苦	机翻	0	0
ตระกร้อ	藤球	机翻	0	0
ตระกร้า	篮子	机翻	0	0
ตระกล	有吸引力地	机翻	0	0
ตระกอง	偎	机翻	0	0
ตระการ	漂亮地	机翻	0	0
ตระการตา	壮观	机翻	0	0
ตระกูล	氏族	机翻	0	0
ตระบอง	戳	机翻	0	0
ตระบัด	暂时地	机翻	0	0
ตระพอง	特拉蓬	机翻	0	0
ตระพัง	水库	机翻	0	0
ตระลาการ	感人的	机翻	0	0
ตระเว็ด	数字	机翻	0	0
ตระเวน	巡逻	机翻	0	0
ตระหง่าน	雄伟	机翻	0	0
ตระหนก	可怕地	机翻	0	0
ตระหน่ำ	连击	机翻	0	0
ตระหนี่	小气	机翻	0	0
ตรังกานู	登嘉楼州	机翻	0	0
ตรังค์	巨浪	机翻	0	0
ตรับฟัง	听	机翻	0	0
ตรัสรู้	直觉	机翻	0	0
ตรากตรำ	艰巨	机翻	0	0
ตราขุนพล	将军徽章	机翻	0	0
ตราชู	平衡	机翻	0	0
ตราตรึง	刻	机翻	0	0
ตราตั้ง	能力	机翻	0	0
ตราบที่	只要	机翻	0	0
ตราบเท่า	只要	机翻	0	0
ตราบาป	有罪	机翻	0	0
ตราภูมิ	普姆品牌	机翻	0	0
ตรายาง	橡皮图章	机翻	0	0
ตราสัง	裹尸布	机翻	0	0
ตราสาร	乐器	机翻	0	0
ตราสิน	品牌	机翻	0	0
ตราหน้า	品牌	机翻	0	0
ตราอาร์ม	徽章	机翻	0	0
ตริตรอง	反映	机翻	0	0
ตริปุระ	特里普拉邦	机翻	0	0
ตริโปลี	硅藻土	机翻	0	0
ตรีโกณ	三角形	机翻	0	0
ตรีคูณ	高音	机翻	0	0
ตรีจีวร	三袍	机翻	0	0
ตรีทูต	处于危险之中	机翻	0	0
ตรีโทษ	三项处罚	机翻	0	0
ตรีนิศก	三位一体	机翻	0	0
ตรีภพ	三流行音乐	机翻	0	0
ตรีภูมิ	特里布姆	机翻	0	0
ตรีมูรติ	三穆尔蒂	机翻	0	0
ตรีรัตน์	特里拉特	机翻	0	0
ตรีโลก	特里洛克	机翻	0	0
ตรีศก	三纪元	机翻	0	0
ตรีศูล	三叉戟	机翻	0	0
ตรึกตรอง	幽思	机翻	0	0
ตรึงใจ	着迷	机翻	0	0
ตรึงตรา	刻	机翻	0	0
ตรึงตา	引人注目	机翻	0	0
ตรึงราคา	确定价格	机翻	0	0
ตรุษจีน	春节	机翻	0	0
ตฤณชาติ	生命之树	机翻	0	0
ตฤณมัย	草皮	机翻	0	0
ตลกขบขัน	有趣的	机翻	0	0
ตลกคะนอง	轻率地	机翻	0	0
ตลกบาตร	搞笑碗	机翻	0	0
ตลกโปกฮา	喧闹的	机翻	0	0
ตลกฝืด	僵硬有趣	机翻	0	0
ตลบ	一切从头再来	机翻	0	0
ตลบตะแลง	欺诈地	机翻	0	0
ตลบนก	投向一只鸟	机翻	0	0
ตลบหลัง	背叛	机翻	0	0
ตลบอบอวล	到处都是	机翻	0	0
ตลอดกาล	永远	机翻	0	0
ตลอดคืน	整个晚上	机翻	0	0
ตลอดชีพ	为了一生	机翻	0	0
ตลอดทาง	一路走来	机翻	0	0
ตลอดปี	全年无休	机翻	0	0
ตลอดไป	永远	机翻	0	0
ตลอดมา	一直	机翻	0	0
ตลอดวัน	整天	机翻	0	0
ตลอดเวลา	一直	机翻	0	0
ตลอดศก	整个时代	机翻	0	0
ตลับ	轴承	机翻	0	0
ตลาดเงิน	货币市场	机翻	0	0
ตลาดน้ำ	水上市场	机翻	0	0
ตลาดมืด	黑市	机翻	0	0
ตลาดร่วม	共同市场	机翻	0	0
ตลาดล่าง	下游市场	机翻	0	0
ตลาดโลก	世界市场	机翻	0	0
ตลาดวิชา	主题市场	机翻	0	0
ตลาดเสรี	自由市场	机翻	0	0
ตลาดหุ้น	股市	机翻	0	0
ตลิ่ง	银行	机翻	0	0
ตวัก	塔瓦克	机翻	0	0
ตวัด	轻弹	机翻	0	0
ตวัดลิ้น	轻弹舌头	机翻	0	0
ตวาด	骂	机翻	0	0
ตอกกลับ	反驳	机翻	0	0
ต๊อกต๋อย	破旧的	机翻	0	0
ตอกย้ำ	压力	机翻	0	0
ต่อกร	斗争	机翻	0	0
ต้อกระจก	白内障	机翻	0	0
ตอกหน้า	反击	机翻	0	0
ต่อกัน	连接	机翻	0	0
ต่อกิ่ง	接枝	机翻	0	0
ต้องกัน	我们必须彼此	机翻	0	0
ตองกา	汤加	机翻	0	0
ต้องคดี	我需要打官司	机翻	0	0
ตองงา	汤加	机翻	0	0
ต้องใจ	欲望	机翻	0	0
ต้องตา	必看	机翻	0	0
ต่องแต่ง	向后和向前	机翻	0	0
ต้องโทษ	惩罚	机翻	0	0
ต้องหา	必须找到	机翻	0	0
ตองอู	通古	机翻	0	0
ต่อช้าง	给大象	机翻	0	0
ตอตะโก	烧焦	机翻	0	0
ต่อตัว	一对一	机翻	0	0
ต่อตา	眼睛延伸	机翻	0	0
ต่อตาม	继续关注	机翻	0	0
ต่อตี	斗争	机翻	0	0
ต่อเติม	添加	机翻	0	0
ต่อแต้ม	让分盘	机翻	0	0
ต่อท้าย	后缀	机翻	0	0
ตอนกลาง	中间	机翻	0	0
ตอนกิ่ง	嫁接	机翻	0	0
ตอนจบ	结局	机翻	0	0
ตอนดึก	深夜	机翻	0	0
ตอนต้น	开始	机翻	0	0
ตอนท้าย	结束	机翻	0	0
ตอนที่	插曲	机翻	0	0
ตอนนั้น	当时	机翻	0	0
ตอนปลาย	晚的	机翻	0	0
ต้อนรับ	欢迎	机翻	0	0
ตอนแรก	第一集	机翻	0	0
ตอนสำคัญ	重要情节	机翻	0	0
ตอนหลัง	之后	机翻	0	0
ตอนเหนือ	北方	机翻	0	0
ต่อนี้ไป	今后	机翻	0	0
ต้อเนื้อ	翼状胬肉	机翻	0	0
ตอบกลับ	回应	机翻	0	0
ตอบคำถาม	回答问题	机翻	0	0
ต่อปาก	口碑	机翻	0	0
ต่อไป	下一个	机翻	0	0
ต่อไปนี้	下列	机翻	0	0
ต่อมตง	腺	机翻	0	0
ตอม่อ	彩旗	机翻	0	0
ต่อมา	之后	机翻	0	0
ต่อเมื่อ	仅当	机翻	0	0
ต้อยต่ำ	卑微的	机翻	0	0
ต่อยหอย	长篇大论	机翻	0	0
ต่อยอด	继续	机翻	0	0
ตอแย	惹	机翻	0	0
ตอร์ปิโด	鱼雷	机翻	0	0
ต่อราคา	便宜货	机翻	0	0
ต้อลำไย	龙眼炖肉	机翻	0	0
ตอลิบาน	塔利班	机翻	0	0
ต่อว่า	骂	机翻	0	0
ต่อเวลา	加时赛	机翻	0	0
ตอสคานา	托斯卡纳	机翻	0	0
ต่อสัญญา	续签合同	机翻	0	0
ต่อสู้	斗争	机翻	0	0
ต่อหน้า	前	机翻	0	0
ต่อหัว	人均	机翻	0	0
ต้อหิน	青光眼	机翻	0	0
ตอแหล	谎言	机翻	0	0
ตะกร้อ	枪口	机翻	0	0
ตะกร่อม	海蟹陷阱	机翻	0	0
ตะกรัน	矿渣	机翻	0	0
ตะกรุด	打固	机翻	0	0
ตะกละ	贪婪的	机翻	0	0
ตะกลาม	贪婪地	机翻	0	0
ตะกวด	蜥蜴	机翻	0	0
ตะกอน	沉淀	机翻	0	0
ตะกั่ว	带领	机翻	0	0
ตะกาย	争夺	机翻	0	0
ตะกาว	船钩	机翻	0	0
ตะกี้	刚才	机翻	0	0
ตะกุย	划痕	机翻	0	0
ตะกูด	塔库德	机翻	0	0
ตะเกียง	灯	机翻	0	0
ตะเกียบ	筷子	机翻	0	0
ตะแกรง	格栅	机翻	0	0
ตะโก	老虎	机翻	0	0
ตะโก้	风吹着	机翻	0	0
ตะโกน	喊	机翻	0	0
ตะโกรง	渴望	机翻	0	0
ตะไกร	剪刀	机翻	0	0
ตะขอ	钩	机翻	0	0
ตะขาบ	蜈	机翻	0	0
ตะเข็บ	接缝	机翻	0	0
ตะโขง	嘉维尔	机翻	0	0
ตะฃอ	谢谢	机翻	0	0
ตะคริว	抽筋	机翻	0	0
ตะครุบ	折断	机翻	0	0
ตะครุบกบ	摔倒	机翻	0	0
ตะคอก	折断	机翻	0	0
ตะคัน	发痒	机翻	0	0
ตะคาก	骨盆骨	机翻	0	0
ตะค้าทอง	柳条	机翻	0	0
ตะค้าน	反对	机翻	0	0
ตะคิว	抽筋	机翻	0	0
ตะคุ่ม	不明确的	机翻	0	0
ตะเครียว	真丝钩编手提包	机翻	0	0
ตะเคียน	塔基安	机翻	0	0
ตะแคง	倾斜	机翻	0	0
ตะไคร่	地衣	机翻	0	0
ตะไคร้	柠檬草	机翻	0	0
ตะเฆ่	雪橇	机翻	0	0
ตะแง้	槟榔树枝	机翻	0	0
ตะนาวศรี	塔瑙斯里	机翻	0	0
ตะบม	永远地	机翻	0	0
ตะบอง	棍棒	机翻	0	0
ตะบอย	需要很长时间	机翻	0	0
ตะบึง	坚持不懈地	机翻	0	0
ตะเบ็ง	碗	机翻	0	0
ตะเบ๊ะ	礼炮	机翻	0	0
ตะแบก	塔巴克	机翻	0	0
ตะแบง	固执地	机翻	0	0
ตะแบงมาน	塔班曼	机翻	0	0
ตะโบม	拥抱	机翻	0	0
ตะไบ	锉刀	机翻	0	0
ตะไบเล็บ	指甲锉	机翻	0	0
ตะปบ	爪子	机翻	0	0
ตะปิ้ง	无花果叶	机翻	0	0
ตะปูเข็ม	小钉子	机翻	0	0
ตะปูควง	拧紧	机翻	0	0
ตะพด	杆	机翻	0	0
ตะพอง	大象的额部驼峰	机翻	0	0
ตะพัก	壁架	机翻	0	0
ตะพัง	盆地	机翻	0	0
ตะพั้น	发作	机翻	0	0
ตะพาน	码头	机翻	0	0
ตะพาบ	鳄龟	机翻	0	0
ตะพาบน้ำ	鳄龟	机翻	0	0
ตะพาย	塔派	机翻	0	0
ตะพึด	不断地	机翻	0	0
ตะเพิง	悬岩	机翻	0	0
ตะเพิด	喝叱	机翻	0	0
ตะเพิ่น	一切都匆匆忙忙	机翻	0	0
ตะเพียน	鲤鱼	机翻	0	0
ตะโพก	臀部	机翻	0	0
ตะโพน	塔博尔	机翻	0	0
ตะมอย	漫谈	机翻	0	0
ตะแมะแคะ	我正在把它捡起来	机翻	0	0
ตะราง	监狱	机翻	0	0
ตะลอน	漫游	机翻	0	0
ตะลึง	困惑的	机翻	0	0
ตะลึงงัน	目瞪口呆	机翻	0	0
ตะลุง	巴达隆	机翻	0	0
ตะลุมบอน	自由搏击	机翻	0	0
ตะลุมพอ	足够的木槌	机翻	0	0
ตะลุย	涉足	机翻	0	0
ตะเลง	塔朗	机翻	0	0
ตะแลงแกง	绞刑架	机翻	0	0
ตะวัน	太阳	机翻	0	0
ตะวันตก	西方	机翻	0	0
ตะวันออก	东方	机翻	0	0
ตักตวง	采取很多	机翻	0	0
ตักเตือน	谏	机翻	0	0
ตั๊กแตน	蚱蜢	机翻	0	0
ตักบาตร	放	机翻	0	0
ตั้งกรม	设立部门	机翻	0	0
ตังเก	渔船	机翻	0	0
ตั้งขึ้น	设置	机翻	0	0
ตั้งเข็ม	设置针	机翻	0	0
ตั้งไข่	新生的	机翻	0	0
ตังค์	钱	机翻	0	0
ตั้งค่าย	扎营	机翻	0	0
ตั้งเค้า	酿造	机翻	0	0
ตั้งฉาก	垂直	机翻	0	0
ตังฉ่าย	干白菜叶	机翻	0	0
ตั้งฉายา	昵称	机翻	0	0
ตั้งชื่อ	命名它	机翻	0	0
ตั้งต้น	开始	机翻	0	0
ตั้งตรง	直立	机翻	0	0
ตั้งตัว	做好准备	机翻	0	0
ตั้งตารอ	期待它	机翻	0	0
ตั้งแต่	自从	机翻	0	0
ตั้งแต่ง	自从	机翻	0	0
ตั้งโต๊ะ	布置桌面	机翻	0	0
ตั้งแถว	排队	机翻	0	0
ตั้งท้อง	孕	机翻	0	0
ตั้งท่า	预示	机翻	0	0
ตั้งธาตุ	设置元素	机翻	0	0
ตั้งปี	设置年份	机翻	0	0
ตั้งเป้า	设定目标	机翻	0	0
ตั้งไฟ	点火	机翻	0	0
ตั้งมั่น	站稳	机翻	0	0
ตังเม	牛轧糖	机翻	0	0
ตั้งลำ	设置船	机翻	0	0
ตั้งวง	组建乐队	机翻	0	0
ตั้งเวลา	设定时间	机翻	0	0
ตั้งสติ	保持冷静	机翻	0	0
ตั้งหน้า	面朝上	机翻	0	0
ตั้งหลัก	表明立场	机翻	0	0
ตั้งอยู่	位于	机翻	0	0
ตังโอ๋	唐澳	机翻	0	0
ตั้งโอ๋	唐哦	机翻	0	0
ตัณหังกร	欲望	机翻	0	0
ตัณหา	热情	机翻	0	0
ตัณหาจัด	热情的	机翻	0	0
ตัดกัน	对比	机翻	0	0
ตัดกำลัง	切断电源	机翻	0	0
ตัดขาด	隔断	机翻	0	0
ตัดคะแนน	分数削减	机翻	0	0
ตัดใจ	我要放弃了	机翻	0	0
ตัดฉาก	过场动画	机翻	0	0
ตัดต้นไฟ	停止原因	机翻	0	0
ตัดต่อ	编辑	机翻	0	0
ตัดตอน	摘抄	机翻	0	0
ตัดแต่ง	修剪	机翻	0	0
ตัดถนน	切断道路	机翻	0	0
ตัดทอน	截短	机翻	0	0
ตัดทาง	开辟一条路	机翻	0	0
ตัดบท	缩短	机翻	0	0
ตัดปัญหา	解决问题	机翻	0	0
ตัดผ่าน	切入	机翻	0	0
ตัดพ้อ	松鸡	机翻	0	0
ตัดไพ่	剪卡片	机翻	0	0
ตัดไมตรี	断绝友谊	机翻	0	0
ตัดรอน	断绝关系	机翻	0	0
ตัดราคา	底切	机翻	0	0
ตัดรำคาญ	断掉烦恼	机翻	0	0
ตัดสวาท	隔断	机翻	0	0
ตัดเส้น	切割线	机翻	0	0
ตัดหนทาง	切断道路	机翻	0	0
ตัดหน้า	切掉脸	机翻	0	0
ตัดหัว	砍掉头	机翻	0	0
ตัดออก	剪下	机翻	0	0
ตันปัญญา	惊呆了智慧	机翻	0	0
ตับแข็ง	肝硬化	机翻	0	0
ตับจาก	肝脏来自	机翻	0	0
ตับแตก	肝脏破裂	机翻	0	0
ตับปิ้ง	烤肝	机翻	0	0
ตับเพลง	音乐肝	机翻	0	0
ตับแลบ	肝脏突然发作	机翻	0	0
ตับเหล็ก	猪胰腺	机翻	0	0
ตับอ่อน	胰腺	机翻	0	0
ตัวกระทำ	演员	机翻	0	0
ตัวกลม	圆体	机翻	0	0
ตัวกลั่น	蒸馏器	机翻	0	0
ตัวกลาง	中介	机翻	0	0
ตัวกันชน	保险杠	机翻	0	0
ตัวการ	罪魁祸首	机翻	0	0
ตัวกำหนด	限定词	机翻	0	0
ตัวกินมด	食蚁兽	机翻	0	0
ตัวเก็ง	最喜欢的	机翻	0	0
ตัวเก๋า	老将	机翻	0	0
ตัวโกง	骗子	机翻	0	0
ตัวขาว	白色机身	机翻	0	0
ตัวเขียน	作家	机翻	0	0
ตัวคูณ	乘数	机翻	0	0
ตัวเงิน	钱	机翻	0	0
ตั๋วเงิน	账单	机翻	0	0
ตัวจริง	真正的一个	机翻	0	0
ตัวจำนำ	典当	机翻	0	0
ตั๋วจำนำ	当票	机翻	0	0
ตัวจี๊ด	旋毛虫	机翻	0	0
ตัวโจ๊ก	开玩笑	机翻	0	0
ตัวฉกาจ	主角	机翻	0	0
ตัวชี้นำ	提示	机翻	0	0
ตัวเชิด	木偶	机翻	0	0
ตัวดำ	黑体	机翻	0	0
ตัวดี	好一个	机翻	0	0
ตัวตน	身份	机翻	0	0
ตัวตลก	小丑	机翻	0	0
ตัวต่อ	黄蜂	机翻	0	0
ตัวตุ่น	痣	机翻	0	0
ตัวเต็ง	最喜欢的	机翻	0	0
ตัวถ่วง	配重	机翻	0	0
ตัวถัง	机壳	机翻	0	0
ตั๋วทนาย	律师票	机翻	0	0
ตัวแทน	代表	机翻	0	0
ตัวนาง	这位女士	机翻	0	0
ตัวนำ	导体	机翻	0	0
ตัวโน้ต	笔记	机翻	0	0
ตัวบท	剧本	机翻	0	0
ตัวบรรจง	脚本	机翻	0	0
ตัวเบา	轻体	机翻	0	0
ตัวเบียน	寄生虫	机翻	0	0
ตัวปัญหา	问题	机翻	0	0
ตัวผู้	男性	机翻	0	0
ตั้วโผ	管弦乐队的老板	机翻	0	0
ตัวพระ	佛陀	机翻	0	0
ตัวพิมพ์	字体	机翻	0	0
ตัวเมีย	女性	机翻	0	0
ตัวเมือง	市中心	机翻	0	0
ตัวแม่	母亲	机翻	0	0
ตัวไม้	木体	机翻	0	0
ตัวยง	高手	机翻	0	0
ตัวย่อ	缩写	机翻	0	0
ตัวยืน	站立体	机翻	0	0
ตัวยุ่ง	凌乱的	机翻	0	0
ตั๋วรถไฟ	火车票	机翻	0	0
ตัวร้อน	我很热	机翻	0	0
ตัวรับ	接收者	机翻	0	0
ตัวร้าย	恶棍	机翻	0	0
ตัวเร่ง	催化剂	机翻	0	0
ตัวเรา	我们自己	机翻	0	0
ตัวเล็ก	小的	机翻	0	0
ตัวเลือก	选择	机翻	0	0
ตัวส่ง	发射机	机翻	0	0
ตัวสะกด	拼写	机翻	0	0
ตัวสั่น	发抖	机翻	0	0
ตัวสำรอง	代替	机翻	0	0
ตัวสื่อ	媒介	机翻	0	0
ตัวแสดง	演员	机翻	0	0
ตัวแสบ	麻烦制造者	机翻	0	0
ตัวหนอน	蠕虫	机翻	0	0
ตั๋วหนัง	电影票	机翻	0	0
ตัวหลัก	主角	机翻	0	0
ตัวหาร	分母	机翻	0	0
ตัวใหม่	新的	机翻	0	0
ตัวอ่อน	幼虫	机翻	0	0
ตัวอาคาร	建筑	机翻	0	0
ตัวอิจฉา	嫉妒一	机翻	0	0
ตัวเอก	主角	机翻	0	0
ตัวเอง	我	机翻	0	0
ตากแดด	晒干	机翻	0	0
ตากผ้า	晾晒衣服	机翻	0	0
ตากฝน	暴露在雨中	机翻	0	0
ตากล้อง	摄影师	机翻	0	0
ตากลับ	转动你的眼睛	机翻	0	0
ตากล้า	播种场	机翻	0	0
ตากวาง	德光	机翻	0	0
ตากสมอง	擦干大脑	机翻	0	0
ตากสิน	郑昭	机翻	0	0
ตากหน้า	擦干脸	机翻	0	0
ตากแห้ง	干的	机翻	0	0
ตากอากาศ	采取	机翻	0	0
ตาแก่	老人	机翻	0	0
ตาโก้ง	有大方块	机翻	0	0
ตาไก่	孔眼	机翻	0	0
ตาขวาง	愤怒地	机翻	0	0
ตาขอ	我的眼睛	机翻	0	0
ตาข่าย	网	机翻	0	0
ตาเข	眯	机翻	0	0
ตาแข็ง	失眠	机翻	0	0
ต่างกัน	不同的	机翻	0	0
ต่างชาติ	外国的	机翻	0	0
ต่างดาว	外星人	机翻	0	0
ต่างด้าว	外星人	机翻	0	0
ต่างแดน	国外	机翻	0	0
ต่างถิ่น	外国	机翻	0	0
ต่างเพศ	异性	机翻	0	0
ต่างวัย	不同年龄	机翻	0	0
ต่างว่า	这是不同的	机翻	0	0
ต่างหาก	分离	机翻	0	0
ตาชั่ง	秤	机翻	0	0
ตาดำ	黑眼圈	机翻	0	0
ตาแดง	结膜炎	机翻	0	0
ตาตกกล้า	苗田	机翻	0	0
ตาตั้ง	眼睛定定	机翻	0	0
ตาตาราง	方眼	机翻	0	0
ตาต่ำ	低眼	机翻	0	0
ตาตี่	窄眼的	机翻	0	0
ตาตุ่ม	黄芪	机翻	0	0
ตาโต	大眼睛	机翻	0	0
ตาถั่ว	眼睛受白内障影响	机翻	0	0
ตาทวด	曾祖父	机翻	0	0
ตาทัพ	陆军领袖	机翻	0	0
ตาเทียด	闭上眼睛	机翻	0	0
ตานกแก้ว	腕骨的两个突出处	机翻	0	0
ต้านทาน	抵抗	机翻	0	0
ต้านลม	顶风	机翻	0	0
ตาน้ำ	塔南	机翻	0	0
ตาบอด	瞎的	机翻	0	0
ตาบอดสี	色盲	机翻	0	0
ตาปรอย	我的眼睛模糊了	机翻	0	0
ตาปรือ	眼睛模糊	机翻	0	0
ตาปลา	玉米	机翻	0	0
ตาปลาดุก	斜视的小眼睛	机翻	0	0
ตาปี	每年	机翻	0	0
ตาปู	长钉	机翻	0	0
ตาเปล่า	肉眼	机翻	0	0
ตาโปน	眼睛凸出	机翻	0	0
ตาฝาด	我的眼睛模糊了	机翻	0	0
ตาพร่า	模糊的	机翻	0	0
ตาฟาง	瞎的	机翻	0	0
ตาฟางไก่	夜间视力模糊	机翻	0	0
ตามกำลัง	根据你的能力	机翻	0	0
ตามกำหนด	如期	机翻	0	0
ตามขวาง	横	机翻	0	0
ตามควร	正如预期的那样	机翻	0	0
ตามควาย	跟随水牛	机翻	0	0
ตามเคย	照常	机翻	0	0
ตามแจ	据杰	机翻	0	0
ตามใจ	放纵的	机翻	0	0
ตามใจชอบ	随你便	机翻	0	0
ตามฐานะ	根据状态	机翻	0	0
ตามด	跟着蚂蚁走	机翻	0	0
ตามเดิม	和以前一样	机翻	0	0
ตามตรง	说实话	机翻	0	0
ตามตัว	据你说	机翻	0	0
ตามตื๊อ	纠缠	机翻	0	0
ตามทัน	赶上	机翻	0	0
ตามที	正如预期的那样	机翻	0	0
ตามที่	根据	机翻	0	0
ตามนั้น	像那样	机翻	0	0
ตามน้ำ	跟着水走	机翻	0	0
ตามปรกติ	照常	机翻	0	0
ตามประสา	根据自然	机翻	0	0
ตามเพรง	只是因为	机翻	0	0
ตามไฟ	跟着火走	机翻	0	0
ตามมี	根据	机翻	0	0
ตามยาว	纵向	机翻	0	0
ตามรอย	跟随踪迹	机翻	0	0
ตามล่า	打猎	机翻	0	0
ตามลำพัง	独自的	机翻	0	0
ตามเวลา	根据时间	机翻	0	0
ตามสบาย	由你决定	机翻	0	0
ตามสมควร	酌情	机翻	0	0
ตามสมัย	根据时代	机翻	0	0
ตามเสด็จ	跟随陛下	机翻	0	0
ตามหลัง	跟在后面	机翻	0	0
ตามหา	寻找	机翻	0	0
ตามอย่าง	根据例子	机翻	0	0
ตามัว	视力模糊	机翻	0	0
ตาแมว	光电管	机翻	0	0
ตาไม้	木眼	机翻	0	0
ตายขาน	死的	机翻	0	0
ตายขุย	一次结果，然后死亡	机翻	0	0
ตายคาที่	当场死亡	机翻	0	0
ตายโคม	胚胎时死亡	机翻	0	0
ตายใจ	我要死了	机翻	0	0
ตายซาก	妈妈	机翻	0	0
ตายด้าน	死胡同	机翻	0	0
ตายดี	死了也好	机翻	0	0
ตายตัว	死板的	机翻	0	0
ตายนึ่ง	因热气而枯萎	机翻	0	0
ตายฝอย	死于干旱	机翻	0	0
ตายรัง	巢死了	机翻	0	0
ตายหมู่	大规模死亡	机翻	0	0
ตายห่า	可怕	机翻	0	0
ตายโหง	我死了	机翻	0	0
ตาราง	桌子	机翻	0	0
ตารางฟุต	平方英尺	机翻	0	0
ตารางวา	方洼	机翻	0	0
ตารางสอน	教学安排	机翻	0	0
ตาร้าย	不幸	机翻	0	0
ตาลซ่าน	晒黑	机翻	0	0
ตาลปัตร	塔利波特风扇	机翻	0	0
ตาลอ	塔洛	机翻	0	0
ตาลอย	恍惚	机翻	0	0
ตาละห้อย	渴望的眼神	机翻	0	0
ตาลาย	晕眩的	机翻	0	0
ตาลิปัตร	塔利帕特	机翻	0	0
ตาลีบัน	塔利班	机翻	0	0
ตาลุก	我很清醒	机翻	0	0
ตาวัน	塔万	机翻	0	0
ตาไว	眼疾手快	机翻	0	0
ตาสว่าง	明亮的眼睛	机翻	0	0
ตาส่อน	倾斜	机翻	0	0
ตาสีตาสา	乡巴佬	机翻	0	0
ตาหยี	眯	机翻	0	0
ตาเหล่	斜视	机翻	0	0
ตาแหลม	敏锐的目光	机翻	0	0
ตาอ้อย	大爱	机翻	0	0
ตาเอก	阿克的祖父	机翻	0	0
ต่ำกว่า	降低	机翻	0	0
ต่ำช้า	堕落的	机翻	0	0
ต่ำตม	低的	机翻	0	0
ต่ำต้อย	谦逊的	机翻	0	0
ตำตา	明显地	机翻	0	0
ต่ำทราม	堕落的	机翻	0	0
ตำนาน	传奇	机翻	0	0
ตำแย	荨麻	机翻	0	0
ตำรวจน้ำ	水警	机翻	0	0
ตำรวจลับ	秘密警察	机翻	0	0
ตำรวจวัง	宫廷警察	机翻	0	0
ตำรับ	食谱	机翻	0	0
ตำลึง	葫芦	机翻	0	0
ต่ำสุด	最低	机翻	0	0
ตำหนัก	宫殿	机翻	0	0
ตำหนักแพ	帕伊宫	机翻	0	0
ตำหนิโทษ	责备	机翻	0	0
ติงต๊อง	疯狂的	机翻	0	0
ติ่งหู	耳垂	机翻	0	0
ติชม	反馈	机翻	0	0
ติณชาติ	草	机翻	0	0
ติดกัน	彼此相邻	机翻	0	0
ติดเก้ง	半球	机翻	0	0
ติดขอ	迷上了	机翻	0	0
ติดคอ	卡在喉咙里	机翻	0	0
ติดค้าง	卡住	机翻	0	0
ติดคุก	监狱	机翻	0	0
ติดงาน	工作忙	机翻	0	0
ติดเงิน	被金钱困住	机翻	0	0
ติดจรวด	搭载火箭	机翻	0	0
ติดจะ	我对它上瘾了	机翻	0	0
ติดแจ	我被困住了	机翻	0	0
ติดใจ	怀疑	机翻	0	0
ติดดิน	脚踏实地	机翻	0	0
ติดตลก	开玩笑地	机翻	0	0
ติดตลาด	推广	机翻	0	0
ติดตะราง	入狱	机翻	0	0
ติดตัว	继续	机翻	0	0
ติดตา	坚持	机翻	0	0
ติดตื้น	浅的	机翻	0	0
ติดเตียง	卧床不起	机翻	0	0
ติดธง	旗帜	机翻	0	0
ติดธุระ	我很忙	机翻	0	0
ติดนิสัย	习惯	机翻	0	0
ติดบวก	积极的	机翻	0	0
ติดบ่อน	开设赌场	机翻	0	0
ติดบอร์ด	附在板上	机翻	0	0
ติดปาก	最喜欢的	机翻	0	0
ติดป้าย	标签	机翻	0	0
ติดปีก	有翼的	机翻	0	0
ติดผม	卡在头发里	机翻	0	0
ติดฝน	被雨淋湿了	机翻	0	0
ติดฝิ่น	鸦片上瘾	机翻	0	0
ติดพัน	不断地	机翻	0	0
ติดไฟ	点燃	机翻	0	0
ติดมือ	手头上有	机翻	0	0
ติดยา	吸毒成瘾	机翻	0	0
ติดแร้ว	已经附上	机翻	0	0
ติดโรค	感染疾病	机翻	0	0
ติดลบ	减	机翻	0	0
ติดลม	保持稳定	机翻	0	0
ติดลมบน	困在风中	机翻	0	0
ติดสัด	发情	机翻	0	0
ติดสำนวน	大多使用惯用语	机翻	0	0
ติดสินบน	接枝	机翻	0	0
ติดสุรา	酗酒成瘾	机翻	0	0
ติดหนี้	负债累累	机翻	0	0
ติดหมัด	突然	机翻	0	0
ติดหู	朗朗上口的	机翻	0	0
ติดเหล้า	酗酒者	机翻	0	0
ติดแห้ง	干棒	机翻	0	0
ติดอ่าง	口吃	机翻	0	0
ติดอาวุธ	武装的	机翻	0	0
ติดแอร์	有空调	机翻	0	0
ติติง	批评	机翻	0	0
ติเตียน	责备	机翻	0	0
ติปาถะ	多元化	机翻	0	0
ติ่มซำ	点心	机翻	0	0
ติมอร์	帝汶	机翻	0	0
ติรัจฉาน	动物	机翻	0	0
ติรานา	地拉那	机翻	0	0
ติสท์	浸信会	机翻	0	0
ติสส	蒂萨	机翻	0	0
ตีกรับ	打	机翻	0	0
ตีกลับ	弹跳	机翻	0	0
ตีกิน	边打边吃	机翻	0	0
ตีเกล็ด	做折边	机翻	0	0
ตีเกลียว	捻	机翻	0	0
ตีไก่	斗鸡	机翻	0	0
ตีขนาบ	做一个钳子动作	机翻	0	0
ตีขลุม	认为	机翻	0	0
ตีเข่า	膝击	机翻	0	0
ตีคอ	哄骗	机翻	0	0
ตีค่า	价值	机翻	0	0
ตีคู่	串联	机翻	0	0
ตีโค้ง	达到曲线	机翻	0	0
ตีจาก	击中自	机翻	0	0
ตีฉิ่ง	演奏铙钹	机翻	0	0
ตีชิง	抢	机翻	0	0
ตีซี้	打我吧	机翻	0	0
ตีตรวน	链	机翻	0	0
ตีตรา	品牌化	机翻	0	0
ตีตลาด	打入市场	机翻	0	0
ตีตั๋ว	买票	机翻	0	0
ตีตื้น	恢复	机翻	0	0
ตีแตะ	点击点击	机翻	0	0
ตีโต้	反击	机翻	0	0
ตีทอง	巴贝茨	机翻	0	0
ตีนกบ	鳍片	机翻	0	0
ตีนกา	叉	机翻	0	0
ตีนเขา	山脚下	机翻	0	0
ตีนคู้	重音符号	机翻	0	0
ตีนจก	乔克的脚	机翻	0	0
ตีนตะขาบ	履带式	机翻	0	0
ตีนท่า	脚的姿势	机翻	0	0
ตีนเปล่า	赤脚	机翻	0	0
ตีนผม	毛脚	机翻	0	0
ตีนผี	鸡刺	机翻	0	0
ตีนแมว	猫爪子	机翻	0	0
ตีบแคบ	狭窄的	机翻	0	0
ตีบตัน	缩小	机翻	0	0
ตีบทแตก	打破剧本	机翻	0	0
ตีบรรทัด	击中线	机翻	0	0
ตีป่า	袭击森林	机翻	0	0
ตีปีก	拍	机翻	0	0
ตีแปลง	在泥里打滚	机翻	0	0
ตีผึ้ง	打败蜜蜂	机翻	0	0
ตีแผ่	展开	机翻	0	0
ตีฝ่า	突破	机翻	0	0
ตีฝีปาก	狡辩	机翻	0	0
ตีพิมพ์	发表	机翻	0	0
ตีมอง	看看	机翻	0	0
ตีเมือง	袭击城市	机翻	0	0
ตีรั้ง	支撑	机翻	0	0
ตีราคา	估计	机翻	0	0
ตีลังกา	翻筋斗	机翻	0	0
ตีวง	涵盖	机翻	0	0
ตีสนิท	交朋友	机翻	0	0
ตีสอง	凌晨 2 点	机翻	0	0
ตีสาม	凌晨三点	机翻	0	0
ตีสาย	击中线	机翻	0	0
ตีสำนวน	俏皮话	机翻	0	0
ตีเส้น	画一条线	机翻	0	0
ตีเสมอ	竞争对手	机翻	0	0
ตีเสียง	击打声	机翻	0	0
ตีหน้า	打我脸	机翻	0	0
ตีหนึ่ง	凌晨 1 点	机翻	0	0
ตีห้า	现在是凌晨五点	机翻	0	0
ตีห่าง	距离	机翻	0	0
ตีอวน	拖网	机翻	0	0
ตึ้กตั้ก	高声	机翻	0	0
ตึกแถว	商业大厦	机翻	0	0
ตึกระฟ้า	摩天大楼	机翻	0	0
ตึกราม	建筑	机翻	0	0
ตึกสูง	高楼	机翻	0	0
ตึงตัง	疯狂地	机翻	0	0
ตึ๋งหนืด	桐粘	机翻	0	0
ตึดตื๋อ	极其	机翻	0	0
ตื่นกลัว	害怕的	机翻	0	0
ตื่นข่าว	被新闻震惊	机翻	0	0
ตื่นขึ้น	醒来	机翻	0	0
ตื้นเขิน	浅的	机翻	0	0
ตื่นตกใจ	恐慌	机翻	0	0
ตื้นตัน	我不知所措	机翻	0	0
ตื่นตัว	醒	机翻	0	0
ตื่นตา	惊讶地	机翻	0	0
ตื่นตูม	踩踏	机翻	0	0
ตื่นไฟ	唤醒火	机翻	0	0
ตือ	星期二	机翻	0	0
ตื้อ	执着的	机翻	0	0
ตื๊อ	打扰	机翻	0	0
ตื๋อ	迅速地	机翻	0	0
ตือฮวน	猪内脏	机翻	0	0
ตุ๊กตา	玩具娃娃	机翻	0	0
ตุ๊กต่ำ	杜洛	机翻	0	0
ตุกติก	耍花招	机翻	0	0
ตุ๊กติ๊ก	女性化的	机翻	0	0
ตุ๊กตุ่น	故事情节	机翻	0	0
ตุ้งติ้ง	娇媚	机翻	0	0
ตุ๊ต๊ะ	肥胖的	机翻	0	0
ตุนาหงัน	信托	机翻	0	0
ตุ๊บป่อง	上下摆动	机翻	0	0
ตุ้มหู	耳环	机翻	0	0
ตุ้ยนุ้ย	矮胖的	机翻	0	0
ตุรกี	土耳其	机翻	0	0
ตุลย์	天秤座	机翻	0	0
ตุลา	十月	机翻	0	0
ตุลาการ	司法	机翻	0	0
ตุหรุด	瑟鲁德	机翻	0	0
ตู้กระจก	玻璃柜	机翻	0	0
ตู้เซฟ	安全的	机翻	0	0
ตูดปอด	屁股肺	机翻	0	0
ตู่ตัว	图图阿	机翻	0	0
ตูนิเซีย	突尼斯	机翻	0	0
ตูนิส	突尼斯	机翻	0	0
ตู้ปลา	鱼缸	机翻	0	0
ตู้เพลง	点唱机	机翻	0	0
ตูมตาม	繁荣！	机翻	0	0
ตู้ยา	医药柜	机翻	0	0
ตู้ยาม	警卫箱	机翻	0	0
ตู้รถไฟ	机车	机翻	0	0
ตูวา	图瓦人	机翻	0	0
ตูวาลู	图瓦卢	机翻	0	0
ตู้อาหาร	食品柜	机翻	0	0
เต่งตึง	公司	机翻	0	0
เต็งหนาม	荆棘植物	机翻	0	0
เตโชธาตุ	火元素	机翻	0	0
เต็นท์	帐篷	机翻	0	0
เต้นผาง	舞蹈	机翻	0	0
เต้นระบำ	舞蹈	机翻	0	0
เต็มกลืน	吞满	机翻	0	0
เต็มแก่	成熟	机翻	0	0
เต็มแกน	全轴	机翻	0	0
เต็มคราบ	尽最大能力	机翻	0	0
เต็มใจ	愿意的	机翻	0	0
เต็มดวง	满月	机翻	0	0
เต็มตัว	全身	机翻	0	0
เต็มตา	生动地	机翻	0	0
เต็มตื้น	感到高兴	机翻	0	0
เต็มเต็ง	保持理智	机翻	0	0
เต็มโต๊ะ	全表	机翻	0	0
เต็มทน	忍受	机翻	0	0
เต็มที	极其	机翻	0	0
เต็มที่	完全	机翻	0	0
เต็มบาท	全泰铢	机翻	0	0
เต็มใบ	全叶	机翻	0	0
เต็มปาก	满口的	机翻	0	0
เต็มเปา	完全	机翻	0	0
เต็มมือ	少数	机翻	0	0
เต็มยศ	盛装	机翻	0	0
เต็มร้อย	100%	机翻	0	0
เต็มรัก	充满爱	机翻	0	0
เต็มแรง	全力以赴	机翻	0	0
เต็มเวลา	全职	机翻	0	0
เต็มหู	清楚地	机翻	0	0
เต็มอก	全胸	机翻	0	0
เต็มอิ่ม	满的	机翻	0	0
เตรียมใจ	做好准备	机翻	0	0
เตลิด	疯狂地	机翻	0	0
เตลูกู	泰卢固语	机翻	0	0
เตว็ด	守护神	机翻	0	0
เตหะราน	德黑兰	机翻	0	0
เตะจมูก	开胃	机翻	0	0
เตะฉาก	踢现场	机翻	0	0
เตะโด่ง	踢球	机翻	0	0
เตะตา	引人注目	机翻	0	0
เตะถ่วง	反击踢	机翻	0	0
เตะโทษ	任意球	机翻	0	0
เตะฝุ่น	失业	机翻	0	0
เตาถ่าน	木炭炉	机翻	0	0
เต่าทอง	瓢虫	机翻	0	0
เต่าบ้า	疯狂的乌龟	机翻	0	0
เตาผิง	壁炉	机翻	0	0
เตาเผา	窑	机翻	0	0
เตาฟู่	压力炉	机翻	0	0
เตาไฟ	壁炉	机翻	0	0
เต่าร้าง	被遗弃的乌龟	机翻	0	0
เตารีด	铁	机翻	0	0
เตาสูบ	锻造	机翻	0	0
เตาอบ	烤箱	机翻	0	0
เตาะแตะ	蹒跚	机翻	0	0
เติบใหญ่	长大	机翻	0	0
เติมต่อ	添加在	机翻	0	0
เติมเต็ม	实现	机翻	0	0
เตียงคู่	双人床	机翻	0	0
เตียงนอน	床	机翻	0	0
เตียงลา	驴床	机翻	0	0
เตียงหัก	床破了	机翻	0	0
เตือนใจ	可识别的	机翻	0	0
เตือนตา	具有吸引力	机翻	0	0
เตือนภัย	警告	机翻	0	0
เตือนสติ	劝诫	机翻	0	0
แตกกลุ่ม	分成几组	机翻	0	0
แตกกัน	分手	机翻	0	0
แตกแขนง	分支	机翻	0	0
แตกคอ	碎片	机翻	0	0
แตกเงิน	分钱	机翻	0	0
แตกฉาน	流利地	机翻	0	0
แตกดับ	沦	机翻	0	0
แตกตัว	瓦解	机翻	0	0
แตกตา	断芽	机翻	0	0
แตกตื่น	踩踏	机翻	0	0
แตกแตน	破灭	机翻	0	0
แตกแถว	打破队伍	机翻	0	0
แตกทัพ	战败	机翻	0	0
แตกใบ	折断树叶	机翻	0	0
แตกปลี	折断花朵	机翻	0	0
แตกฝูง	隔离	机翻	0	0
แตกพาน	接近青春期	机翻	0	0
แตกมัน	破解它	机翻	0	0
แตกระแหง	破裂的	机翻	0	0
แต่กลับ	但回来了	机翻	0	0
แตกสลาย	破碎的	机翻	0	0
แตกหน่อ	发芽	机翻	0	0
แตกหัก	决定性	机翻	0	0
แต่ก่อน	前	机翻	0	0
แต่ไกล	但很远	机翻	0	0
แต่งกาย	裙子	机翻	0	0
แต่งคำ	组词	机翻	0	0
แต่งโคลง	写一首诗	机翻	0	0
แต่งเติม	装饰	机翻	0	0
แต่งเพลง	创作一首歌	机翻	0	0
แตงเม	太妃糖	机翻	0	0
แต่งเล็บ	美甲	机翻	0	0
แต่งหน้า	化妆	机翻	0	0
แต้จิ๋ว	潮州	机翻	0	0
แต่เช้า	清晨	机翻	0	0
แต่เดิม	起初	机翻	0	0
แต่ต้น	从一开始	机翻	0	0
แต่ทว่า	然而	机翻	0	0
แต่บางที	但也许	机翻	0	0
แต่เพียง	但仅	机翻	0	0
แต้มคู	托词	机翻	0	0
แต้มต่อ	障碍	机翻	0	0
แต้มสี	着色	机翻	0	0
แตรงอน	老泰号	机翻	0	0
แตรฝรั่ง	号角	机翻	0	0
แตรรถ	汽车喇叭	机翻	0	0
แตรลำโพง	喇叭	机翻	0	0
แตรวง	乐队	机翻	0	0
แต่แรก	从一开始	机翻	0	0
แต่ละคน	每人	机翻	0	0
แต่ละวัน	每一天	机翻	0	0
แต่ลำพัง	独自的	机翻	0	0
แต่ว่า	但	机翻	0	0
แต่ไหน	自古以来	机翻	0	0
แตะต้อง	触碰	机翻	0	0
แต๊ะอั๋ง	泰安	机翻	0	0
แต๊ะเอีย	泰拉	机翻	0	0
โต้กลับ	反击	机翻	0	0
โตเกเลา	托克劳	机翻	0	0
โตเกียว	东京	机翻	0	0
โตโก	多哥	机翻	0	0
โตขึ้น	长大	机翻	0	0
โต้คลื่น	冲浪	机翻	0	0
โต้คารม	争论	机翻	0	0
โตงเตง	镣铐	机翻	0	0
โต๋เต๋	漫无目的地	机翻	0	0
โต้เถียง	争议	机翻	0	0
โตนด	石头	机翻	0	0
โต้โผ	导演	机翻	0	0
โตมร	标枪	机翻	0	0
โต้รุ่ง	夜晚	机翻	0	0
โต้วาที	辩论	机翻	0	0
โต๊ะกลม	圆桌会议	机翻	0	0
โต๊ะกาแฟ	茶几	机翻	0	0
โต๊ะโขก	头撞桌	机翻	0	0
โต๊ะจีน	中式餐桌	机翻	0	0
โต๊ะบูชา	祭坛桌	机翻	0	0
โต๊ะหมู่	祭坛桌一套	机翻	0	0
ใต้ดิน	地下	机翻	0	0
ใต้โต๊ะ	桌子底下	机翻	0	0
ใต้ถุน	地下室下	机翻	0	0
ใต้เท้า	脚下	机翻	0	0
ใต้พิภพ	地下	机翻	0	0
ใต้สะดือ	肚脐以下	机翻	0	0
ไต้ก๋ง	中国垃圾船长	机翻	0	0
ไต่เขา	远足	机翻	0	0
ไต่คู้	爬上沟渠	机翻	0	0
ไต่เต้า	提升排名	机翻	0	0
ไต่ถาม	探测	机翻	0	0
ไตเทียม	人工肾	机翻	0	0
ไตปลา	鱼肾	机翻	0	0
ไต้ฝุ่น	台风	机翻	0	0
ไต้ไฟ	大辉	机翻	0	0
ไต่ไม้	爬	机翻	0	0
ไตรจักร	三个世界	机翻	0	0
ไตรจีวร	三袍	机翻	0	0
ไตร่ตรอง	思考	机翻	0	0
ไตรทศ	十分之三	机翻	0	0
ไตรปิฎก	三藏	机翻	0	0
ไตรเพท	三藏	机翻	0	0
ไตรภพ	三流行音乐	机翻	0	0
ไตรภาคี	三方	机翻	0	0
ไตรภูมิ	三个世界	机翻	0	0
ไตรมาส	四分之一	机翻	0	0
ไตรยางศ์	三人组	机翻	0	0
ไตรรงค์	三色	机翻	0	0
ไตรรัตน์	三颗宝石	机翻	0	0
ไตรโลก	三个世界	机翻	0	0
ไตรวิชชา	特里维贾	机翻	0	0
ไตรสิกขา	三重训练	机翻	0	0
ไต่ลวด	走钢丝	机翻	0	0
ไต้หวัน	台湾	机翻	0	0
ถ	钍	机翻	0	0
ถกเขมร	讨论高棉语	机翻	0	0
ถกปัญหา	讨论问题	机翻	0	0
ถกผ้า	脱掉衣服	机翻	0	0
ถงัน	坦安	机翻	0	0
ถงาด	哇！	机翻	0	0
ถถถ	哇！	机翻	0	0
ถนนหนทาง	道路	机翻	0	0
ถนนหลวง	御道	机翻	0	0
ถนนใหญ่	主要道路	机翻	0	0
ถนอม	珍惜	机翻	0	0
ถนัด	擅长	机翻	0	0
ถนัดขวา	右手	机翻	0	0
ถนัดใจ	我对此很满意	机翻	0	0
ถนัดซ้าย	左撇子	机翻	0	0
ถนัดตา	引人注目	机翻	0	0
ถนัดถนี่	我很擅长这个	机翻	0	0
ถนัดปาก	善于开口	机翻	0	0
ถนัดมือ	便利	机翻	0	0
ถนิม	保存	机翻	0	0
ถบดี	骑术不错	机翻	0	0
ถมเงิน	装满钱	机翻	0	0
ถมถืด	垃圾填埋场	机翻	0	0
ถ่มถุย	吐	机翻	0	0
ถมเถ	填满它	机翻	0	0
ถมทอง	黄金填充	机翻	0	0
ถมปัด	填充	机翻	0	0
ถมึงทึง	严峻	机翻	0	0
ถลก	剥皮	机翻	0	0
ถลน	流行音乐	机翻	0	0
ถล่ม	坍塌	机翻	0	0
ถล่มทลาย	滑坡	机翻	0	0
ถลอก	磨损	机翻	0	0
ถลัน	匆忙	机翻	0	0
ถลา	暴跌	机翻	0	0
ถลาก	刮伤	机翻	0	0
ถลากถลำ	碰撞	机翻	0	0
ถลากไถล	滑倒	机翻	0	0
ถลาง	他朗	机翻	0	0
ถลาย	坍塌	机翻	0	0
ถลำ	坍塌	机翻	0	0
ถลำใจ	我很沮丧	机翻	0	0
ถลำตัว	失效	机翻	0	0
ถลำถลาก	坍塌	机翻	0	0
ถลำลึก	记住	机翻	0	0
ถลีถลำ	坍塌	机翻	0	0
ถลึงตา	盯	机翻	0	0
ถลุง	冶炼	机翻	0	0
ถ่วงล้อ	平衡车轮	机翻	0	0
ถ่วงเวลา	延迟	机翻	0	0
ถ้วนถี่	彻底地	机翻	0	0
ถ้วยกาแฟ	咖啡杯	机翻	0	0
ถ้วยชาม	陶器	机翻	0	0
ถ้วยตวง	量杯	机翻	0	0
ถวัลย์	塔万	机翻	0	0
ถวาย	提供	机翻	0	0
ถวายกร	提供礼物	机翻	0	0
ถวายตัว	展示	机翻	0	0
ถวิล	怀旧	机翻	0	0
ถวิลหา	向往	机翻	0	0
ถ่องแถว	丁字裤排	机翻	0	0
ถ่องแท้	确实	机翻	0	0
ถอดความ	释义	机翻	0	0
ถอดใจ	放弃	机翻	0	0
ถอดถ่าย	拍张照片	机翻	0	0
ถอดทิ้ง	起飞	机翻	0	0
ถอดเทป	转录磁带	机翻	0	0
ถอดแบบ	复制	机翻	0	0
ถอดไพ่	取下卡片	机翻	0	0
ถอดรูป	拍照	机翻	0	0
ถอดสี	去除颜色	机翻	0	0
ถอดอักษร	转录	机翻	0	0
ถอนขน	拔毛	机翻	0	0
ถอนคำพูด	撤回话	机翻	0	0
ถอนเงิน	提款	机翻	0	0
ถอนใจ	叹	机翻	0	0
ถอนตัว	提取	机翻	0	0
ถอนทหาร	撤军	机翻	0	0
ถอนทุน	撤资	机翻	0	0
ถอนพิษ	中和	机翻	0	0
ถอนฟ้อง	撤回收费	机翻	0	0
ถอนฟัน	拔牙	机翻	0	0
ถอนยวง	提取	机翻	0	0
ถอนราก	铲除	机翻	0	0
ถอนหงอก	拔掉白发	机翻	0	0
ถอนหมั้น	解除婚约	机翻	0	0
ถอนหายใจ	叹	机翻	0	0
ถอนอำนาจ	撤回权力	机翻	0	0
ถ่อมตน	谦逊的	机翻	0	0
ถ่อมตัว	谦逊	机翻	0	0
ถอยกรูด	撤退	机翻	0	0
ถอยกลับ	倒退	机翻	0	0
ถ้อยความ	陈述	机翻	0	0
ถ้อยคำ	字	机翻	0	0
ถอยฉะ	撤退	机翻	0	0
ถอยฉาก	退后	机翻	0	0
ถอยถด	撤退	机翻	0	0
ถ้อยแถลง	陈述	机翻	0	0
ถอยทัพ	撤退	机翻	0	0
ถอยร่น	撤退	机翻	0	0
ถอยหลัง	撤销	机翻	0	0
ถอยห่าง	走开	机翻	0	0
ถั่งเฉ้า	虫草	机翻	0	0
ถั่งเช่า	虫草	机翻	0	0
ถังแตก	破罐子	机翻	0	0
ถั่งโถม	虫草	机翻	0	0
ถังน้ำ	水箱	机翻	0	0
ถัดจาก	旁边	机翻	0	0
ถัดไป	下一个	机翻	0	0
ถั่วแขก	绿豆	机翻	0	0
ถั่วงอก	豆芽	机翻	0	0
ถั่วดำ	黑豆	机翻	0	0
ถั่วเน่า	烂豆子	机翻	0	0
ถั่วพู	四棱豆	机翻	0	0
ถั่วเพาะ	豌豆	机翻	0	0
ถั่วแระ	大豆	机翻	0	0
ถากถาง	啄	机翻	0	0
ถ่างตา	睁开你的眼睛	机翻	0	0
ถางหญ้า	清理草地	机翻	0	0
ถาโถม	压倒	机翻	0	0
ถ่านโค้ก	可乐	机翻	0	0
ถ่านไฟ	木炭	机翻	0	0
ถ่านไม้	木炭	机翻	0	0
ถามข่าว	询问新闻	机翻	0	0
ถามค้าน	盘问	机翻	0	0
ถามจริง	真的问	机翻	0	0
ถามถึง	询问有关	机翻	0	0
ถามไถ่	问	机翻	0	0
ถามหา	要求	机翻	0	0
ถ้าแม้	如果即使	机翻	0	0
ถ่ายทำ	拍摄	机翻	0	0
ถ่ายเท	移植	机翻	0	0
ถ่ายแบบ	造型	机翻	0	0
ถ่ายภาพ	拍张照片	机翻	0	0
ถ่ายยา	吃药	机翻	0	0
ถ่ายหนัง	拍摄电影	机翻	0	0
ถ่ายโอน	转移	机翻	0	0
ถ้าว่า	如果	机翻	0	0
ถ้าหาก	如果	机翻	0	0
ถ้ำชา	茶洞	机翻	0	0
ถ้ำมอง	偷窥狂	机翻	0	0
ถ้ำหลวง	谭銮洞	机翻	0	0
ถิ่นฐาน	住宅	机翻	0	0
ถี่ถ้วน	彻底	机翻	0	0
ถีบจักร	踏板	机翻	0	0
ถีบตัว	感到羞耻	机翻	0	0
ถี่ยิบ	频繁地	机翻	0	0
ถึงกัน	给彼此	机翻	0	0
ถึงกับ	至此	机翻	0	0
ถึงกำหนด	到期的	机翻	0	0
ถึงกึ๋น	到胆量	机翻	0	0
ถึงเกณฑ์	达到标准	机翻	0	0
ถึงแก่น	直达核心	机翻	0	0
ถึงขนาด	在某种程度上	机翻	0	0
ถึงขั้น	至此	机翻	0	0
ถึงคราว	轮到你了	机翻	0	0
ถึงฆาต	至死	机翻	0	0
ถึงเงิน	为了钱	机翻	0	0
ถึงใจ	致我心	机翻	0	0
ถึงตา	轮到你了	机翻	0	0
ถึงตาย	至死	机翻	0	0
ถึงที่	到达地点	机翻	0	0
ถึงผ้า	到布	机翻	0	0
ถึงแม้น	虽然	机翻	0	0
ถือโกรธ	生气	机翻	0	0
ถือเคร่ง	认真对待	机翻	0	0
ถือเงิน	持有金钱	机翻	0	0
ถือใจ	握住你的心	机翻	0	0
ถือดี	自负	机翻	0	0
ถือตน	傲慢的	机翻	0	0
ถือตัว	感到自豪	机翻	0	0
ถือตาม	跟随	机翻	0	0
ถือโทษ	承担责任	机翻	0	0
ถือน้ำ	持水	机翻	0	0
ถือบวช	安息日	机翻	0	0
ถือปูน	拿着迫击炮	机翻	0	0
ถือเป็น	经过考虑的	机翻	0	0
ถือผิว	握住皮肤	机翻	0	0
ถือพล	驻守部队	机翻	0	0
ถือยศ	持股排名	机翻	0	0
ถือว่า	经过考虑的	机翻	0	0
ถือศาสนา	持有宗教信仰	机翻	0	0
ถือศีล	赎罪日	机翻	0	0
ถือสา	坚持，稍等	机翻	0	0
ถือสาย	坚守阵线	机翻	0	0
ถือหาง	抓住尾巴	机翻	0	0
ถือหุ้น	持有股份	机翻	0	0
ถืออำนาจ	保持力量	机翻	0	0
ถือเอา	拿	机翻	0	0
ถือโอกาส	抓住机会	机翻	0	0
ถุงเค้า	包	机翻	0	0
ถุงเงิน	钱袋	机翻	0	0
ถุงตีน	爪子袋	机翻	0	0
ถุงทะเล	海袋	机翻	0	0
ถุงน่อง	紧身衣	机翻	0	0
ถุงนอน	睡袋	机翻	0	0
ถุงน้ำดี	胆囊	机翻	0	0
ถุงมีชัย	米柴包	机翻	0	0
ถุงยาง	避孕套	机翻	0	0
ถุงย่าม	手提袋	机翻	0	0
ถุงลม	气囊	机翻	0	0
ถูกกระทำ	被治疗	机翻	0	0
ถูกกัน	他们俩是对的	机翻	0	0
ถูกขา	就在腿上	机翻	0	0
ถูกคอ	泡吧	机翻	0	0
ถูกคอกัน	彼此相处	机翻	0	0
ถูกคู่	右对	机翻	0	0
ถูกจำ	被记住	机翻	0	0
ถูกจุด	现货	机翻	0	0
ถูกใจ	喜欢	机翻	0	0
ถูกโฉลก	害怕	机翻	0	0
ถูกช่อง	右声道	机翻	0	0
ถูกชะตา	令人赏心悦目	机翻	0	0
ถูกต้อน	走投无路	机翻	0	0
ถูกตา	引人注目	机翻	0	0
ถูกที่	正确的地方	机翻	0	0
ถูกปรับ	被罚款	机翻	0	0
ถูกปาก	可口的	机翻	0	0
ถูกโรค	患病	机翻	0	0
ถูกวิธี	正确的方法	机翻	0	0
ถูกส่วน	恰到好处的部分	机翻	0	0
ถูกเส้น	右线	机翻	0	0
ถูกหวย	赢得彩票	机翻	0	0
ถูไถ	擦	机翻	0	0
ถูฟัน	摩擦牙齿	机翻	0	0
แถบยศ	排名栏	机翻	0	0
แถบเอ็น	肌腱条	机翻	0	0
แถมท้าย	加在最后	机翻	0	0
แถมพก	赠送	机翻	0	0
แถลงข่าว	新闻发布会	机翻	0	0
แถลบ	擦除	机翻	0	0
แถวตรง	直排	机翻	0	0
โถงเถง	高而孤立	机翻	0	0
โถปริก	辣椒罐	机翻	0	0
โถส้วม	洗手间	机翻	0	0
ไถกลบ	犁	机翻	0	0
ไถง	太阳	机翻	0	0
ไถดะ	犁	机翻	0	0
ไถ่ตัว	赎回	机翻	0	0
ไถ่ถอน	赎回	机翻	0	0
ไถ่ถาม	问	机翻	0	0
ไถ่โทษ	赎回	机翻	0	0
ไถ่บาป	赎金	机翻	0	0
ไถเป่ย์	台北	机翻	0	0
ไถแปร	犁	机翻	0	0
ไถล	滑	机翻	0	0
ท	时间	机翻	0	0
ทกล้า	敢	机翻	0	0
ทแกล้ว	塔克拉夫	机翻	0	0
ทชี	奇	机翻	0	0
ทดท้อ	灰心	机翻	0	0
ทดน้ำ	灌溉	机翻	0	0
ทดรอง	进步	机翻	0	0
ทดเลข	卷起数字	机翻	0	0
ทนต์	坦特	机翻	0	0
ทนทายาด	忍受	机翻	0	0
ทนทุกข์	遭受	机翻	0	0
ทนโท่	宽容	机翻	0	0
ทนฝืน	忍受	机翻	0	0
ทนไฟ	防火	机翻	0	0
ทนไม่ไหว	受不了了	机翻	0	0
ทนาน	持久	机翻	0	0
ทนาย	律师	机翻	0	0
ทบต้น	化合物	机翻	0	0
ทบวง	局	机翻	0	0
ทบวงการ	部门	机翻	0	0
ทบิลีซี	第比利斯	机翻	0	0
ทมบ	区	机翻	0	0
ทมอ	泰国国立法政大学	机翻	0	0
ทมิฬ	泰米尔语	机翻	0	0
ทมิฬนาฑู	泰米尔纳德邦	机翻	0	0
ทโมน	塔蒙	机翻	0	0
ทแยง	对角线	机翻	0	0
ทแยงมุม	对角地	机翻	0	0
ทรกรรม	酷刑	机翻	0	0
ทรงกลด	晕	机翻	0	0
ทรงกลม	领域	机翻	0	0
ทรงจำ	回忆	机翻	0	0
ทรงเจ้า	陛下	机翻	0	0
ทรงตัว	平衡	机翻	0	0
ทรงบาดาล	陛下	机翻	0	0
ทรงผม	发型	机翻	0	0
ทรงพลัง	强大的	机翻	0	0
ทรงรี	椭圆形	机翻	0	0
ทรงลังกา	空翻式	机翻	0	0
ทรงไว้	握住它	机翻	0	0
ทรงสติ	意识	机翻	0	0
ทรงสภาพ	状况良好	机翻	0	0
ทรงอำนาจ	强大的	机翻	0	0
ทรชน	叛徒	机翻	0	0
ทรชาติ	国籍	机翻	0	0
ทรพล	军队	机翻	0	0
ทรพิษ	天花	机翻	0	0
ทรพี	叛徒	机翻	0	0
ทรมาน	酷刑	机翻	0	0
ทรยศ	背叛	机翻	0	0
ทรยุค	时代	机翻	0	0
ทรรปณะ	帕塔纳	机翻	0	0
ทรรศน์	看法	机翻	0	0
ทรรศนะ	看法	机翻	0	0
ทรรศนีย์	观点	机翻	0	0
ทรราช	暴君	机翻	0	0
ทรราชย์	暴君	机翻	0	0
ทรลักษณ์	特征	机翻	0	0
ทรวงอก	胸部	机翻	0	0
ทรวดทรง	形状	机翻	0	0
ทรหด	不屈不挠	机翻	0	0
ทรหดอดทน	耐力	机翻	0	0
ทรหน	痛苦	机翻	0	0
ทรหวล	残忍的	机翻	0	0
ทรอมโบน	长号	机翻	0	0
ทรอึง	陷入困境	机翻	0	0
ทระนง	自豪的	机翻	0	0
ทรัพย์	财富	机翻	0	0
ทรัมป์	王牌	机翻	0	0
ทรัมเป็ต	喇叭	机翻	0	0
ทรัสต์	相信	机翻	0	0
ทรัสตี	受托人	机翻	0	0
ทรามชม	这是堕落的	机翻	0	0
ทรามเชย	过时的	机翻	0	0
ทรามวัย	变形	机翻	0	0
ทรายแก้ว	赛考	机翻	0	0
ทรายดูด	流沙	机翻	0	0
ทรายแป้ง	淤泥	机翻	0	0
ทรุดตัว	崩溃了	机翻	0	0
ทรุดนั่ง	坐下	机翻	0	0
ทฤษฎีบท	定理	机翻	0	0
ทลหะ	塔利亚	机翻	0	0
ทลาย	破坏	机翻	0	0
ท้วงติง	反对	机翻	0	0
ทวงถาม	要求	机翻	0	0
ท่วงท่า	打	机翻	0	0
ท่วงที	外貌	机翻	0	0
ทวงสิทธิ	索取权利	机翻	0	0
ทวดน้อย	小曾祖父	机翻	0	0
ทวนกระแส	逆流	机翻	0	0
ทวนกลับ	重复	机翻	0	0
ทวนคำ	重复的话	机翻	0	0
ทวนทบ	审查	机翻	0	0
ทวนสบถ	重复脏话	机翻	0	0
ทวนสาบาน	作伪证	机翻	0	0
ท่วมท้น	压倒	机翻	0	0
ท่วมหัว	不知所措	机翻	0	0
ทวยเทพ	众神	机翻	0	0
ทวยหาญ	勇敢的	机翻	0	0
ทวาทศ	特瓦托斯	机翻	0	0
ทวาทศมาส	第二个十年	机翻	0	0
ทวาทศี	双倍的	机翻	0	0
ทวาย	大伟	机翻	0	0
ทวาร	肛门	机翻	0	0
ทวารบาล	肛门	机翻	0	0
ทวารเบา	光肛门	机翻	0	0
ทวารวดี	杜瓦拉瓦提	机翻	0	0
ทวารหนัก	肛门	机翻	0	0
ทวาราวดี	杜瓦拉瓦提	机翻	0	0
ทวิ	之二	机翻	0	0
ทวิช	抽搐	机翻	0	0
ทวิชงค์	双胞胎	机翻	0	0
ทวิชาติ	双边	机翻	0	0
ทวิตภพ	叽叽喳喳	机翻	0	0
ทวิบท	鸣叫	机翻	0	0
ทวิบาท	双足的	机翻	0	0
ทวิป	TWIP	机翻	0	0
ทวิภาค	冒号	机翻	0	0
ทวี	乘	机翻	0	0
ทวีคูณ	双倍的	机翻	0	0
ทวีป	大陆	机翻	0	0
ทศกัณฐ์	德干	机翻	0	0
ทศชาติ	十年	机翻	0	0
ทศทิศ	小数方向	机翻	0	0
ทศนิยม	小数	机翻	0	0
ทศพร	托萨蓬	机翻	0	0
ทศพล	托沙蓬	机翻	0	0
ทศมาส	十年	机翻	0	0
ทศมี	小数	机翻	0	0
ทศวรรษ	十年	机翻	0	0
ทสมี	特斯米	机翻	0	0
ทหารช่าง	工程师	机翻	0	0
ทหารบก	陆军士兵	机翻	0	0
ทหารพราน	护林员	机翻	0	0
ทหารม้า	骑兵	机翻	0	0
ทหารยาม	警卫	机翻	0	0
ทหารราบ	步兵	机翻	0	0
ทหารเรือ	水手	机翻	0	0
ทหารหาญ	勇敢的士兵	机翻	0	0
ท่อแก๊ส	煤气管	机翻	0	0
ทองกร	通功	机翻	0	0
ท้องกาง	展开胃	机翻	0	0
ท้องแก่	高龄怀孕	机翻	0	0
ทองขาว	白金	机翻	0	0
ท้องขึ้น	气胀的	机翻	0	0
ท้องแขน	手臂	机翻	0	0
ท้องแขวน	悬胃	机翻	0	0
ท้องคลอง	运河	机翻	0	0
ทองคำ	金子	机翻	0	0
ทองคำขาว	铂	机翻	0	0
ท้องคุ้ง	我的肚子肿了	机翻	0	0
ทองเค	金K	机翻	0	0
ท่องจำ	记住	机翻	0	0
ท้องฉนวน	隔热腹部	机翻	0	0
ทองชุบ	镀金	机翻	0	0
ท้องเดิน	腹泻	机翻	0	0
ทองแดง	铜	机翻	0	0
ท้องตรา	品牌名称	机翻	0	0
ท้องตลาด	市场	机翻	0	0
ทองตากู	通达库	机翻	0	0
ท้องถนน	路	机翻	0	0
ทองทราย	金砂	机翻	0	0
ทองทศ	金子	机翻	0	0
ท้องทะเล	海	机翻	0	0
ท้องที่	病房	机翻	0	0
ทองทึบ	足金	机翻	0	0
ท้องทุ่ง	场地	机翻	0	0
ทองนพคุณ	通·诺帕昆	机翻	0	0
ท้องน่อง	小牛	机翻	0	0
ท้องน้อย	小肚子	机翻	0	0
ท้องนา	稻田	机翻	0	0
ท้องน้ำ	水	机翻	0	0
ท่องบ่น	抱怨	机翻	0	0
ท้องแบน	平坦的小腹	机翻	0	0
ทองใบ	金箔	机翻	0	0
ทองเปลว	金箔	机翻	0	0
ทองพลุ	金色烟花	机翻	0	0
ท้องพอง	胃胀	机翻	0	0
ทองพิศ	通碧	机翻	0	0
ท้องเฟ้อ	胀气	机翻	0	0
ทองม้วน	通武安	机翻	0	0
ท้องมาน	浮肿	机翻	0	0
ท้องร่วง	腹泻	机翻	0	0
ท้องร่อง	沟	机翻	0	0
ท้องร้อง	肚子咕咕叫	机翻	0	0
ท้องเลว	胃不好	机翻	0	0
ทองแล่ง	金箭袋	机翻	0	0
ท้องว่าง	空腹	机翻	0	0
ทองสักโก	通萨科	机翻	0	0
ท้องสาว	年轻怀孕	机翻	0	0
ท่องสื่อ	冲浪媒体	机翻	0	0
ทองหมั้น	订婚金	机翻	0	0
ท้องหมา	狗的胃	机翻	0	0
ท้องหมู	五花肉	机翻	0	0
ทองหยอง	通勇	机翻	0	0
ทองหยอด	丁字裤	机翻	0	0
ทองหยิบ	唐业	机翻	0	0
ทองหล่อ	通罗	机翻	0	0
ทองหลาง	通朗	机翻	0	0
ท้องแห้ง	胃干	机翻	0	0
ท้องอืด	腹胀	机翻	0	0
ทองเอก	通艾克	机翻	0	0
ท้อใจ	灰心	机翻	0	0
ทอดกฐิน	供奉卡辛	机翻	0	0
ทอดกาย	展开你的身体	机翻	0	0
ทอดโกลน	翻炒	机翻	0	0
ทอดเงา	投射阴影	机翻	0	0
ทอดใจ	对不起	机翻	0	0
ทอดตลาด	拍卖	机翻	0	0
ทอดตัว	延长	机翻	0	0
ทอดตา	投下你的眼睛	机翻	0	0
ทอดถอนใจ	叹	机翻	0	0
ทอดทิ้ง	背叛	机翻	0	0
ทอดที่	油炸于	机翻	0	0
ทอดธุระ	商业	机翻	0	0
ทอดน่อง	闲逛	机翻	0	0
ทอดมัน	煎土豆	机翻	0	0
ทอดยอด	把芽炒一下	机翻	0	0
ทอดรวง	炒耳朵	机翻	0	0
ทอดสมอ	锚	机翻	0	0
ทอดสะพาน	跨越桥梁	机翻	0	0
ทอดสายตา	投下你的目光	机翻	0	0
ทอดเสียง	发出声音	机翻	0	0
ทอดหญ้า	炒草	机翻	0	0
ทอดหุ่ย	油炸	机翻	0	0
ทอดแห	撒网	机翻	0	0
ทอดอาลัย	蔫	机翻	0	0
ท่อไต	输尿管	机翻	0	0
ท่อถ้อย	管道	机翻	0	0
ท้อถอย	放弃	机翻	0	0
ท้อถ้อย	失望的	机翻	0	0
ท้อแท้	心灰意冷的	机翻	0	0
ทอนเงิน	换钱	机翻	0	0
ทอนซิล	扁桃体	机翻	0	0
ท่อนซุง	日志	机翻	0	0
ท่อนไม้	日志	机翻	0	0
ท่อน้ำ	水管	机翻	0	0
ท่อนำไข่	输卵管	机翻	0	0
ทอผ้า	编织	机翻	0	0
ทอฟฟี	奶糖	机翻	0	0
ทอฟฟี่	奶糖	机翻	0	0
ทอมบอย	假小子	机翻	0	0
ทอยกอง	扔一堆	机翻	0	0
ท่อยาง	橡胶软管	机翻	0	0
ทอร์นาโด	龙卷风	机翻	0	0
ทอเรียม	钍	机翻	0	0
ท่อลม	风管	机翻	0	0
ท่อลอด	管道	机翻	0	0
ทอแสง	闪耀	机翻	0	0
ท่อหายใจ	呼吸管	机翻	0	0
ท่อหู	耳管	机翻	0	0
ทอหูก	梭织机	机翻	0	0
ทะนง	假设	机翻	0	0
ทะนงตัว	利己主义的	机翻	0	0
ทะนาน	欲望	机翻	0	0
ทะนุ	塔努	机翻	0	0
ทะนุถนอม	培育	机翻	0	0
ทะเบียน	登记	机翻	0	0
ทะมึน	杰出的	机翻	0	0
ทะแม่ง	该死的	机翻	0	0
ทะยานใจ	翱翔	机翻	0	0
ทะลวง	突破	机翻	0	0
ทะละหะ	塔拉哈	机翻	0	0
ทะลัก	溢出来	机翻	0	0
ทะลาย	束	机翻	0	0
ทะลึ่ง	猥亵	机翻	0	0
ทะลุ	突破	机翻	0	0
ทะลุเป้า	超额完成目标	机翻	0	0
ทะเลแดง	红海	机翻	0	0
ทะเลตาย	死海	机翻	0	0
ทะเลทราย	沙漠	机翻	0	0
ทะเล้น	厚脸皮	机翻	0	0
ทะเลใน	内海	机翻	0	0
ทะเลสาป	湖	机翻	0	0
ทะเลหลวง	公海	机翻	0	0
ทะเลาะ	争论	机翻	0	0
ทะวาย	田井	机翻	0	0
ทักขิญ	他信	机翻	0	0
ทักขิณา	塔吉纳	机翻	0	0
ทักทิน	德田	机翻	0	0
ทักนิมิต	向愿景问好	机翻	0	0
ทักษา	技能	机翻	0	0
ทักษิณ	他信	机翻	0	0
ทักษิณา	他西那	机翻	0	0
ทั้งกลม	两轮	机翻	0	0
ทั้งคน	整个人	机翻	0	0
ทั้งคืน	整夜	机翻	0	0
ทั้งคู่	两个都	机翻	0	0
ทั้งชาติ	一生	机翻	0	0
ทั้งดุ้น	两个鸡巴	机翻	0	0
ทั้งตัว	全身	机翻	0	0
ทั้งที	两个都	机翻	0	0
ทั้งที่	虽然	机翻	0	0
ทั้งนั้น	所有这一切	机翻	0	0
ทั้งปวง	全部	机翻	0	0
ทั้งปี	全年	机翻	0	0
ทั้งเป็น	活	机翻	0	0
ทั้งผอง	他们全部	机翻	0	0
ทั้งพวก	他们全部	机翻	0	0
ทั้งเพ	所有和杂项	机翻	0	0
ทั้งมวล	全部	机翻	0	0
ทั้งโลก	整个世界	机翻	0	0
ทั้งวัน	全天	机翻	0	0
ทังสเตน	钨	机翻	0	0
ทั้งสอง	两个都	机翻	0	0
ทั้งสิ้น	全部	机翻	0	0
ทั้งหลาย	他们全部	机翻	0	0
ทัชสกรีน	触摸屏	机翻	0	0
ทัณฑ์	惩罚	机翻	0	0
ทัณฑกรรม	监狱的	机翻	0	0
ทัณฑฆาต	消音器	机翻	0	0
ทัณฑนิคม	流放地	机翻	0	0
ทัณฑ์บน	言语	机翻	0	0
ทัณฑสถาน	监狱的	机翻	0	0
ทัณฑะ	睾丸	机翻	0	0
ทัณฑีบท	缓刑	机翻	0	0
ทัดทา	抱怨	机翻	0	0
ทัดทาน	劝告	机翻	0	0
ทัดเทียม	平等的	机翻	0	0
ทันการ	恰逢其时	机翻	0	0
ทันกิน	正好赶上吃饭的时间	机翻	0	0
ทันเกม	赶上比赛	机翻	0	0
ทันคน	与人保持同步	机翻	0	0
ทันควัน	即兴	机翻	0	0
ทันใจ	即刻	机翻	0	0
ทันใด	突然	机翻	0	0
ทันต	牙科	机翻	0	0
ทันต์	牙医	机翻	0	0
ทันตกรรม	牙科	机翻	0	0
ทันตชะ	牙医	机翻	0	0
ทันตา	恰逢其时	机翻	0	0
ทันทีที่	立刻	机翻	0	0
ทันน้ำ	正好赶上水	机翻	0	0
ทันโลก	与世界保持同步	机翻	0	0
ทับกัน	重叠	机翻	0	0
ทับเกษตร	塔卡色	机翻	0	0
ทับซ้อน	重叠	机翻	0	0
ทับถม	堆	机翻	0	0
ทับทรวง	胸甲	机翻	0	0
ทับทาง	过马路	机翻	0	0
ทับทิม	石榴	机翻	0	0
ทับที่	覆盖	机翻	0	0
ทับแพ	塔佩	机翻	0	0
ทับลัคน์	上升点	机翻	0	0
ทับศัพท์	音译	机翻	0	0
ทับหลัง	楣	机翻	0	0
ทัพชัย	塔猜	机翻	0	0
ทัพไชย	塔猜	机翻	0	0
ทัพบก	军队	机翻	0	0
ทัพพี	钢包	机翻	0	0
ทัพเรือ	海军	机翻	0	0
ทัพหน้า	先锋	机翻	0	0
ทัพหลวง	皇家军队	机翻	0	0
ทัพอากาศ	空军	机翻	0	0
ทั่วกัน	遍	机翻	0	0
ทัวร์ลง	向下游览	机翻	0	0
ทั่วโลก	世界各地	机翻	0	0
ทั่วหน้า	遍	机翻	0	0
ทัศน	看法	机翻	0	0
ทัศน์	风景	机翻	0	0
ทัศนะ	前景	机翻	0	0
ทัศนา	看法	机翻	0	0
ทัศนาการ	观光	机翻	0	0
ทัศนาจร	航程	机翻	0	0
ทัศไนย	看法	机翻	0	0
ทากทะเล	海蛞蝓	机翻	0	0
ทางกาย	身体的	机翻	0	0
ทางเก็บ	收集点	机翻	0	0
ทางแก้	解决方案	机翻	0	0
ทางแก้ไข	解决方案	机翻	0	0
ทางไกล	长途	机翻	0	0
ทางข้าม	穿越	机翻	0	0
ทางขึ้น	向上	机翻	0	0
ทางแคบ	窄路	机翻	0	0
ทางโค้ง	曲线	机翻	0	0
ทางจราจร	交通道路	机翻	0	0
ทางจิต	精神的	机翻	0	0
ทางจิตใจ	精神上	机翻	0	0
ทางใจ	精神上	机翻	0	0
ทางเดิน	人行道	机翻	0	0
ทางเดียว	单程	机翻	0	0
ทางได้	办法是可以的	机翻	0	0
ทางตรง	直接方式	机翻	0	0
ทางตัด	路口	机翻	0	0
ทางตัน	死胡同	机翻	0	0
ทางใต้	南	机翻	0	0
ทางทหาร	军队	机翻	0	0
ทางทะเล	海运	机翻	0	0
ทางโท	硕士	机翻	0	0
ทางธรรม	佛法之道	机翻	0	0
ทางน้ำ	水路	机翻	0	0
ทางนู้น	在那边	机翻	0	0
ทางโน้น	在那边	机翻	0	0
ทางใน	内在之道	机翻	0	0
ทางบก	陆路	机翻	0	0
ทางบ้าน	回家的路上	机翻	0	0
ทางป่า	森林小路	机翻	0	0
ทางผ่าน	通道	机翻	0	0
ทางพิเศษ	高速公路	机翻	0	0
ทางเพศ	性方面的	机翻	0	0
ทางแพร่ง	十字路口	机翻	0	0
ทางรถไฟ	铁路	机翻	0	0
ทางรอด	生存之道	机翻	0	0
ทางเรือ	乘船	机翻	0	0
ทางลง	一路向下	机翻	0	0
ทางลับ	秘密通道	机翻	0	0
ทางลาด	坡道	机翻	0	0
ทางโลก	世俗	机翻	0	0
ทางสัญจร	通道	机翻	0	0
ทางหัว	头路	机翻	0	0
ทางเหนือ	北	机翻	0	0
ทางอ้อม	间接地	机翻	0	0
ทางอากาศ	乘飞机	机翻	0	0
ทางอาญา	刑事	机翻	0	0
ทางเอก	主要道路	机翻	0	0
ท่าจะ	大概	机翻	0	0
ทาชเคนต์	塔什干	机翻	0	0
ทาฐิกะ	塔西卡	机翻	0	0
ท่าเดียว	一招	机翻	0	0
ทาตุ	由于	机翻	0	0
ท่าทาง	姿态	机翻	0	0
ท่าที	态度	机翻	0	0
ทานกัณฑ์	施舍	机翻	0	0
ทานข้าว	吃	机翻	0	0
ท่านชาย	先生	机翻	0	0
ทานตะวัน	向日葵	机翻	0	0
ทานบดี	吃一顿好饭	机翻	0	0
ทานบารมี	给予功德	机翻	0	0
ทานพ	吃食物	机翻	0	0
ทานมัย	你吃过了吗？	机翻	0	0
ทานศีล	受戒	机翻	0	0
ท่านหญิง	女士	机翻	0	0
ทานอาหาร	吃顿饭	机翻	0	0
ทานาคา	塔纳卡	机翻	0	0
ท่าน้ำ	海滨	机翻	0	0
ทาบกิ่ง	嫁接的	机翻	0	0
ทาบทาม	拉刀	机翻	0	0
ทาบรัศมี	半径	机翻	0	0
ทาปาก	润唇膏	机翻	0	0
ท้าพนัน	赌注	机翻	0	0
ท่ามกลาง	之中	机翻	0	0
ท่ามาก	非常酷	机翻	0	0
ทายก	猜测	机翻	0	0
ท้ายครัว	在厨房的尽头	机翻	0	0
ทายใจ	猜你的心	机翻	0	0
ท้ายโต่ง	钳尾	机翻	0	0
ท้ายแถว	行尾	机翻	0	0
ท้ายทอย	枕骨	机翻	0	0
ท้ายน้ำ	下游	机翻	0	0
ทายปัญหา	猜猜问题所在	机翻	0	0
ท้ายฝน	雨结束了	机翻	0	0
ท้ายเรือ	船尾	机翻	0	0
ท้ายสุด	最后的	机翻	0	0
ทายา	涂药	机翻	0	0
ทายาด	继承人	机翻	0	0
ทายิกา	塔伊卡	机翻	0	0
ทาริกา	塔里卡	机翻	0	0
ทารุณ	不人道	机翻	0	0
ทาลลินน์	塔林	机翻	0	0
ท้าวพญา	陶帕雅	机翻	0	0
ทาสทาน	奴隶	机翻	0	0
ทาสปัญญา	智慧的奴隶	机翻	0	0
ทาสี	绘	机翻	0	0
ทำกรรม	做业力	机翻	0	0
ทำการ	做	机翻	0	0
ทำการค้า	做生意	机翻	0	0
ทำกำไร	赚取利润	机翻	0	0
ทำเกินไป	过度	机翻	0	0
ทำไก๋	道凯	机翻	0	0
ทำขวัญ	做一份礼物	机翻	0	0
ทำครัว	烹饪	机翻	0	0
ทำคลอด	分娩	机翻	0	0
ทำความ	做	机翻	0	0
ทำคุณ	你	机翻	0	0
ทำงานต่อ	继续工作	机翻	0	0
ทำเงิน	赚钱	机翻	0	0
ทำเจ็บ	伤害	机翻	0	0
ทำชั่ว	作恶	机翻	0	0
ทำชำเรา	强奸	机翻	0	0
ทำชื่อ	起个名字	机翻	0	0
ทำซาก	留下遗骸	机翻	0	0
ทำซ้ำ	重复	机翻	0	0
ทำดี	行善	机翻	0	0
ทำได้	能	机翻	0	0
ทำต่อ	继续	机翻	0	0
ทำตัว	表现	机翻	0	0
ทำตา	做眼睛	机翻	0	0
ทำตาม	跟随	机翻	0	0
ทำท่า	假装	机翻	0	0
ทำทาน	施舍	机翻	0	0
ทำที	做吧	机翻	0	0
ทำแท้ง	流产	机翻	0	0
ทำแทน	改为这样做	机翻	0	0
ทำโทษ	惩治	机翻	0	0
ทำนบ	弹幕	机翻	0	0
ทำนอง	旋律	机翻	0	0
ทำนา	农场	机翻	0	0
ทำนาย	预测	机翻	0	0
ทำนุ	做吧	机翻	0	0
ทำนูล	做一个弓	机翻	0	0
ทำเนา	复印一份	机翻	0	0
ทำเนียบ	宫殿	机翻	0	0
ทำบาป	罪	机翻	0	0
ทำบุญ	施舍	机翻	0	0
ทำเบ่ง	推一下	机翻	0	0
ทำประตู	进球	机翻	0	0
ทำปลา	做鱼	机翻	0	0
ทำไปทำมา	我已经做到了	机翻	0	0
ทำผิด	犯错误	机翻	0	0
ทำแผล	包扎伤口	机翻	0	0
ทำพิธี	举行仪式	机翻	0	0
ทำพิษ	毒	机翻	0	0
ทำไพ่	制作卡片	机翻	0	0
ทำฟัน	牙科工作	机翻	0	0
ทำไฟ	生火	机翻	0	0
ทำรัง	嵌套	机翻	0	0
ทำราชการ	做政府工作	机翻	0	0
ทำร้าย	攻击	机翻	0	0
ทำไร่	农业	机翻	0	0
ทำฤทธิ์	工作	机翻	0	0
ทำลาย	破坏	机翻	0	0
ทำลิง	做一只猴子	机翻	0	0
ทำเล	地点	机翻	0	0
ทำเลทอง	黄金地段	机翻	0	0
ทำวัตร	实践	机翻	0	0
ทำเวร	轮班	机翻	0	0
ทำเวลา	腾出时间	机翻	0	0
ทำศพ	举办葬礼	机翻	0	0
ทำศึก	进行战斗	机翻	0	0
ทำสงคราม	战争	机翻	0	0
ทำสมาธิ	幽思	机翻	0	0
ทำสวน	做园艺	机翻	0	0
ทำสัญญา	签订合同	机翻	0	0
ทำสาว	做个女孩	机翻	0	0
ทำสำเนา	复印一份	机翻	0	0
ทำเสน่ห์	魅力	机翻	0	0
ทำหมัน	消毒	机翻	0	0
ทำเหตุ	做一个事业	机翻	0	0
ทำออรัล	做口语	机翻	0	0
ทำเอา	制作	机翻	0	0
ทิฆัมพร	吉康蓬	机翻	0	0
ทิงเจอร์	酊剂	机翻	0	0
ทิ้งช่วง	离开时间	机翻	0	0
ทิ้งตัว	别管你自己了	机翻	0	0
ทิ้งทวน	复古	机翻	0	0
ทิ้งทาน	扔掉施舍	机翻	0	0
ทิ้งท้าย	最后的话	机翻	0	0
ทิ้งไพ่	丢弃	机翻	0	0
ทิ้งฟ้อง	留下诉讼	机翻	0	0
ทิ้งย่อ	留下缩写	机翻	0	0
ทิ้งสมอ	抛锚	机翻	0	0
ทิชชู	组织	机翻	0	0
ทิชชู่	组织	机翻	0	0
ทิชากร	蒂差功	机翻	0	0
ทิฐิ	不耐受	机翻	0	0
ทินกร	丁纳空	机翻	0	0
ทินเนอร์	稀释剂	机翻	0	0
ทินศูนย์	零锡	机翻	0	0
ทิเบต	西藏	机翻	0	0
ทิพย	提示	机翻	0	0
ทิพย์	神圣的	机翻	0	0
ทิพยญาณ	千里眼	机翻	0	0
ทิพยเนตร	神眼	机翻	0	0
ทิพยพยาน	提帕维汉	机翻	0	0
ทิพยรส	蒂皮亚罗斯	机翻	0	0
ทิพโสต	耳塞	机翻	0	0
ทิพากร	蒂帕功	机翻	0	0
ทิฟฟานี	蒂芙尼	机翻	0	0
ทิ่มตำ	刺	机翻	0	0
ทิ่มตำใจ	刺痛心	机翻	0	0
ทิ่มแทง	刺	机翻	0	0
ทิมพู	廷布	机翻	0	0
ทิวเขา	山脉	机翻	0	0
ทิวงคต	蒂旺科特	机翻	0	0
ทิวแถว	一排树	机翻	0	0
ทิวทัศน์	看法	机翻	0	0
ทิวไม้	树线	机翻	0	0
ทิวลิป	郁金香	机翻	0	0
ทิวา	白天	机翻	0	0
ทิวากร	蒂瓦功	机翻	0	0
ทิวากาล	天	机翻	0	0
ทิศพายัพ	西方向	机翻	0	0
ทิศหรดี	南方向	机翻	0	0
ทิศอีสาน	东北	机翻	0	0
ทิศอุดร	北方向	机翻	0	0
ที่เก็บ	贮存	机翻	0	0
ที่เก้า	第九	机翻	0	0
ที่เกิด	出生	机翻	0	0
ทีฆชาติ	蒂克哈查特	机翻	0	0
ทีฆนิกาย	迪迦尼卡亚	机翻	0	0
ทีฆสระ	迪加斯拉	机翻	0	0
ที่จริง	实际上	机翻	0	0
ที่จะ	到	机翻	0	0
ที่จับ	处理	机翻	0	0
ที่เจ็ด	第七	机翻	0	0
ที่แจ้ง	知情的	机翻	0	0
ที่ซ่อน	隐藏的地方	机翻	0	0
ที่ดอน	高地	机翻	0	0
ทีเด็ด	尖端	机翻	0	0
ทีเดียว	相当	机翻	0	0
ที่ใด	在哪里？	机翻	0	0
ที่ต่ำ	低处	机翻	0	0
ที่ตีไข่	打蛋器	机翻	0	0
ทีท่า	态度	机翻	0	0
ที่ทาง	在路上	机翻	0	0
ที่ทำการ	办公室	机翻	0	0
ที่ทำกิน	吃饭的地方	机翻	0	0
ที่ทำงาน	工作场所	机翻	0	0
ที่แท้	真实的	机翻	0	0
ที่นอน	床垫	机翻	0	0
ที่นั่น	那里	机翻	0	0
ที่นา	稻田	机翻	0	0
ทีนี้	现在	机翻	0	0
ที่นี่	这里	机翻	0	0
ที่โน่น	在那边	机翻	0	0
ที่โน้น	在那边	机翻	0	0
ที่บูชา	礼拜场所	机翻	0	0
ทีปะ	蒂帕	机翻	0	0
ทีปังกร	迪邦功	机翻	0	0
ที่เปิด	开场白	机翻	0	0
ที่แปด	第八	机翻	0	0
ที่ฝังศพ	埋葬地	机翻	0	0
ที่พึ่ง	避难所	机翻	0	0
ทีมงาน	团队	机翻	0	0
ที่มั่น	据点	机翻	0	0
ที่มา	起源	机翻	0	0
ที่รวม	这包括	机翻	0	0
ที่ระลึก	纪念品	机翻	0	0
ที่รัก	亲爱的	机翻	0	0
ที่ร้าง	荒凉的地方	机翻	0	0
ที่ราบ	清楚的	机翻	0	0
ทีแรก	起初	机翻	0	0
ทีไร	每次？	机翻	0	0
ทีละ	逐个	机翻	0	0
ทีละขั้น	步步	机翻	0	0
ทีละน้อย	一点一点	机翻	0	0
ที่ลับ	秘密地点	机翻	0	0
ที่ลับตา	秘密地点	机翻	0	0
ที่ลุ่ม	沼泽地	机翻	0	0
ที่แล้ว	前	机翻	0	0
ที่โล่ง	开放空间	机翻	0	0
ที่ว่า	那就是说	机翻	0	0
ที่ว่าง	可用空间	机翻	0	0
ทีวี	电视	机翻	0	0
ทีวีสี	彩色电视	机翻	0	0
ที่สอง	第二	机翻	0	0
ที่สาม	第三	机翻	0	0
ที่สิบ	第十	机翻	0	0
ที่สิบหก	第十六	机翻	0	0
ที่สี่	第四	机翻	0	0
ที่สุด	最	机翻	0	0
ที่สูง	高处	机翻	0	0
ที่สูบลม	波纹管	机翻	0	0
ที่หก	第六	机翻	0	0
ทีหน้า	下次	机翻	0	0
ที่หนึ่ง	第一	机翻	0	0
ที่หมาย	目的地	机翻	0	0
ที่หวัง	希望	机翻	0	0
ที่ห้า	第五	机翻	0	0
ที่อื่น	其他地方	机翻	0	0
ที่อุดหู	耳塞	机翻	0	0
ทีเอ็นที	梯恩梯	机翻	0	0
ทีโอที	TOT	机翻	0	0
ทึกทัก	认为	机翻	0	0
ทึนทึก	目瞪口呆	机翻	0	0
ทึบแสง	不透明	机翻	0	0
ทุกข์	痛苦	机翻	0	0
ทุกข์ใจ	陷入困境	机翻	0	0
ทุกขณะ	每一刻	机翻	0	0
ทุกขลาภ	每一份财富	机翻	0	0
ทุกข์สุข	痛苦	机翻	0	0
ทุกคน	每个人	机翻	0	0
ทุกครั้ง	每次	机翻	0	0
ทุกคราว	每次	机翻	0	0
ทุกคืน	每天晚上	机翻	0	0
ทุกชนิด	各种	机翻	0	0
ทุกท่าน	每个人	机翻	0	0
ทุกที	每次	机翻	0	0
ทุกทุก	每一个	机翻	0	0
ทุกนิบาต	每一个事件	机翻	0	0
ทุกปี	每年	机翻	0	0
ทุกฝ่าย	各方	机翻	0	0
ทุกพาย	每个馅饼	机翻	0	0
ทุกเมื่อ	任何时间	机翻	0	0
ทุกราย	每个人	机翻	0	0
ทุกเวลา	每次	机翻	0	0
ทุกสิ่ง	一切	机翻	0	0
ทุกหน	到处	机翻	0	0
ทุกแห่ง	任何地方	机翻	0	0
ทุกอย่าง	一切	机翻	0	0
ทุคตะ	杜克塔	机翻	0	0
ทุคติ	不幸	机翻	0	0
ทุงเทง	我很困惑	机翻	0	0
ทุ่งโล่ง	开放领域	机翻	0	0
ทุติ	第二	机翻	0	0
ทุ่นเงิน	金钱浮标	机翻	0	0
ทุนเดิม	血本	机翻	0	0
ทุนนอน	沉睡的资本	机翻	0	0
ทุนนิยม	资本主义	机翻	0	0
ทุ่นเบ็ด	钓鱼浮标	机翻	0	0
ทุนรอน	首都	机翻	0	0
ทุ่นแรง	强大的	机翻	0	0
ทุ่นลอย	浮标	机翻	0	0
ทุนวิจัย	研究经费	机翻	0	0
ทุ่นเวลา	时间浮标	机翻	0	0
ทุนสำรอง	预订	机翻	0	0
ทุ่นอวน	网浮标	机翻	0	0
ทุนิยม	唯物主义	机翻	0	0
ทุบตี	巴什	机翻	0	0
ทุบทู	粉碎两个	机翻	0	0
ทุ่มเงิน	破费	机翻	0	0
ทุ่มตลาด	倾销	机翻	0	0
ทุ่มทุน	投资	机翻	0	0
ทุ่มเท	投入的	机翻	0	0
ทุรกรรม	交易	机翻	0	0
ทุรชน	人民	机翻	0	0
ทุรชาติ	龟	机翻	0	0
ทุรพล	耐用的	机翻	0	0
ทุรยศ	可耻	机翻	0	0
ทุระยศ	不诚实	机翻	0	0
ทุราคม	十月	机翻	0	0
ทุราจาร	未来派的	机翻	0	0
ทุเรศ	肮脏的	机翻	0	0
ทุศีล	不道德	机翻	0	0
ทู่ซี้	太泽	机翻	0	0
ทูนหัว	亲爱的	机翻	0	0
ทูน่า	金枪鱼	机翻	0	0
ทูมทาม	明天	机翻	0	0
ทูร์เคีย	突厥语	机翻	0	0
ทูรยศ	图里亚特	机翻	0	0
ทูลถาม	问	机翻	0	0
ทูเลียม	铥	机翻	0	0
เท็กซัส	德克萨斯州	机翻	0	0
เท้งเต้ง	漂移	机翻	0	0
เท่งทึง	艰难的	机翻	0	0
เท็จจริง	事实	机翻	0	0
เทใจ	倾吐你的心	机翻	0	0
เทวนิยม	有神论	机翻	0	0
เทวภาวะ	神州	机翻	0	0
เทวรูป	偶像	机翻	0	0
เทวลิขิต	神圣的命运	机翻	0	0
เทวโลก	礼拜场所	机翻	0	0
เทววิทยา	神学	机翻	0	0
เทวศ	国家	机翻	0	0
เทวษ	哀叹	机翻	0	0
เทวสถาน	神社	机翻	0	0
เทวะ	神圣的	机翻	0	0
เทวัญ	奇迹创造者	机翻	0	0
เทวัน	德万	机翻	0	0
เทวา	上帝	机翻	0	0
เทวาคาร	坛	机翻	0	0
เทวาลัย	寺庙	机翻	0	0
เทวี	公主	机翻	0	0
เทเวศ	特韦特	机翻	0	0
เทเวศร์	主权	机翻	0	0
เทเวศวร์	因陀罗	机翻	0	0
เทศกิจ	市政府	机翻	0	0
เทศน์	讲道	机翻	0	0
เทศน์แจง	传道	机翻	0	0
เทศนา	启发	机翻	0	0
เทศมนตรี	市议员	机翻	0	0
เทศาจาร	摩尔斯	机翻	0	0
เทห์	特赫	机翻	0	0
เท่ห์	凉爽的	机翻	0	0
เทหวัตถุ	体质	机翻	0	0
เทอญ	谢谢	机翻	0	0
เทอดทูน	崇拜	机翻	0	0
เทอม	学期	机翻	0	0
เทอเรซ	阳台	机翻	0	0
เทอะทะ	笨重	机翻	0	0
เท่ากัน	平等的	机翻	0	0
เท่ากับ	等于	机翻	0	0
เท้าแขน	括号	机翻	0	0
เท้าความ	脚注	机翻	0	0
เท้าคาง	下巴脚	机翻	0	0
เท้าคู้	弯曲桌腿	机翻	0	0
เท้าช้าง	象皮病	机翻	0	0
เท่าเดิม	和以前一样	机翻	0	0
เท่าใด	多少	机翻	0	0
เท่าตัว	双倍的	机翻	0	0
เท่าทัน	保持最新状态	机翻	0	0
เท่าที่	据，直到...为止	机翻	0	0
เท่าทุน	平价	机翻	0	0
เท้าไฟ	新鲜的脚	机翻	0	0
เท่าไร	多少	机翻	0	0
เท้าหน้า	前脚	机翻	0	0
เท้าหลัง	后足	机翻	0	0
เท่าไหน	多少？	机翻	0	0
เท้าเอว	腰脚	机翻	0	0
เทิดทูน	尊重	机翻	0	0
เทิบทาบ	松散地	机翻	0	0
เทียนไข	锥度	机翻	0	0
เทียนชัย	烛台	机翻	0	0
เทียนอบ	香薰蜡烛	机翻	0	0
เทียมถึง	人为地	机翻	0	0
เทียมฟ้า	人造天空	机翻	0	0
เทียมม้า	马具	机翻	0	0
เที่ยวหา	寻找	机翻	0	0
เทือกเขา	山脉	机翻	0	0
แท็ก	标签	机翻	0	0
แทงก์	坦克	机翻	0	0
แท้งค์	坦克	机翻	0	0
แทงใจ	在同一波长上	机翻	0	0
แทงใจดำ	刺入心脏	机翻	0	0
แทงตะไบ	刺穿文件	机翻	0	0
แทงทวย	赌很多	机翻	0	0
แทงบัญชี	账户下注	机翻	0	0
แท้งลูก	流产	机翻	0	0
แทงหยวก	雕刻香蕉茎髓	机翻	0	0
แทงหวย	买彩票下注	机翻	0	0
แทตย์	怪物	机翻	0	0
แทนค่า	而不是价值	机翻	0	0
แทนคุณ	为你	机翻	0	0
แทนเจนต์	切线	机翻	0	0
แทนทาลัม	钽	机翻	0	0
แทนที่	而不是	机翻	0	0
แทนที่จะ	而不是	机翻	0	0
แทนนิน	单宁	机翻	0	0
แท่นบูชา	坛	机翻	0	0
แท่นมณฑล	蒙顿平台	机翻	0	0
แท่นลา	驴架	机翻	0	0
แท่นหมึก	砚台	机翻	0	0
แทบตาย	差一点就死了	机翻	0	0
แทมพอน	卫生棉条	机翻	0	0
แทรกซอน	插入	机翻	0	0
แทรกซ้อน	并发症	机翻	0	0
แทรกซึม	浸润	机翻	0	0
แทรกตัว	插入你自己	机翻	0	0
แทรกโพน	插	机翻	0	0
แทลเลียม	铊	机翻	0	0
แทะเล็ม	蒙克	机翻	0	0
แทะโลม	法庭	机翻	0	0
โทกเทก	跷跷板	机翻	0	0
โทงเทง	不稳定地	机翻	0	0
โทโทษ	对不起	机翻	0	0
โทนโท่	凝视	机翻	0	0
โทเนอร์	爽肤水	机翻	0	0
โทพีกา	托皮卡	机翻	0	0
โทเฟิล	托菲尔	机翻	0	0
โทมนัส	悲伤	机翻	0	0
โทรโข่ง	扩音器	机翻	0	0
โทรจิต	心灵感应	机翻	0	0
โทรพิมพ์	电传打字机	机翻	0	0
โทรภาพ	照片通话	机翻	0	0
โทรมหญิง	违反	机翻	0	0
โทรลล์	巨魔	机翻	0	0
โทรเลข	电报	机翻	0	0
โทรสาร	传真	机翻	0	0
โทร่ห	称呼	机翻	0	0
โท่รห	对不起	机翻	0	0
โทรหา	称呼	机翻	0	0
โทรอนโต	多伦多	机翻	0	0
โทศก	托索克	机翻	0	0
โทษจำ	隔离	机翻	0	0
โทษทัณฑ์	惩罚	机翻	0	0
โทษเบา	轻判	机翻	0	0
โทษปรับ	美好的	机翻	0	0
โทษโพย	有罪	机翻	0	0
โทษหนัก	重罚	机翻	0	0
โทษะ	惩罚	机翻	0	0
โทษา	对不起	机翻	0	0
โทษาดิลก	灯笼	机翻	0	0
โทสะ	愤怒	机翻	0	0
โทโส	生气的	机翻	0	0
ไทกอ	太鼓	机翻	0	0
ไทญ้อ	泰约	机翻	0	0
ไทดำ	岱坝	机翻	0	0
ไทใต้คง	大大空	机翻	0	0
ไทเทรต	滴定	机翻	0	0
ไทเบิ้ง	泰崩	机翻	0	0
ไทเป	台北	机翻	0	0
ไทพวน	大平	机翻	0	0
ไทฟอยด์	伤寒	机翻	0	0
ไทยเดิ้ง	泰登	机翻	0	0
ไทยทาน	泰国菜	机翻	0	0
ไทยธรรม	泰法	机翻	0	0
ไทยมุง	泰国茅草	机翻	0	0
ไทยยาม	泰国卫兵	机翻	0	0
ไทยแลนด์	泰国	机翻	0	0
ไทยหลวง	泰銮	机翻	0	0
ไทยเหนือ	泰国北部	机翻	0	0
ไทยใหญ่	泰雅	机翻	0	0
ไทรทอง	榕树	机翻	0	0
ไทรอยด์	甲状腺	机翻	0	0
ไทลื้อ	泰略	机翻	0	0
ไทเหนือ	北台	机翻	0	0
ไทใหญ่	山	机翻	0	0
ไทเฮา	泰豪	机翻	0	0
ธ	钍	机翻	0	0
ธงจระเข้	鳄鱼旗	机翻	0	0
ธงฉาน	掸族旗帜	机翻	0	0
ธงชัย	通猜	机翻	0	0
ธงชาติ	国旗	机翻	0	0
ธงชาย	男旗	机翻	0	0
ธชี	塔奇	机翻	0	0
ธนบดี	塔纳博迪	机翻	0	0
ธนบุรี	吞武里	机翻	0	0
ธนสมบัติ	塔纳松巴特	机翻	0	0
ธนสาร	塔那桑	机翻	0	0
ธนาณัติ	命令	机翻	0	0
ธนานุบาล	财政部	机翻	0	0
ธนิต	塔尼特	机翻	0	0
ธนิษฐะ	塔尼莎	机翻	0	0
ธนิษฐา	塔尼莎	机翻	0	0
ธนุรมารค	达努拉马克	机翻	0	0
ธนุรเวท	达努吠陀	机翻	0	0
ธนู	射手	机翻	0	0
ธนูศิลป์	塔努辛	机翻	0	0
ธเนศวร	塔尼苏安	机翻	0	0
ธรณี	地质学	机翻	0	0
ธรณีมณฑล	地质学	机翻	0	0
ธรณีสงฆ์	寺院土地	机翻	0	0
ธรณีสาร	地球物质	机翻	0	0
ธรรม	公平的	机翻	0	0
ธรรมกถา	佛法开示	机翻	0	0
ธรรมกถึก	塔马卡图克	机翻	0	0
ธรรมกาย	法身	机翻	0	0
ธรรมการ	正法	机翻	0	0
ธรรมคุณ	法德	机翻	0	0
ธรรมจักร	法轮	机翻	0	0
ธรรมฐิติ	塔马蒂蒂	机翻	0	0
ธรรมธาดา	法性	机翻	0	0
ธรรมธาตุ	正法	机翻	0	0
ธรรมนาถ	塔玛纳特	机翻	0	0
ธรรมนิยม	法尼永	机翻	0	0
ธรรมนูญ	宪章	机翻	0	0
ธรรมบาล	坦马班	机翻	0	0
ธรรมบุตร	塔玛布特拉	机翻	0	0
ธรรมยุต	法马育	机翻	0	0
ธรรมราชา	塔玛拉贾	机翻	0	0
ธรรมะ	法	机翻	0	0
ธรรมาสน์	讲坛	机翻	0	0
ธรรมิก	正法	机翻	0	0
ธราดล	萨拉顿	机翻	0	0
ธราธร	塔拉通	机翻	0	0
ธราธิบดี	达罗提波提	机翻	0	0
ธวัช	塔瓦特	机翻	0	0
ธัญโกศ	塔尼亚瓮	机翻	0	0
ธัญเขต	坦亚吉特	机翻	0	0
ธัญชาติ	粮食	机翻	0	0
ธัญญาหาร	谷物	机翻	0	0
ธัญดัจ	丹达	机翻	0	0
ธัญเบญจก	本加克麦片	机翻	0	0
ธัญพืช	谷物	机翻	0	0
ธันวา	十二月	机翻	0	0
ธากา	达卡	机翻	0	0
ธาดา	萨达	机翻	0	0
ธาตุ	元素	机翻	0	0
ธาตุครรภ	服装元素	机翻	0	0
ธาตุแท้	真元	机翻	0	0
ธาตุสถูป	佛塔元素	机翻	0	0
ธาตุหนัก	重元素	机翻	0	0
ธานี	塔尼	机翻	0	0
ธารกำนัล	公益礼品	机翻	0	0
ธารณะ	民众	机翻	0	0
ธารา	塔拉	机翻	0	0
ธารายนต์	塔拉扬	机翻	0	0
ธำมรงค์	塔马隆	机翻	0	0
ธำรง	谭隆	机翻	0	0
ธิดา	女儿	机翻	0	0
ธิบดี	总统	机翻	0	0
ธิเบต	藏	机翻	0	0
ธีรภาพ	提拉帕	机翻	0	0
ธีรราช	提拉拉特	机翻	0	0
ธุดงค์	远足	机翻	0	0
ธุมเกตุ	杜姆凯特	机翻	0	0
ธุมเพลิง	火坑	机翻	0	0
ธุร	商业	机翻	0	0
ธุรการ	行政	机翻	0	0
ธุระ	商业	机翻	0	0
ธุลี	灰尘	机翻	0	0
ธุวภาค	图瓦帕	机翻	0	0
ธุวมณฑล	省	机翻	0	0
ธูปบาตร	钵钵香	机翻	0	0
ธูปฤษี	香蒲	机翻	0	0
ธูปฤๅษี	香蒲	机翻	0	0
โธวนะ	哇	机翻	0	0
โธ่เอ๊ย	天哪	机翻	0	0
น	n	机翻	0	0
นกกระจอก	麻雀	机翻	0	0
นกกระจาบ	莺	机翻	0	0
นกกระยาง	白鹭	机翻	0	0
นกกระสา	鹳	机翻	0	0
นกกะปูด	流言蜚语	机翻	0	0
นกกางปีก	鸟张开翅膀	机翻	0	0
นกเขา	鸽子	机翻	0	0
นกเขาแขก	鸟鸽子	机翻	0	0
นกเขาชวา	爪哇斑鸠	机翻	0	0
นกต่อ	鸟	机翻	0	0
นกปรอด	鹎	机翻	0	0
นกเป็ดผี	鷊鷉	机翻	0	0
นกโพระดก	鸟	机翻	0	0
นกยาง	白鹭	机翻	0	0
นกยูง	孔雀	机翻	0	0
นกร้า	诺克拉	机翻	0	0
นกสองหัว	两头鸟	机翻	0	0
นกแสก	角鸮	机翻	0	0
นกหวีด	哨	机翻	0	0
นขทารณ์	鹰	机翻	0	0
นขลิขิต	括号	机翻	0	0
นขเลขา	指甲染色	机翻	0	0
นคร	城市	机翻	0	0
นครนายก	那空那育	机翻	0	0
นครบาล	大都市的	机翻	0	0
นครปฐม	佛统府	机翻	0	0
นครพนม	那空帕农	机翻	0	0
นครรัฐ	城邦	机翻	0	0
นครลำปาง	那空南邦	机翻	0	0
นครลำภาง	那空南邦	机翻	0	0
นครวัด	吴哥窟	机翻	0	0
นครวาสี	公民	机翻	0	0
นครหลวง	首都	机翻	0	0
นครินทร์	中林	机翻	0	0
นเคนทร์	山之首领	机翻	0	0
นงคราญ	女孩	机翻	0	0
นงพะงา	美丽的女孩	机翻	0	0
นงเยาว์	美丽的女人	机翻	0	0
นงลักษณ์	农格拉克	机翻	0	0
นที	支流	机翻	0	0
นนตรา	马罗望子	机翻	0	0
นนท์	非	机翻	0	0
นนทบุรี	暖武里府	机翻	0	0
นบนอบ	看待	机翻	0	0
นพกะ	诺帕卡	机翻	0	0
นพเก้า	九颗宝石	机翻	0	0
นพคุณ	金子	机翻	0	0
นพนิต	澄清黄油	机翻	0	0
นพปฎล	诺帕多	机翻	0	0
นพรัตน์	诺帕拉特	机翻	0	0
นพศก	诺帕萨卡	机翻	0	0
นพศูล	九顶塔	机翻	0	0
นภจร	纳帕雄	机翻	0	0
นภดล	苍穹	机翻	0	0
นภมณฑล	气氛	机翻	0	0
นภศูล	塔顶	机翻	0	0
นภสินธุ์	星系	机翻	0	0
นภา	苍穹	机翻	0	0
นภาลัย	气氛	机翻	0	0
นมกล่อง	盒装牛奶	机翻	0	0
นมข้น	炼乳	机翻	0	0
นมข้าว	米浆	机翻	0	0
นมตาบอด	盲奶	机翻	0	0
นมตาสะแก	乳头突出的乳房	机翻	0	0
นมนาง	女士的乳房	机翻	0	0
นมนาน	远古的	机翻	0	0
นมผง	奶粉	机翻	0	0
นมผา	钟乳石	机翻	0	0
นมผึ้ง	蜂王浆	机翻	0	0
นมพวง	诺姆普昂	机翻	0	0
นมแมว	猫奶	机翻	0	0
นมไม้	木奶	机翻	0	0
นมระเหย	淡奶	机翻	0	0
นมสด	鲜牛奶	机翻	0	0
นมหนู	喷射	机翻	0	0
นมัสการ	崇拜	机翻	0	0
นร	学生	机翻	0	0
นรก	地狱	机翻	0	0
นรกอเวจี	地狱	机翻	0	0
นรกานต์	地狱	机翻	0	0
นรการ	那拉卡恩	机翻	0	0
นรชน	人们	机翻	0	0
นรชาติ	国籍	机翻	0	0
นรทา	那拉他	机翻	0	0
นรธา	那拉他	机翻	0	0
นรสีห์	伟大的战士	机翻	0	0
นราธิวาส	那拉提瓦	机翻	0	0
นราย	那井	机翻	0	0
นริศ	监督	机翻	0	0
นริศร	皇帝	机翻	0	0
นเรศ	鼻孔	机翻	0	0
นเรศวร	霸王	机翻	0	0
นฤคหิต	纳鲁基特	机翻	0	0
นฤดม	最强	机翻	0	0
นฤตยศาลา	舞厅	机翻	0	0
นฤเทพ	皇帝	机翻	0	0
นฤบดินทร	纳鲁博丁通	机翻	0	0
นฤบดี	纳鲁博迪	机翻	0	0
นฤบาล	皇帝	机翻	0	0
นฤเบศ	国王	机翻	0	0
นฤป	皇帝	机翻	0	0
นฤปนีติ	国策	机翻	0	0
นฤปเวศม์	法庭	机翻	0	0
นฤปัตนี	皇后	机翻	0	0
นฤพาน	救恩	机翻	0	0
นฤมล	完美无瑕	机翻	0	0
นฤมิต	创建	机翻	0	0
นลาฎ	那拉特	机翻	0	0
นว	新的	机翻	0	0
นวกรรมิก	构造函数	机翻	0	0
นวชาต	新的	机翻	0	0
นวดข้าว	脱粒	机翻	0	0
นวดแป้ง	脱粒面粉	机翻	0	0
นวดฟั้น	擦下来	机翻	0	0
นวทวาร	纳瓦德瓦拉	机翻	0	0
นวนิยาย	小说	机翻	0	0
นวปฎล	九层的存在	机翻	0	0
นวพธู	纳瓦普图	机翻	0	0
นวยนาด	优美	机翻	0	0
นวลใย	暖艾	机翻	0	0
นวลระหง	身材好	机翻	0	0
นวลลออ	漂亮女仆	机翻	0	0
นวลละออง	容光焕发的肤色	机翻	0	0
นวลหง	美丽的女孩	机翻	0	0
น็อก	敲	机翻	0	0
นอกกาย	体外	机翻	0	0
นอกเกม	游戏之外	机翻	0	0
นอกครู	老师之外	机翻	0	0
นอกคอก	反对	机翻	0	0
นอกจาก	除了	机翻	0	0
นอกใจ	通奸	机翻	0	0
นอกชาน	门廊	机翻	0	0
นอกตำรา	非传统的	机翻	0	0
นอกถนน	越野	机翻	0	0
นอกทาง	不碍事	机翻	0	0
นอกนั้น	除此之外	机翻	0	0
นอกบ้าน	屋外	机翻	0	0
นอกบาลี	巴厘岛以外	机翻	0	0
นอกเมือง	出城	机翻	0	0
นอกรอบ	圈外	机翻	0	0
นอกรีต	偏心	机翻	0	0
นอกฤดู	淡季	机翻	0	0
นอกเวลา	兼职	机翻	0	0
นอกศาสนา	异教徒	机翻	0	0
นอกสมรส	婚外	机翻	0	0
นอกสารบบ	在注册表之外	机翻	0	0
นอกเหนือ	分开	机翻	0	0
น็อค	敲	机翻	0	0
น้องเขย	小舅子	机翻	0	0
นองเนือง	丰富	机翻	0	0
น่องแน่ง	连接	机翻	0	0
น้องผัว	小舅子	机翻	0	0
น้องเพล	农佩尔	机翻	0	0
น้องเมีย	农妻	机翻	0	0
น้องรหัส	农码	机翻	0	0
นองเลือด	血淋淋的	机翻	0	0
นองหน้า	泪流满面	机翻	0	0
น้องใหม่	新生	机翻	0	0
นอต	坚果	机翻	0	0
นอนก้น	定居	机翻	0	0
นอนกิน	变得富有	机翻	0	0
นอนขด	蜷缩起来	机翻	0	0
นอนคว่ำ	俯卧	机翻	0	0
นอนค้าง	过夜	机翻	0	0
นอนเจ็บ	睡觉都疼	机翻	0	0
นอนใจ	放心	机翻	0	0
นอนซม	卧床不起	机翻	0	0
นอนตะแคง	躺在你身边	机翻	0	0
นอนตาย	躺着死了	机翻	0	0
นอนนก	睡鸟	机翻	0	0
นอนมา	我睡了	机翻	0	0
นอนโรง	过夜	机翻	0	0
นอนลง	躺	机翻	0	0
นอนละเมอ	梦游	机翻	0	0
นอนเล่น	躺下玩	机翻	0	0
นอนวัน	睡一整天	机翻	0	0
นอนเวร	值夜班	机翻	0	0
นอนหงาย	仰卧	机翻	0	0
นอนหลับ	睡觉	机翻	0	0
นอบนบ	弓	机翻	0	0
นอบน้อม	谦逊的	机翻	0	0
น้อมตัว	跪拜	机翻	0	0
น้อมนำ	诱发	机翻	0	0
น้อยกว่า	较少的	机翻	0	0
น้อยแง่	一点点	机翻	0	0
น็อยชตัท	诺伊施塔特	机翻	0	0
นอยด์	诺伊德	机翻	0	0
น้อยลง	较少的	机翻	0	0
น้อยหน่า	番荔枝	机翻	0	0
น้อยหน้า	微不足道	机翻	0	0
นอร์เวย์	挪威	机翻	0	0
นักกวี	诗人	机翻	0	0
นักกอล์ฟ	高尔夫球手	机翻	0	0
นักการ	经理	机翻	0	0
นักกิน	美食家	机翻	0	0
นักขัต	恒星	机翻	0	0
นักขับรถ	司机	机翻	0	0
นักคิด	思想家	机翻	0	0
นักเคมี	化学家	机翻	0	0
นักฆ่า	刺客	机翻	0	0
นักโฆษณา	广告商	机翻	0	0
นักจี้	劫机者	机翻	0	0
นักซิ่ง	赛车手	机翻	0	0
นักแซ้ง	预告片	机翻	0	0
นักดนตรี	音乐家	机翻	0	0
นักดำน้ำ	潜水员	机翻	0	0
นักดื่ม	饮酒者	机翻	0	0
นักตกปลา	钓鱼者	机翻	0	0
นักตบ	拍打者	机翻	0	0
นักต้ม	骗子	机翻	0	0
นักเต้น	舞蹈家	机翻	0	0
นักเตะ	足球运动员	机翻	0	0
นักทำ	创客	机翻	0	0
นักเทศ	牧师	机翻	0	0
นักเทศน์	牧师	机翻	0	0
นักโทษ	囚犯	机翻	0	0
นักธรรม	神学家	机翻	0	0
นักบวช	牧师	机翻	0	0
นักบิน	飞行员	机翻	0	0
นักบุญ	圣	机翻	0	0
นักปล้น	强盗	机翻	0	0
นักพนัน	赌徒	机翻	0	0
นักพรต	苦行者	机翻	0	0
นักพากย์	配音演员	机翻	0	0
นักพูด	说话者	机翻	0	0
นักภาษา	语言学家	机翻	0	0
นักมวย	拳击手	机翻	0	0
นักรบ	战士	机翻	0	0
นักรัก	情人	机翻	0	0
นักล่า	猎人	机翻	0	0
นักเลง	流氓	机翻	0	0
นักเลงโต	大流氓	机翻	0	0
นักวิ่ง	跑步者	机翻	0	0
นักษัตร	星座	机翻	0	0
นักสกี	滑雪者	机翻	0	0
นักสเกต	溜冰者	机翻	0	0
นักสเก็ต	溜冰者	机翻	0	0
นักสนม	后宫	机翻	0	0
นักสราช	旗手	机翻	0	0
นักสวด	吟唱者	机翻	0	0
นักสัตว	动物学家	机翻	0	0
นักสืบ	侦探	机翻	0	0
นักหนา	厚的	机翻	0	0
นักองค์	翁吉斯特	机翻	0	0
นักอ่าน	读者	机翻	0	0
นั่งซัง	坐在棒子上	机翻	0	0
นั่งทาง	骑在路上	机翻	0	0
นั่งปรก	静坐	机翻	0	0
นั่งโป่ง	坐在一个凸起上	机翻	0	0
นั่งร้าน	脚手架	机翻	0	0
นั่งราว	坐在栏杆上	机翻	0	0
นั่งลง	坐下	机翻	0	0
นั่งเล่น	坐着玩	机翻	0	0
นั่งห้าง	坐在商场里	机翻	0	0
นัดดา	孙子	机翻	0	0
นัดแนะ	预约	机翻	0	0
นัดบอด	相亲	机翻	0	0
นัดพบ	见面	机翻	0	0
นัดพร้อม	预约就绪	机翻	0	0
นัดยิ้ม	微笑	机翻	0	0
นัตถุ์	鼻器官	机翻	0	0
นั่นไง	就是这样	机翻	0	0
นั่นซี	就是这样	机翻	0	0
นันท์	南	机翻	0	0
นั่นปะไร	那里	机翻	0	0
นั่นสิ	就是这样	机翻	0	0
นั่นแหละ	那！	机翻	0	0
นั้นแหละ	就是这样	机翻	0	0
นั่นเอง	那里	机翻	0	0
นับคะแนน	统计票数	机翻	0	0
นับแต่	自从	机翻	0	0
นับถือ	尊重	机翻	0	0
นับประสา	更不用说	机翻	0	0
นับวัน	数着日子	机翻	0	0
นับว่า	数过的	机翻	0	0
นัมเบอร์	数字	机翻	0	0
นัยน์	眼睛	机翻	0	0
นัยน์ตา	眼睛	机翻	0	0
นัยนา	眼睛	机翻	0	0
นัยนามพุ	撕	机翻	0	0
นัยยะ	影响	机翻	0	0
นัยว่า	据称	机翻	0	0
นัวเนีย	荷叶边	机翻	0	0
นากสวาด	蓝灰色	机翻	0	0
นากหญ้า	草水獭	机翻	0	0
น่ากิน	可口	机翻	0	0
นาเกลือ	盐田	机翻	0	0
น่าขนลุก	爬行	机翻	0	0
น่าขบขัน	有趣	机翻	0	0
น่าขัน	荒谬的	机翻	0	0
น่าขำ	有趣的	机翻	0	0
นาคทนต์	象牙	机翻	0	0
น่าคบหา	讨人喜欢	机翻	0	0
นาคบาศ	纳加巴特	机翻	0	0
นาคปรก	纳迦·普罗克	机翻	0	0
นาคปัก	娜迦的姿势	机翻	0	0
นาคร	娜迦	机翻	0	0
นาคราช	蛇王	机翻	0	0
นาควิถี	纳加维迪	机翻	0	0
น่าคิด	想想很有趣	机翻	0	0
นาคินทร์	象王	机翻	0	0
นาคี	纳基	机翻	0	0
นาเคศ	纳加斯	机翻	0	0
นาเคศวร	纳迦之王	机翻	0	0
น่าเคารพ	可敬	机翻	0	0
นางกวัก	南郭	机翻	0	0
นางกำนัล	伴娘	机翻	0	0
นางงาม	女王	机翻	0	0
นางเงือก	美人鱼	机翻	0	0
นางจรัล	柱廊	机翻	0	0
นางชม	西番莲	机翻	0	0
นางท้าว	涛夫人	机翻	0	0
นางนกต่อ	南诺托	机翻	0	0
นางนวล	鸥	机翻	0	0
นางใน	女士在	机翻	0	0
นางบำเรอ	后宫	机翻	0	0
นางแบบ	模型	机翻	0	0
นางพญา	女王	机翻	0	0
นางพระยา	南披耶	机翻	0	0
นางฟ้า	天使	机翻	0	0
นางไม้	若虫	机翻	0	0
นางรม	女士	机翻	0	0
นางรอง	容夫人	机翻	0	0
นางเรียง	囊良	机翻	0	0
นางละคร	戏剧女士	机翻	0	0
นางเล็ด	南领导	机翻	0	0
นางเลิ้ง	南隆	机翻	0	0
นางโลม	她引诱	机翻	0	0
นางสนม	妾	机翻	0	0
นางสาว	错过	机翻	0	0
นางห้าม	她禁止	机翻	0	0
นางอ้อม	奥姆小姐	机翻	0	0
นางอาย	懒猴	机翻	0	0
นางเอก	女主角	机翻	0	0
นาโงยะ	名古屋	机翻	0	0
น่าใจหาย	令人震惊	机翻	0	0
น่าชม	值得一看	机翻	0	0
น่าชมเชย	值得称赞的	机翻	0	0
น่าชัง	讨厌的	机翻	0	0
น้าชาย	叔叔	机翻	0	0
น่าเชื่อ	令人信服	机翻	0	0
นาซา	美国宇航局	机翻	0	0
นาซี	纳粹	机翻	0	0
นาฎกรรม	舞蹈	机翻	0	0
นาฏกรรม	戏剧作品	机翻	0	0
นาฏดนตรี	音乐剧	机翻	0	0
นาฏราช	纳塔拉贾	机翻	0	0
นาฏศิลป์	舞蹈	机翻	0	0
นาดำ	黑稻田	机翻	0	0
น่าดู	值得一看	机翻	0	0
นาโต	北约	机翻	0	0
นาโต้	北约	机翻	0	0
น่าทึ่ง	惊人的	机翻	0	0
นานโข	许久	机翻	0	0
น่านเจ้า	南超	机翻	0	0
นานนม	永远地	机翻	0	0
น่านน้ำ	水域	机翻	0	0
น่านฟ้า	空域	机翻	0	0
นานัปการ	不同地	机翻	0	0
นานา	很多的	机翻	0	0
นานาเนก	不同地	机翻	0	0
นาโนเมตร	纳米	机翻	0	0
นาบข้าว	稻田	机翻	0	0
นาปรัง	反季节米饭	机翻	0	0
นาปี	稻田	机翻	0	0
น่าแปลก	奇怪的	机翻	0	0
น่าพอใจ	满意	机翻	0	0
น่าพิศวง	惊人的	机翻	0	0
นาฟตา	北美自由贸易协定	机翻	0	0
นาฟต้า	北美自由贸易协定	机翻	0	0
น่าฟัง	值得一听	机翻	0	0
นาฟางลอย	留茬面积	机翻	0	0
นาภี	肠子	机翻	0	0
น่ามคาน	这是值得的	机翻	0	0
นามธรรม	抽象的	机翻	0	0
นามนัย	名词	机翻	0	0
นามบัตร	卡片	机翻	0	0
นามปากกา	笔名	机翻	0	0
นามแฝง	别名	机翻	0	0
นามวลี	名词短语	机翻	0	0
นามสกุล	姓	机翻	0	0
นามสมญา	昵称	机翻	0	0
น่ามอง	很高兴看到	机翻	0	0
นามิเบีย	纳米比亚	机翻	0	0
นาเมือง	城市领域	机翻	0	0
นายก	总理	机翻	0	0
นายกฯ	总理	机翻	0	0
นายงาน	监工	机翻	0	0
นายช่าง	技术员	机翻	0	0
นายด่าน	担	机翻	0	0
นายตรวจ	检查员	机翻	0	0
นายทวาร	守门员	机翻	0	0
นายทหาร	军官	机翻	0	0
นายท่า	港务长	机翻	0	0
นายท้าย	舵手	机翻	0	0
นายทุน	资本家	机翻	0	0
นายธง	军旗	机翻	0	0
นายแบบ	模型	机翻	0	0
นายพราน	猎人	机翻	0	0
นายพล	一般的	机翻	0	0
นายพัน	上校	机翻	0	0
นายแพทย์	医生	机翻	0	0
นายร้อย	学员	机翻	0	0
นายเรือ	船夫	机翻	0	0
นายโรง	荣先生	机翻	0	0
นายเวร	值班人员	机翻	0	0
นายสถานี	站长	机翻	0	0
นายหน้า	经纪人	机翻	0	0
นายห้าง	店主	机翻	0	0
นายใหญ่	大老板	机翻	0	0
นายอากร	税务官	机翻	0	0
นายอำเภอ	长官	机翻	0	0
นายิกา	女主席	机翻	0	0
น่ายินดี	令人愉快的	机翻	0	0
นารท	那拉特	机翻	0	0
นารทะ	那拉他	机翻	0	0
น่าระอา	那真令人恶心	机翻	0	0
นาราย	那井	机翻	0	0
นารายณ์	那井	机翻	0	0
นารายน์	那井	机翻	0	0
น่ารำคาญ	恼人的	机翻	0	0
นารี	女孩	机翻	0	0
นารีผล	纳里弗尔	机翻	0	0
น่ารู้	很高兴知道	机翻	0	0
น่าลุ้น	有趣的	机翻	0	0
นาวา	方舟	机翻	0	0
นาวาตรี	少校	机翻	0	0
นาวาโท	中尉	机翻	0	0
นาวาเอก	队长	机翻	0	0
นาวิก	海军	机翻	0	0
น่าวิตก	令人担忧	机翻	0	0
นาวิน	水手	机翻	0	0
นาวี	海军	机翻	0	0
น่าเวทนา	可怜	机翻	0	0
น่าไว้ใจ	值得信赖	机翻	0	0
น่าเศร้า	伤心	机翻	0	0
น่าสงสาร	可怜	机翻	0	0
น่าสน	有趣的	机翻	0	0
น่าสนุก	看起来很有趣	机翻	0	0
น่าสมเพช	可怜的	机翻	0	0
น่าสลดใจ	悲惨	机翻	0	0
นาสวน	花园领域	机翻	0	0
น้าสะใภ้	姑姑	机翻	0	0
น้าสาว	阿姨	机翻	0	0
นาสิก	鼻腔	机翻	0	0
น่าหดหู่	沉闷	机翻	0	0
นาหว่าน	播种田	机翻	0	0
น่าอนาถ	悲惨的	机翻	0	0
น่าอยู่	居住的好地方	机翻	0	0
น่าอร่อย	可口的	机翻	0	0
น่าอัปยศ	可耻	机翻	0	0
น่าอ่าน	值得一读	机翻	0	0
น่าอาย	尴尬	机翻	0	0
น่าอิจฉา	令人羡慕	机翻	0	0
นาอูรู	瑙鲁	机翻	0	0
น่าฮัก	太有趣了	机翻	0	0
น้ำกรด	酸	机翻	0	0
น้ำกร่อย	苦咸水	机翻	0	0
น้ำกลั่น	蒸馏水	机翻	0	0
น้ำกะทิ	椰奶	机翻	0	0
น้ำกาม	精液	机翻	0	0
น้ำกิน	饮用水	机翻	0	0
น้ำเกลือ	盐水	机翻	0	0
น้ำเกิด	出生水	机翻	0	0
น้ำแกง	咖喱酱	机翻	0	0
น้ำขวด	瓶装水	机翻	0	0
น้ำขาว	米酒	机翻	0	0
น้ำข้าว	煮米水	机翻	0	0
น้ำครำ	废水	机翻	0	0
น้ำคร่ำ	羊水	机翻	0	0
น้ำคัน	痒水	机翻	0	0
น้ำค้าง	露	机翻	0	0
น้ำคำ	南康	机翻	0	0
น้ำเค็ม	盐水	机翻	0	0
น้ำเคย	磷虾水	机翻	0	0
น้ำเงิน	蓝色的	机翻	0	0
น้ำจัณฑ์	尖竹汶府果汁	机翻	0	0
นำจับ	抓住	机翻	0	0
น้ำจิ้ม	酱	机翻	0	0
น้ำจืด	淡水	机翻	0	0
น้ำใจ	仁慈	机翻	0	0
น้ำชา	茶	机翻	0	0
น้ำชุบ	电镀浸液	机翻	0	0
น้ำเชื้อ	精液	机翻	0	0
น้ำซับ	毛细管水	机翻	0	0
น้ำซึม	水渗出	机翻	0	0
น้ำด่าง	碱液	机翻	0	0
น้ำดิบ	未经处理的水	机翻	0	0
น้ำดี	胆汁	机翻	0	0
น้ำดื่ม	饮用水	机翻	0	0
นำโด่ง	领导	机翻	0	0
น้ำต้ม	开水	机翻	0	0
น้ำตา	撕	机翻	0	0
น้ำตาย	尼亚普	机翻	0	0
น้ำตาไหล	泪流满面	机翻	0	0
น้ำเต้า	蠡	机翻	0	0
น้ำแตก	暨	机翻	0	0
น้ำทรง	南松	机翻	0	0
น้ำทะเล	海水	机翻	0	0
น้ำท่า	蛙泳	机翻	0	0
นำทาง	导航	机翻	0	0
น้ำทิ้ง	废水	机翻	0	0
น้ำทิพย์	花蜜	机翻	0	0
นำเที่ยว	指导	机翻	0	0
น้ำนม	牛奶	机翻	0	0
น้ำนิ่ง	死水	机翻	0	0
น้ำเน่า	污水	机翻	0	0
น้ำบาดาล	地下水	机翻	0	0
น้ำป่า	白内障	机翻	0	0
น้ำปูนใส	清澈的石灰水	机翻	0	0
นำไปใช้	申请	机翻	0	0
นำไปสู่	导致	机翻	0	0
น้ำผลึก	结晶水	机翻	0	0
น้ำผึ้ง	蜂蜜	机翻	0	0
น้ำฝน	雨水	机翻	0	0
นำพา	带领	机翻	0	0
น้ำฟ้า	蓝色的水	机翻	0	0
น้ำมนต์	圣水	机翻	0	0
น้ำมนตร์	圣水	机翻	0	0
น้ำมะนาว	柠檬汁	机翻	0	0
น้ำมัน	油	机翻	0	0
น้ำมันงา	香油	机翻	0	0
น้ำมันรถ	汽车油	机翻	0	0
น้ำมันสน	松节油	机翻	0	0
นำมา	带来	机翻	0	0
นำมาใช้	投入使用	机翻	0	0
นำมาซึ่ง	实现	机翻	0	0
น้ำมือ	手	机翻	0	0
น้ำมูก	鼻涕	机翻	0	0
น้ำย่อย	胃液	机翻	0	0
น้ำยา	解决方案	机翻	0	0
น้ำยาง	乳胶	机翻	0	0
น้ำเย็น	冷水	机翻	0	0
นำร่อง	飞行员	机翻	0	0
น้ำร้อน	热水	机翻	0	0
น้ำแร่	矿泉水	机翻	0	0
น้ำลาย	唾液	机翻	0	0
น้ำลายสอ	你流口水了	机翻	0	0
น้ำลายหก	流口水	机翻	0	0
น้ำลำไย	龙眼汁	机翻	0	0
นำลิ่ว	领导	机翻	0	0
น้ำแล้ง	干水	机翻	0	0
น้ำวน	漩涡	机翻	0	0
น้ำส้ม	橙汁	机翻	0	0
นำสมัย	现代的	机翻	0	0
น้ำสะอาด	干净的水	机翻	0	0
น้ำสังข์	祝福之水	机翻	0	0
นำสืบ	证明	机翻	0	0
น้ำเสียง	语气	机翻	0	0
นำแสดง	主演	机翻	0	0
น้ำหนวก	耳漏	机翻	0	0
นำหน้า	带领	机翻	0	0
น้ำหน้า	脸	机翻	0	0
น้ำหนึ่ง	南努恩	机翻	0	0
น้ำหมึก	墨水	机翻	0	0
น้ำหลาก	洪水	机翻	0	0
น้ำอบ	南奥布	机翻	0	0
น้ำอสุจิ	精液	机翻	0	0
น้ำอ่อน	软水	机翻	0	0
น้ำอำพัน	琥珀水	机翻	0	0
นิกเกิล	镍	机翻	0	0
นิกรอยด์	黑人	机翻	0	0
นิกาย	教派	机翻	0	0
นิโกร	黑人	机翻	0	0
นิคม	沉降	机翻	0	0
นิคหิต	尼基特	机翻	0	0
นิโคเซีย	尼科西亚	机翻	0	0
นิโคติน	尼古丁	机翻	0	0
นิ่งงัน	难住了	机翻	0	0
นิ่งเฉย	保持安静	机翻	0	0
นิ่งแน่	一动不动	机翻	0	0
นิ่งอึ้ง	目瞪口呆	机翻	0	0
นิจศีล	不断地	机翻	0	0
นิจสิน	尼贾辛	机翻	0	0
นิดเดียว	一点	机翻	0	0
นิดหน่อย	一点	机翻	0	0
นิดหนึ่ง	几分钟	机翻	0	0
นิตย์	永远地	机翻	0	0
นิติ	法律	机翻	0	0
นิติกรณ์	法律专家	机翻	0	0
นิติธรรม	法治	机翻	0	0
นิติภาวะ	年龄	机翻	0	0
นิติรัฐ	合法国家	机翻	0	0
นิติเวช	法医学	机翻	0	0
นิทรรศ	展览	机翻	0	0
นิทรา	睡眠	机翻	0	0
นิทาน	小说	机翻	0	0
นิธิ	尼迪	机翻	0	0
นินจา	忍者	机翻	0	0
นินทา	闲话	机翻	0	0
นิบาต	尼帕塔	机翻	0	0
นิพนธ์	论文	机翻	0	0
นิพพาน	涅槃	机翻	0	0
นิมนต์	邀请函	机翻	0	0
นิมิต	想象	机翻	0	0
นิยม	受欢迎的	机翻	0	0
นิยาย	小说	机翻	0	0
นิร	尼尔	机翻	0	0
นิรคุณ	忘恩负义	机翻	0	0
นิรทุกข์	难以忍受的	机翻	0	0
นิรโทษ	免于内疚	机翻	0	0
นิรนาม	无名	机翻	0	0
นิรภัย	安全	机翻	0	0
นิรมิต	尼拉米特	机翻	0	0
นิรยะ	尼拉亚	机翻	0	0
นิรันดร	永恒	机翻	0	0
นิรุกติ	语言	机翻	0	0
นิลกาฬ	尼拉坎	机翻	0	0
นิ้วกลาง	中指	机翻	0	0
นิ้วก้อย	小指	机翻	0	0
นิ้วชี้	食指	机翻	0	0
นิวเดลี	新德里	机翻	0	0
นิวต์	蝾螈	机翻	0	0
นิวตรอน	中子	机翻	0	0
นิ้วนาง	无名指	机翻	0	0
นิ้วโป้ง	拇指	机翻	0	0
นิวยอร์ก	纽约	机翻	0	0
นิ่วหน้า	皱眉	机翻	0	0
นิเวศน์	生态系统	机翻	0	0
นิศาบดี	尼萨布迪	机翻	0	0
นิสิต	学生	机翻	0	0
นีติกรรม	法律行为	机翻	0	0
นีวเว	纽埃	机翻	0	0
นี่แหละ	这！	机翻	0	0
นี้แหละ	就是这样	机翻	0	0
นีออน	氖	机翻	0	0
นี่เอง	就是这样	机翻	0	0
นึกคิด	想象	机翻	0	0
นึกดู	想一想	机翻	0	0
นึกได้	我能想到	机翻	0	0
นึกถึง	想到	机翻	0	0
นึกในใจ	在心里想想	机翻	0	0
นึกฝัน	想象	机翻	0	0
นึกย้อน	回想一下	机翻	0	0
นึกไว้	请记住这一点	机翻	0	0
นึกหวัง	我希望	机翻	0	0
นึกเห็น	想象	机翻	0	0
นึกออก	记起	机翻	0	0
นุงถุง	迷宫	机翻	0	0
นุงนัง	迷茫地	机翻	0	0
นุ่งห่ม	穿衣服的	机翻	0	0
นุ่มนิ่ม	蓬松的	机翻	0	0
นู๋	努	机翻	0	0
นูนาวุต	努纳武特地区	机翻	0	0
นูอากชอต	努瓦克肖特	机翻	0	0
เน็กไท	领带	机翻	0	0
เนคเทค	内科泰克	机翻	0	0
เน็คไท	领带	机翻	0	0
เนตร	眼睛	机翻	0	0
เนตรนารี	女童子军	机翻	0	0
เน้นหนัก	强调	机翻	0	0
เนบิวลา	星云	机翻	0	0
เนแบรสกา	内布拉斯加州	机翻	0	0
เนปจูน	海王星	机翻	0	0
เนปยีดอ	内比都	机翻	0	0
เนปาล	尼泊尔	机翻	0	0
เนปีดอ	内比都	机翻	0	0
เนมสเปซ	名称空间	机翻	0	0
เนยโกโก้	可可脂	机翻	0	0
เนยขาว	起酥油	机翻	0	0
เนยแข็ง	奶酪	机翻	0	0
เนยถั่ว	花生酱	机翻	0	0
เนยเทียม	人造黄油	机翻	0	0
เนยสด	新鲜黄油	机翻	0	0
เนยใส	酥油	机翻	0	0
เนรคุณ	忘恩负义	机翻	0	0
เนรเทศ	外籍人士	机翻	0	0
เนรมิต	发明	机翻	0	0
เนวาดา	内华达州	机翻	0	0
เนาว	现在	机翻	0	0
เน่าหนอน	蠕虫腐烂	机翻	0	0
เนินทราย	沙丘	机翻	0	0
เนิ่นนาน	很长一段时间	机翻	0	0
เนิบนาบ	悠闲	机翻	0	0
เนื้อคู่	灵魂伴侣	机翻	0	0
เนืองนิจ	经常	机翻	0	0
เนื้องอก	瘤	机翻	0	0
เนื้อแดง	红肉	机翻	0	0
เนื้อตัว	躯干	机翻	0	0
เนื้อที่	区域	机翻	0	0
เนื้อแท้	固有的	机翻	0	0
เนื้อผ้า	织物	机翻	0	0
เนื้อไม้	木头	机翻	0	0
แน่แก่ใจ	我敢肯定	机翻	0	0
แน่จริง	确实	机翻	0	0
แน่ชัด	精确的	机翻	0	0
แน่เทียว	确实	机翻	0	0
แน่นขนัด	收集	机翻	0	0
แน่นแฟ้น	稳定地	机翻	0	0
แน่นหนา	紧紧	机翻	0	0
แน่นิ่ง	稳定的	机翻	0	0
แนบข้าง	旁边	机翻	0	0
แนบชิด	关闭	机翻	0	0
แนบติด	随附的	机翻	0	0
แนบท้าย	随附的	机翻	0	0
แนบเนื้อ	皮肤接触	机翻	0	0
แนบแน่น	密不可分地	机翻	0	0
แนบสนิท	紧密相连	机翻	0	0
แนบอก	靠近胸部	机翻	0	0
แนวการรบ	战线	机翻	0	0
แนวเขต	边界	机翻	0	0
แนวเขา	山脉	机翻	0	0
แนวดิ่ง	垂直的	机翻	0	0
แนวตรง	直线	机翻	0	0
แนวตั้ง	垂直的	机翻	0	0
แนวนอน	水平的	机翻	0	0
แนวไพร	私人风格	机翻	0	0
แนวไม้	木线	机翻	0	0
แนวรบ	正面	机翻	0	0
แนวร่วม	联盟	机翻	0	0
แนวราบ	水平的	机翻	0	0
แนวหน้า	先锋队	机翻	0	0
แนวหลัง	后部	机翻	0	0
โน้ตเพลง	音乐	机翻	0	0
โนเนม	无名	机翻	0	0
โน้มตัว	俯身	机翻	0	0
โน้มถ่วง	重力	机翻	0	0
ในการนี้	在这个	机翻	0	0
ในขณะที่	尽管	机翻	0	0
ในเครือ	附属	机翻	0	0
ในแง่	就条款而言	机翻	0	0
ในแง่ที่	从某种意义上说	机翻	0	0
ในใจ	铭记于心	机翻	0	0
ในทันที	立即地	机翻	0	0
ในที่นี้	在这个地方	机翻	0	0
ในนาม	以名义	机翻	0	0
ในนามของ	代表	机翻	0	0
ในประเทศ	在国内	机翻	0	0
ในเมือง	在城市里	机翻	0	0
ในไม่ช้า	很快	机翻	0	0
ในสังกัด	在下面	机翻	0	0
ในไส้	在肠道里	机翻	0	0
ในหลวง	国王	机翻	0	0
ในอนาคต	未来	机翻	0	0
ไนจีเรีย	尼日利亚	机翻	0	0
ไนเจอร์	尼日尔	机翻	0	0
ไนต์คลับ	夜总会	机翻	0	0
ไนโตรเจน	氮	机翻	0	0
ไนท์คลับ	夜总会	机翻	0	0
ไนโรบี	内罗毕	机翻	0	0
ไนล่อน	尼龙	机翻	0	0
บ	乙	机翻	0	0
บ่	不	机翻	0	0
บงกช	莲花	机翻	0	0
บงการ	听写	机翻	0	0
บ่งชัด	明确指出	机翻	0	0
บ่งชี้	表明	机翻	0	0
บ่งบอก	表明	机翻	0	0
บงสุกุล	佛教徒画的黄袍	机翻	0	0
บดบัง	朦胧	机翻	0	0
บดินทร	博丁德拉德巴亚瓦朗昆	机翻	0	0
บดินทร์	博丹	机翻	0	0
บดี	导演	机翻	0	0
บดีพรต	忠于丈夫的女人	机翻	0	0
บทกวี	诗	机翻	0	0
บทนำ	介绍	机翻	0	0
บทพูด	对话	机翻	0	0
บทเพลง	歌曲	机翻	0	0
บทร้อง	歌词	机翻	0	0
บทละคร	戏剧	机翻	0	0
บทสรุป	结论	机翻	0	0
บนบาน	发誓	机翻	0	0
บนสุด	顶部	机翻	0	0
บพิตร	博菲特	机翻	0	0
บ่มผิว	治愈皮肤	机翻	0	0
บ่มิไก๊	不，不	机翻	0	0
บรเทศ	国家	机翻	0	0
บรม	拱	机翻	0	0
บรมราชา	博罗马拉贾	机翻	0	0
บรมสุข	博罗姆苏克	机翻	0	0
บรรจบ	见面	机翻	0	0
บรรจวบ	加入	机翻	0	0
บรรเจิด	美化	机翻	0	0
บรรณ	编辑	机翻	0	0
บรรณาการ	贡	机翻	0	0
บรรดา	那些	机翻	0	0
บรรทม	睡觉	机翻	0	0
บรรทัด	线	机翻	0	0
บรรทุก	卡车	机翻	0	0
บรรเทิง	娱乐	机翻	0	0
บรรพ	祖先	机翻	0	0
บรรพ์	东	机翻	0	0
บรรพชิต	僧	机翻	0	0
บรรพภาค	祖先	机翻	0	0
บรรยากาศ	气氛	机翻	0	0
บรรลัย	坍塌	机翻	0	0
บรรเลง	玩	机翻	0	0
บรรษัท	公司	机翻	0	0
บรรหาร	战斗	机翻	0	0
บรอกโคลี	西兰花	机翻	0	0
บรั่นดี	白兰地	机翻	0	0
บรัยส์	挫伤	机翻	0	0
บราซิล	巴西	机翻	0	0
บราวนี่	核仁巧克力饼	机翻	0	0
บริกรรม	服务	机翻	0	0
บริจาค	捐	机翻	0	0
บริดจ์	桥	机翻	0	0
บริติช	英国人	机翻	0	0
บริเตน	英国	机翻	0	0
บริบาล	关心	机翻	0	0
บริบูรณ์	完全的	机翻	0	0
บริภาษ	草原	机翻	0	0
บริวาร	卫星	机翻	0	0
บรู	布鲁	机翻	0	0
บรูไน	文莱	机翻	0	0
บลัชออน	脸红	机翻	0	0
บวงสรวง	牺牲	机翻	0	0
บวชเรียน	按立	机翻	0	0
บวร	鲍文	机翻	0	0
บอกกล่าว	通知	机翻	0	0
บอกข่าว	告诉新闻	机翻	0	0
บอกคำบอก	说出听写	机翻	0	0
บอกชื่อ	告诉我你的名字	机翻	0	0
บอกบท	说说剧本	机翻	0	0
บอกบุญ	讲善事	机翻	0	0
บอกใบ้	暗示	机翻	0	0
บอกปัด	否认	机翻	0	0
บอกล้าง	清理	机翻	0	0
บอกเล่า	告诉	机翻	0	0
บอกเลิก	拆散	机翻	0	0
บอกศาลา	告诉展馆	机翻	0	0
บ่องตง	邦通	机翻	0	0
บ้องตื้น	傻子	机翻	0	0
บ้องแบ๊ว	可笑的	机翻	0	0
บ๊องส์	押韵	机翻	0	0
บอดี้	身体	机翻	0	0
บอตสวานา	博茨瓦纳	机翻	0	0
บอนไซ	盆景	机翻	0	0
บ่อน้ำพุ	喷泉	机翻	0	0
บ็อบ	鲍勃	机翻	0	0
บอบช้ำ	损伤	机翻	0	0
บอบบาง	脆弱的	机翻	0	0
บอบแบบ	时髦	机翻	0	0
บอมบ์	炸弹	机翻	0	0
บอมเบย์	孟买	机翻	0	0
บอร์ด	木板	机翻	0	0
บอระเพ็ด	蒿	机翻	0	0
บอลข่าน	巴尔干	机翻	0	0
บอลเชวิค	布尔什维克	机翻	0	0
บอส	老板	机翻	0	0
บอสเนีย	波斯尼亚语	机翻	0	0
บ๊ะจ่าง	粽子	机翻	0	0
บะช่อ	白初	机翻	0	0
บะซอลต์	玄武岩	机翻	0	0
บักเตรี	细菌	机翻	0	0
บัคเก็ต	桶	机翻	0	0
บัคเตรี	细菌	机翻	0	0
บัควีท	荞麦	机翻	0	0
บังกะโล	平房	机翻	0	0
บังเกิด	出生	机翻	0	0
บังคน	盖人	机翻	0	0
บังคม	弓	机翻	0	0
บังควร	适当地	机翻	0	0
บังคับใจ	力量	机翻	0	0
บังตา	阴影	机翻	0	0
บั้งยศ	雪佛龙	机翻	0	0
บังสุกุล	安魂曲	机翻	0	0
บังเหียน	缰绳	机翻	0	0
บังอาจ	大胆	机翻	0	0
บัญชา	命令	机翻	0	0
บัญชาการ	命令	机翻	0	0
บัญชีดำ	黑名单	机翻	0	0
บัญชีม้า	马帐户	机翻	0	0
บัณฑิต	毕业	机翻	0	0
บัณฑิตย	毕业	机翻	0	0
บัณฑิตย์	毕业	机翻	0	0
บัณฑูร	班敦	机翻	0	0
บัดกรี	焊接	机翻	0	0
บัดซบ	粗俗	机翻	0	0
บัดนี้	现在	机翻	0	0
บัดสี	耻辱	机翻	0	0
บัตร	卡片	机翻	0	0
บัตรแข็ง	实心卡	机翻	0	0
บัตรคนจน	贫困人口卡	机翻	0	0
บัตรเสีย	卡无效	机翻	0	0
บันจูล	班珠尔	机翻	0	0
บันดล	原因	机翻	0	0
บันดาล	启发	机翻	0	0
บันดาลใจ	启发	机翻	0	0
บันไดลิง	固定梯子	机翻	0	0
บันแถลง	公告	机翻	0	0
บั่นทอน	破坏	机翻	0	0
บันเทิง	娱乐	机翻	0	0
บันลือ	庆祝	机翻	0	0
บันเลง	玩	机翻	0	0
บัยม์	拜姆	机翻	0	0
บัยส์	购买	机翻	0	0
บัลลังก์	长椅	机翻	0	0
บัลลาด	民谣	机翻	0	0
บัลลาสต์	镇流器	机翻	0	0
บัลลูน	气球	机翻	0	0
บัลเลต์	芭蕾舞	机翻	0	0
บัวแก้ว	玻璃莲花	机翻	0	0
บัวขาบ	荷叶	机翻	0	0
บัวตูม	莲花芽	机翻	0	0
บัวนาง	布阿南	机翻	0	0
บัวบก	积雪草	机翻	0	0
บัวบังใบ	荷花覆盖叶子	机翻	0	0
บัวผุด	布阿普	机翻	0	0
บัวรดน้ำ	喷壶	机翻	0	0
บัวโรย	老玫瑰	机翻	0	0
บัวลอย	布阿莱	机翻	0	0
บัวสาย	布阿赛	机翻	0	0
บัวหลวง	莲花	机翻	0	0
บัวหิมะ	雪莲花	机翻	0	0
บัส	公共汽车	机翻	0	0
บากบั่น	费力的	机翻	0	0
บากหน้า	努力	机翻	0	0
บ้ากาม	为性疯狂	机翻	0	0
บากู	巴库	机翻	0	0
บาแก็ต	长棍面包	机翻	0	0
บ้าคลั่ง	疯狂的	机翻	0	0
บางกรณี	在某些情况下	机翻	0	0
บางกอก	曼谷	机翻	0	0
บางกะปิ	邦卡皮	机翻	0	0
บางขณะ	有时	机翻	0	0
บางคน	有些人	机翻	0	0
บางคราว	有时	机翻	0	0
บางตา	减少	机翻	0	0
บางท่าน	你们中的一些人	机翻	0	0
บางบ่อ	邦博	机翻	0	0
บางเบา	薄薄地	机翻	0	0
บางราย	一些	机翻	0	0
บางเวลา	某个时间	机翻	0	0
บางส่วน	一些	机翻	0	0
บางสิ่ง	某物	机翻	0	0
บางหน	有时	机翻	0	0
บางอย่าง	某物	机翻	0	0
บางโอกาส	偶尔	机翻	0	0
บ้าจี้	唆	机翻	0	0
บาเจาะ	巴措	机翻	0	0
บาซิลลัส	芽孢杆菌	机翻	0	0
บาดคอ	引起喉咙痛	机翻	0	0
บาดเจ็บ	受伤	机翻	0	0
บาดใจ	酸	机翻	0	0
บาดตา	艳丽的	机翻	0	0
บาดทะยัก	破伤风	机翻	0	0
บาดหมาง	世仇	机翻	0	0
บาดหู	伤耳	机翻	0	0
บาดาล	肠子	机翻	0	0
บาตร	钵盂	机翻	0	0
บาตรแก้ว	玻璃施舍钵	机翻	0	0
บาตรใหญ่	强迫	机翻	0	0
บาทบงกช	泰铢	机翻	0	0
บาทวิถี	路面	机翻	0	0
บาทหลวง	牧师	机翻	0	0
บาทา	巴塔	机翻	0	0
บาทุกา	鞋类	机翻	0	0
บานกบ	门框	机翻	0	0
บานเกล็ด	百叶窗	机翻	0	0
บ้านเกิด	家乡	机翻	0	0
บ้านช่อง	房子	机翻	0	0
บานชื่น	百日草属	机翻	0	0
บ้านเช่า	房屋出租	机翻	0	0
บ้านเดิม	原来的房子	机翻	0	0
บานตะไท	大量的	机翻	0	0
บ้านตาล	班丹	机翻	0	0
บ้านแตก	破房子	机翻	0	0
บ้านนอก	乡村	机翻	0	0
บานบุรี	开花植物	机翻	0	0
บานเบอะ	很多	机翻	0	0
บานเบิก	很多	机翻	0	0
บานแบะ	很多	机翻	0	0
บานประตู	门板	机翻	0	0
บานปลาย	升级	机翻	0	0
บานแผนก	目录	机翻	0	0
บ้านพัก	房子	机翻	0	0
บานพับ	合页	机翻	0	0
บานเย็น	紫红色	机翻	0	0
บ้านไร่	农家	机翻	0	0
บ้านเล็ก	小房子	机翻	0	0
บ้านสวน	花园洋房	机翻	0	0
บ้านใหญ่	大房子	机翻	0	0
บ้าบอ	疯狂的	机翻	0	0
บ้าบิ่น	鲁莽	机翻	0	0
บาบิโลน	巴比伦	机翻	0	0
บาบูน	狒狒	机翻	0	0
บาปกรรม	罪	机翻	0	0
บาปหนา	有罪的	机翻	0	0
บ๊ายบาย	再见	机翻	0	0
บ่ายโมง	下午 1 点	机翻	0	0
บ้ายศ	我对排名很着迷	机翻	0	0
บายศรี	供米	机翻	0	0
บ่ายหน้า	走向	机翻	0	0
บ้ายอ	太糟糕了	机翻	0	0
บาร์	酒吧	机翻	0	0
บารมี	声望	机翻	0	0
บาร์เรล	桶	机翻	0	0
บาร์เลย์	大麦	机翻	0	0
บารอน	男爵	机翻	0	0
บ้าระห่ำ	狂妄的	机翻	0	0
บ้าลำโพง	疯狂音箱	机翻	0	0
บาลี	巴利语	机翻	0	0
บ้าเลือด	胆大妄为的人	机翻	0	0
บ่าวไพร่	仆人	机翻	0	0
บ่าวสาว	新婚夫妇	机翻	0	0
บาศก์	立方体	机翻	0	0
บ้าหมู	疯猪	机翻	0	0
บาห์เรน	巴林	机翻	0	0
บาหลี	巴厘岛	机翻	0	0
บ้าเห่อ	疯狂的	机翻	0	0
บาฮามาส	巴哈马	机翻	0	0
บำนาญ	养老金	机翻	0	0
บำเพ็ญ	实践	机翻	0	0
บำเพ็ญตน	修炼自己	机翻	0	0
บำราบ	征服	机翻	0	0
บำราศ	导致消失	机翻	0	0
บำรุง	维持	机翻	0	0
บำรุงตัว	滋养自己	机翻	0	0
บำเรอ	招待	机翻	0	0
บำเหน็จ	报酬	机翻	0	0
บิกแบง	大爆炸	机翻	0	0
บิ๊กฟุต	大脚怪	机翻	0	0
บิกินี	比基尼	机翻	0	0
บิงซู	冰素	机翻	0	0
บิชเคก	比什凯克	机翻	0	0
บิชอป	主教	机翻	0	0
บิณฑบาต	接收食物	机翻	0	0
บิณฑบาตร	施舍	机翻	0	0
บิดเบน	弯曲	机翻	0	0
บิดผัน	扭曲的	机翻	0	0
บิดพลิ้ว	顽固的	机翻	0	0
บิดา	父亲	机翻	0	0
บินขึ้น	起飞	机翻	0	0
บินลง	颃	机翻	0	0
บินวน	飞来飞去	机翻	0	0
บินหนี	飞走	机翻	0	0
บิบิมบับ	拌饭	机翻	0	0
บิลเลียด	台球	机翻	0	0
บิวเรตต์	滴定管	机翻	0	0
บิสกิต	饼干	机翻	0	0
บิสมัท	铋	机翻	0	0
บิสมาร์ก	俾斯麦	机翻	0	0
บีซี	公元前	机翻	0	0
บีตรูต	甜菜根	机翻	0	0
บีตา	β射线	机翻	0	0
บีทียู	英热单位	机翻	0	0
บีเทลจุส	参宿四	机翻	0	0
บีบขมับ	挤压你的太阳穴	机翻	0	0
บีบคอ	扼杀	机翻	0	0
บีบคั้น	压迫	机翻	0	0
บีบแตร	按喇叭	机翻	0	0
บีบน้ำตา	强行流泪	机翻	0	0
บีบรัด	绞杀	机翻	0	0
บีบีซี	英国广播公司	机翻	0	0
บี้แบน	压扁	机翻	0	0
บีเวอร์	海狸	机翻	0	0
บีเอ	学士	机翻	0	0
บีโอไอ	投资银行	机翻	0	0
บึกบึน	哈迪	机翻	0	0
บึงกาฬ	汶干	机翻	0	0
บึ้งตึง	闷闷不乐	机翻	0	0
บึ้งบูด	不苟言笑	机翻	0	0
บึ้บบั้บ	嘘嘘嘘	机翻	0	0
บุกบั่น	坚持下去	机翻	0	0
บุกรุก	入侵	机翻	0	0
บุคคล	人	机翻	0	0
บุคลิก	性格	机翻	0	0
บุ้งจีน	中国蛞蝓	机翻	0	0
บุ้งทะเล	海蛞蝓	机翻	0	0
บุญกรรม	功德业力	机翻	0	0
บุญเก่า	老功德	机翻	0	0
บุญเขต	文凯	机翻	0	0
บุญคุณ	优点	机翻	0	0
บุญทาย	祝福	机翻	0	0
บุญธรรม	通过	机翻	0	0
บุญนิธิ	财富	机翻	0	0
บุญบาป	功德罪	机翻	0	0
บุญบารมี	优点	机翻	0	0
บุญราศี	功德堆	机翻	0	0
บุญฤทธิ์	凭借功绩取得成功	机翻	0	0
บุญวาสนา	功德与财富	机翻	0	0
บุณฑริก	白莲花	机翻	0	0
บุณมี	文美	机翻	0	0
บุตร	孩子	机翻	0	0
บุตรชาย	儿子	机翻	0	0
บุตรธรรม	法之子	机翻	0	0
บุตรธิดา	孩子们	机翻	0	0
บุตรสาว	女儿	机翻	0	0
บุตรหญิง	女儿	机翻	0	0
บุตรหลาน	孩子们	机翻	0	0
บุตรี	女儿	机翻	0	0
บุทคล	人	机翻	0	0
บุบบิบ	扭曲的	机翻	0	0
บุบสลาย	损害	机翻	0	0
บุปผชาติ	开花	机翻	0	0
บุปผา	开花	机翻	0	0
บุปผาชน	花朵	机翻	0	0
บุพกรรม	事迹	机翻	0	0
บุพการี	家长	机翻	0	0
บุพกิจ	最初的行动	机翻	0	0
บุพชาติ	前世	机翻	0	0
บุพทิศ	佛陀山	机翻	0	0
บุพนิมิต	占卜	机翻	0	0
บุพบท	介词	机翻	0	0
บุพบทวลี	介词短语	机翻	0	0
บุพโพ	布波	机翻	0	0
บุฟเฟ่ต์	自助餐	机翻	0	0
บุ่มบ่าม	突然地	机翻	0	0
บุ้ยใบ้	指手画脚	机翻	0	0
บุ้ยปาก	噘	机翻	0	0
บุรพทิศ	东方	机翻	0	0
บุรพบท	介词	机翻	0	0
บุริมทิศ	东方	机翻	0	0
บุรี	武里府	机翻	0	0
บุรุนดี	布隆迪	机翻	0	0
บุรุษ	男人	机翻	0	0
บุรุษโทษ	人性恶的特征	机翻	0	0
บุโรทั่ง	破旧的	机翻	0	0
บุษกร	蓝莲花	机翻	0	0
บุษบก	可移动宝座	机翻	0	0
บุษบา	花	机翻	0	0
บุษบาบัณ	花卉市场	机翻	0	0
บุษปะ	花	机翻	0	0
บุษย์	莲花	机翻	0	0
บุษยะ	布萨亚	机翻	0	0
บุษราคัม	黄玉	机翻	0	0
บุหงัน	花	机翻	0	0
บุหงา	花香	机翻	0	0
บุหรง	花香	机翻	0	0
บุหรี่	卷烟	机翻	0	0
บุหลัน	布兰	机翻	0	0
บูชา	崇拜	机翻	0	0
บูชายัญ	牺牲	机翻	0	0
บูดบึ้ง	忧郁	机翻	0	0
บูติก	精品店	机翻	0	0
บู้บี้	扭曲的	机翻	0	0
บูรณภาพ	正直	机翻	0	0
บูรณมี	布拉波	机翻	0	0
บูรพทิศ	东方方向	机翻	0	0
บูรพา	布拉法	机翻	0	0
บูรพาทิศ	东方	机翻	0	0
บูรี	武里府	机翻	0	0
บู๊ลิ้ม	布林	机翻	0	0
เบเกอรี	面包店	机翻	0	0
เบเกิล	百吉饼	机翻	0	0
เบงกอล	孟加拉	机翻	0	0
เบงกาลี	孟加拉	机翻	0	0
เบ่งบาน	盛开	机翻	0	0
เบญจ	五-	机翻	0	0
เบญจกูล	本贾昆	机翻	0	0
เบญจธรรม	五法	机翻	0	0
เบญจพรรณ	各种各样的	机翻	0	0
เบญจพล	本雅丰	机翻	0	0
เบญจเพศ	五种性别	机翻	0	0
เบญจเพส	本贾帕斯	机翻	0	0
เบญจภูต	五要素	机翻	0	0
เบญจมาศ	菊花	机翻	0	0
เบญจรงค์	班加隆	机翻	0	0
เบญจวรรค	本贾瓦加	机翻	0	0
เบญจวรรณ	鹦鹉	机翻	0	0
เบญจศก	五年	机翻	0	0
เบญจศีล	五戒	机翻	0	0
เบญจา	本贾	机翻	0	0
เบตง	勿洞	机翻	0	0
เบนเข็ม	偏转	机翻	0	0
เบนซิน	汽油	机翻	0	0
เบ็นโต	便当	机翻	0	0
เบนิน	贝宁	机翻	0	0
เบรอตาญ	布列塔尼	机翻	0	0
เบรุต	贝鲁特	机翻	0	0
เบลเกรด	贝尔格莱德	机翻	0	0
เบลฟาสต์	贝尔法斯特	机翻	0	0
เบลโมแพน	贝尔莫潘	机翻	0	0
เบลเยียม	比利时	机翻	0	0
เบลอ	模糊	机翻	0	0
เบลารุส	白俄罗斯	机翻	0	0
เบลีซ	伯利兹	机翻	0	0
เบสบอล	棒球	机翻	0	0
เบอร์	数字	机翻	0	0
เบอร์โทร	电话号码	机翻	0	0
เบอร์รี	浆果	机翻	0	0
เบอร์ลิน	柏林	机翻	0	0
เบ้อเร่อ	极大地	机翻	0	0
เบอะบะ	丰满	机翻	0	0
เบ้าขลุบ	坩	机翻	0	0
เบาความ	光	机翻	0	0
เบาใจ	松了口气	机翻	0	0
เบาตัว	减轻一点	机翻	0	0
เบ้าตา	眼圈	机翻	0	0
เบาปัญญา	愚蠢的	机翻	0	0
เบ้าฟัน	牙槽	机翻	0	0
เบามือ	轻轻地	机翻	0	0
เบาไม้	轻木	机翻	0	0
เบาแรง	缓解	机翻	0	0
เบาสมอง	轻快	机翻	0	0
เบาหวิว	光	机翻	0	0
เบาเหวง	光	机翻	0	0
เบาโหวง	轻如羽毛	机翻	0	0
เบาะลม	气垫	机翻	0	0
เบาะแส	线索	机翻	0	0
เบาะหลัง	后座	机翻	0	0
เบิกความ	作证	机翻	0	0
เบิกเงิน	提款	机翻	0	0
เบิกตา	睁开你的眼睛	机翻	0	0
เบิกทาง	扫清道路	机翻	0	0
เบิกทูต	招募大使	机翻	0	0
เบิกบาน	浮力的	机翻	0	0
เบิกพยาน	传唤证人	机翻	0	0
เบิกโพลง	清醒	机翻	0	0
เบิกไพร	开辟财富	机翻	0	0
เบิกไม้	捡起木头	机翻	0	0
เบิกร่อง	开一个槽	机翻	0	0
เบิกเรือ	拿起船	机翻	0	0
เบิกโรง	序幕	机翻	0	0
เบิกโลง	打开棺材	机翻	0	0
เบิกอรุณ	黎明	机翻	0	0
เบิ่งมอง	把目光移开	机翻	0	0
เบิร์น	烧伤	机翻	0	0
เบียดกรอ	经济上	机翻	0	0
เบียดบัง	挪用	机翻	0	0
เบี้ยบน	奖金	机翻	0	0
เบี้ยโบก	挥舞溢价	机翻	0	0
เบียร์สด	生啤酒	机翻	0	0
เบื้องบน	高度	机翻	0	0
เบื่อเมา	无聊又醉了	机翻	0	0
แบกแดด	巴格达	机翻	0	0
แบกโลก	承载世界	机翻	0	0
แบกหน้า	忍着脸	机翻	0	0
แบกหาม	携带	机翻	0	0
แบกะดิน	路边摊	机翻	0	0
แบงก์	银行	机翻	0	0
แบงค์	钞票	机翻	0	0
แบ่งงาน	分工	机翻	0	0
แบ่งตัว	划分	机翻	0	0
แบ่งเบา	减轻	机翻	0	0
แบ่งภาค	分为几个部分	机翻	0	0
แบ่งเวลา	划分时间	机翻	0	0
แบ่งสรร	分配	机翻	0	0
แบดเจอร์	獾	机翻	0	0
แบนโจ	班卓琴	机翻	0	0
แบ็บ	巴布	机翻	0	0
แบบฉบับ	图案	机翻	0	0
แบบทดสอบ	测验	机翻	0	0
แบบบาง	薄型	机翻	0	0
แบบแปลน	计划	机翻	0	0
แบบผม	发型	机翻	0	0
แบบแผน	图案	机翻	0	0
แบบพิธี	仪式	机翻	0	0
แบบพิมพ์	形式	机翻	0	0
แบบเรียน	教科书	机翻	0	0
แบบสร้าง	施工模型	机翻	0	0
แบบสากล	国际风格	机翻	0	0
แบบเสื้อ	衬衫设计	机翻	0	0
แบบอย่าง	模型	机翻	0	0
แบเบาะ	婴儿	机翻	0	0
แบมือ	忽略	机翻	0	0
แบร์น	伯尔尼	机翻	0	0
แบเรียม	钡	机翻	0	0
แบหลา	双腿张开躺着	机翻	0	0
แบะแฉะ	懒惰地	机翻	0	0
แบะท่า	暗示	机翻	0	0
แบะปาก	做鬼脸	机翻	0	0
แบะอก	打开	机翻	0	0
โบกมือ	运动	机翻	0	0
โบกรถ	搭便车	机翻	0	0
โบกี้	转向架	机翻	0	0
โบแดง	令人钦佩的	机翻	0	0
โบตั๋น	牡丹	机翻	0	0
โบท็อกซ์	肉毒杆菌	机翻	0	0
โบโนโบ	倭黑猩猩	机翻	0	0
โบยบิน	飞	机翻	0	0
โบรชัวร์	小册子	机翻	0	0
โบรมีน	溴	机翻	0	0
โบรอน	硼	机翻	0	0
โบราณ	古老的	机翻	0	0
โบราณกาล	古代	机翻	0	0
โบลิเวีย	玻利维亚	机翻	0	0
โบว์	结	机翻	0	0
โบว์ลิ่ง	保龄球	机翻	0	0
โบฮีเมีย	波西米亚	机翻	0	0
ใบแข็ง	硬叶	机翻	0	0
ใบจอง	抢占证书	机翻	0	0
ใบชา	茶叶	机翻	0	0
ใบชุบ	电镀叶子	机翻	0	0
ใบฎีกา	请愿	机翻	0	0
ใบดาล	木豆叶	机翻	0	0
ใบดำ	黑叶	机翻	0	0
ใบ้แดก	我很笨	机翻	0	0
ใบแดง	红牌	机翻	0	0
ใบตราส่ง	交货单	机翻	0	0
ใบตอง	香蕉叶	机翻	0	0
ใบตาล	糖棕榈叶	机翻	0	0
ใบเตย	香兰叶	机翻	0	0
ใบทอง	金箔	机翻	0	0
ใบเทา	灰色的叶子	机翻	0	0
ใบแทรก	传单	机翻	0	0
ใบบอก	传单	机翻	0	0
ใบบอกบุญ	功绩证书	机翻	0	0
ใบบุญ	优点	机翻	0	0
ใบเบิก	提货单	机翻	0	0
ใบปก	覆盖	机翻	0	0
ใบปลิว	传单	机翻	0	0
ใบปะหน้า	封面页	机翻	0	0
ใบพลู	槟榔叶	机翻	0	0
ใบพัด	螺旋桨	机翻	0	0
ใบมีดโกน	剃须刀刀片	机翻	0	0
ใบเมี่ยง	白眠	机翻	0	0
ใบไม้ผลิ	春天	机翻	0	0
ใบยา	药用叶子	机翻	0	0
ใบระกา	公鸡叶	机翻	0	0
ใบรับ	收据	机翻	0	0
ใบรับของ	收据	机翻	0	0
ใบลา	留信	机翻	0	0
ใบลาออก	辞职信	机翻	0	0
ใบเลี้ยง	子叶	机翻	0	0
ใบส่งของ	送货单	机翻	0	0
ใบสอ	证书	机翻	0	0
ใบสั่ง	命令	机翻	0	0
ใบสำคัญ	证书	机翻	0	0
ใบสุทธิ	证书	机翻	0	0
ใบเสริม	额外的叶子	机翻	0	0
ใบ้หวย	抽奖提示	机翻	0	0
ใบหุ้น	股票	机翻	0	0
ใบหู	耳朵	机翻	0	0
ใบเหลือง	黄牌	机翻	0	0
ไบต์	字节	机翻	0	0
ไบเบิล	圣经	机翻	0	0
ไบออส	BIOS	机翻	0	0
ป	磷	机翻	0	0
ปกเกล้า	七	机翻	0	0
ปกแข็ง	精装	机翻	0	0
ปกคลุม	覆盖	机翻	0	0
ปกรณัม	论文	机翻	0	0
ปกหลัง	封底	机翻	0	0
ปกอ่อน	平装	机翻	0	0
ปกิณกะ	各种各样的	机翻	0	0
ปฏัก	串烧	机翻	0	0
ปฏิ	反对	机翻	0	0
ปฏิกรณ์	反应堆	机翻	0	0
ปฏิกริยา	反应	机翻	0	0
ปฏิกูล	污垢	机翻	0	0
ปฏิคม	女主人	机翻	0	0
ปฏิชีวนะ	抗生素	机翻	0	0
ปฏิญญา	宣言	机翻	0	0
ปฏิญาณ	发誓	机翻	0	0
ปฏิบถ	面对	机翻	0	0
ปฏิปทา	行为	机翻	0	0
ปฏิปักษ์	对手	机翻	0	0
ปฏิพจน์	回答	机翻	0	0
ปฏิพัทธ์	爱上	机翻	0	0
ปฏิพากย์	反驳	机翻	0	0
ปฏิภาค	部分	机翻	0	0
ปฏิภาณ	精神	机翻	0	0
ปฏิมา	雕像	机翻	0	0
ปฏิมากร	雕塑家	机翻	0	0
ปฏิยุทธ์	回击	机翻	0	0
ปฏิวัติ	彻底改变	机翻	0	0
ปฏิวาต	顶风	机翻	0	0
ปฏิวาท	还击	机翻	0	0
ปฏิเวธ	开悟	机翻	0	0
ปฏิสนธิ	受精	机翻	0	0
ปฏิสสาร	反物质	机翻	0	0
ปฐพี	地球	机翻	0	0
ปฐม	原始的	机翻	0	0
ปฐมกรรม	重要部件	机翻	0	0
ปฐมฌาน	第一次吸收	机翻	0	0
ปฐมดุสิต	佛统都实	机翻	0	0
ปฐมทัศน์	首映	机翻	0	0
ปฐมเทศนา	第一次布道	机翻	0	0
ปฐมภูมิ	基本的	机翻	0	0
ปฐมยาม	第一眼	机翻	0	0
ปฐมฤกษ์	开始	机翻	0	0
ปฐมวัย	童年	机翻	0	0
ปณต	迎接	机翻	0	0
ปณิธาน	解决	机翻	0	0
ปณีต	整洁的	机翻	0	0
ปดโป้	谎言	机翻	0	0
ปติยัต	装饰	机翻	0	0
ปท	泰国	机翻	0	0
ปทัฏฐาน	尺度	机翻	0	0
ปทานุกรม	词典	机翻	0	0
ปทุม	巴吞	机翻	0	0
ปทุมธานี	巴吞他尼府	机翻	0	0
ปทุมุตร	巴土穆特	机翻	0	0
ป่นปี้	粉碎	机翻	0	0
ปนเป	污染	机翻	0	0
ปมเขื่อง	优越感	机翻	0	0
ปมจิต	心理结	机翻	0	0
ปมด้อย	自卑感	机翻	0	0
ปมเด่น	优越感	机翻	0	0
ปมประสาท	神经节	机翻	0	0
ปมปัญหา	问题	机翻	0	0
ปมสังหาร	谋杀之谜	机翻	0	0
ปรกติ	通常	机翻	0	0
ปรตยาค	普拉蒂亚卡	机翻	0	0
ปรนปรือ	珍惜	机翻	0	0
ปรนเปรอ	宠爱	机翻	0	0
ปรบไก่	拍打公鸡	机翻	0	0
ปรบมือ	拍拍你的手	机翻	0	0
ปรปักษ์	拮抗剂	机翻	0	0
ปรมัตถ์	完美	机翻	0	0
ปรมาณู	原子	机翻	0	0
ปรมินทร	帕拉明塔	机翻	0	0
ปรมินทร์	最高	机翻	0	0
ปรเมนทร์	最高	机翻	0	0
ปรเมศวร์	至高神	机翻	0	0
ปรโลก	此后	机翻	0	0
ปรวนแปร	转移	机翻	0	0
ปรองดอง	调和	机翻	0	0
ปรอด	鹎	机翻	0	0
ปรอท	汞	机翻	0	0
ประกบ	表达清楚	机翻	0	0
ประกบตัว	受到监视	机翻	0	0
ประกวด	竞赛	机翻	0	0
ประกาย	闪闪发光的	机翻	0	0
ประกายไฟ	火花	机翻	0	0
ประการ	积分	机翻	0	0
ประการใด	无论如何	机翻	0	0
ประกาศิต	法令	机翻	0	0
ประคดเอว	七分腰部	机翻	0	0
ประคบ	压缩	机翻	0	0
ประคอง	支持	机翻	0	0
ประคารม	争论	机翻	0	0
ประคำ	念珠	机翻	0	0
ประเคน	撒	机翻	0	0
ประโคม	大张旗鼓	机翻	0	0
ประจญ	战斗	机翻	0	0
ประจบ	奉承	机翻	0	0
ประจวบ	碰撞	机翻	0	0
ประจักษ์	显现	机翻	0	0
ประจัญ	面对	机翻	0	0
ประจัน	斗争	机翻	0	0
ประจาน	唾骂	机翻	0	0
ประจำใจ	记住	机翻	0	0
ประจำซอง	定期装在信封里	机翻	0	0
ประจำตรา	品牌化	机翻	0	0
ประจำตัว	鉴别	机翻	0	0
ประจำทาง	在路上	机翻	0	0
ประจำปี	年度的	机翻	0	0
ประจำยาม	值班	机翻	0	0
ประจำวัน	日常的	机翻	0	0
ประจิม	欧美	机翻	0	0
ประจุ	收费	机翻	0	0
ประจุบัน	今天	机翻	0	0
ประเจิด	变得美丽	机翻	0	0
ประเจียด	巴恰特	机翻	0	0
ประแจ	扳手	机翻	0	0
ประแจจีน	中式扳手	机翻	0	0
ประชด	讽刺的	机翻	0	0
ประชวร	生病了	机翻	0	0
ประชัน	竞争	机翻	0	0
ประชา	公民	机翻	0	0
ประชาชี	普拉奇	机翻	0	0
ประชาบดี	巴差帕蒂	机翻	0	0
ประชาบาล	当地的	机翻	0	0
ประชามติ	公投	机翻	0	0
ประชิด	连续的	机翻	0	0
ประชี	普拉奇	机翻	0	0
ประเชิญ	邀请函	机翻	0	0
ประณต	尊重	机翻	0	0
ประณม	称呼	机翻	0	0
ประณาม	谴责	机翻	0	0
ประดัง	涌	机翻	0	0
ประดับ	装饰	机翻	0	0
ประดับไฟ	用灯光装饰	机翻	0	0
ประดา	大量的	机翻	0	0
ประดาตาย	几乎死了	机翻	0	0
ประดาน้ำ	潜水员	机翻	0	0
ประดามี	全部	机翻	0	0
ประดาษ	平庸	机翻	0	0
ประดุจ	喜欢	机翻	0	0
ประดู่	紫檀木	机翻	0	0
ประเด	压倒	机翻	0	0
ประเดิม	带领	机翻	0	0
ประตัก	刺激	机翻	0	0
ประตูชัก	拉门	机翻	0	0
ประตูชัย	凯旋门	机翻	0	0
ประตูน้ำ	坝	机翻	0	0
ประตูป่า	进入森林的入口	机翻	0	0
ประตูลม	风的通道	机翻	0	0
ประตูออก	出口门	机翻	0	0
ประถม	基本的	机翻	0	0
ประทม	对待	机翻	0	0
ประทัง	维持	机翻	0	0
ประทัด	饼干	机翻	0	0
ประทับ	邮票	机翻	0	0
ประทับใจ	印象深刻	机翻	0	0
ประทาน	给	机翻	0	0
ประทิน	洁净	机翻	0	0
ประทิ่น	化妆品	机翻	0	0
ประทีป	灯	机翻	0	0
ประทุก	普拉图克	机翻	0	0
ประทุน	兜帽	机翻	0	0
ประทุษ	崩溃	机翻	0	0
ประเท้า	给脚穿衣服	机翻	0	0
ประเทียด	讽刺	机翻	0	0
ประเทียบ	法庭女士	机翻	0	0
ประเทือง	丰富	机翻	0	0
ประนม	化合物	机翻	0	0
ประนมมือ	增加	机翻	0	0
ประนอม	撰写	机翻	0	0
ประนาม	谴责	机翻	0	0
ประปา	管道	机翻	0	0
ประแป้ง	粉末	机翻	0	0
ประพจน์	主张	机翻	0	0
ประพรม	撒	机翻	0	0
ประพฤติ	表现	机翻	0	0
ประพัด	绑带	机翻	0	0
ประพันธ์	组成的	机翻	0	0
ประพาส	旅游	机翻	0	0
ประไพ	巴拜	机翻	0	0
ประภัสสร	闪闪发光的	机翻	0	0
ประภากร	太阳的绰号	机翻	0	0
ประภาคาร	灯塔	机翻	0	0
ประภาพ	图片	机翻	0	0
ประภาษ	说	机翻	0	0
ประภาส	照明	机翻	0	0
ประมวญ	系统化	机翻	0	0
ประมาณตน	保持谦虚	机翻	0	0
ประมือ	手拉手	机翻	0	0
ประมุข	头	机翻	0	0
ประยงค์	巴勇	机翻	0	0
ประยุทธ์	巴育	机翻	0	0
ประยูร	谱系	机翻	0	0
ประลอง	演习	机翻	0	0
ประโลม	舒适	机翻	0	0
ประวัติ	记录	机翻	0	0
ประวิง	延迟	机翻	0	0
ประเวณี	他妈的	机翻	0	0
ประศาสน์	行政	机翻	0	0
ประสก	牧师	机翻	0	0
ประสงค์	希望	机翻	0	0
ประสบ	遭受	机翻	0	0
ประสบภัย	遭受	机翻	0	0
ประสพ	经验	机翻	0	0
ประสม	混合	机翻	0	0
ประสมโรง	加入	机翻	0	0
ประสา	我不在乎	机翻	0	0
ประสาท	神经	机翻	0	0
ประสาทตา	视神经	机翻	0	0
ประสาทพร	美化	机翻	0	0
ประสาทหู	耳蜗神经	机翻	0	0
ประสาน	协调	机翻	0	0
ประสานงา	碰撞	机翻	0	0
ประสูติ	出生	机翻	0	0
ประเสริฐ	升华	机翻	0	0
ประหนึ่ง	作为	机翻	0	0
ประหลาด	奇怪的	机翻	0	0
ประหวัด	被提醒	机翻	0	0
ประหวั่น	恐惧	机翻	0	0
ประหาร	执行	机翻	0	0
ประฮาม	清晨黄昏	机翻	0	0
ปรัก	废墟	机翻	0	0
ปรักปรำ	入罪	机翻	0	0
ปรัชญา	哲学	机翻	0	0
ปรับโทษ	美好的	机翻	0	0
ปรับพื้น	调整地板	机翻	0	0
ปรับราคา	调整价格	机翻	0	0
ปรัมปรา	传奇的	机翻	0	0
ปรัศนี	询问者	机翻	0	0
ปรัศว์	侧翼	机翻	0	0
ปรัสเซีย	普鲁士	机翻	0	0
ปราก	布拉格	机翻	0	0
ปรากฎ	出现	机翻	0	0
ปรากฏกาย	出现	机翻	0	0
ปรากฏชัด	明显	机翻	0	0
ปรากฏตัว	出现	机翻	0	0
ปรากต	普拉卡特	机翻	0	0
ปรากฤต	普拉克里特	机翻	0	0
ปราการ	炮塔	机翻	0	0
ปรางค์	宝塔	机翻	0	0
ปราจีน	巴真	机翻	0	0
ปราชญ์	哲学家	机翻	0	0
ปราชัย	击败	机翻	0	0
ปราณี	生物	机翻	0	0
ปรานี	节约	机翻	0	0
ปรานีฆาต	无情的杀人犯	机翻	0	0
ปราบปราม	压制	机翻	0	0
ปรามาส	冒犯	机翻	0	0
ปราโมทย์	大喜	机翻	0	0
ปรายตา	闭上眼睛	机翻	0	0
ปรารถนา	希望	机翻	0	0
ปรารภ	评论	机翻	0	0
ปรารมภ์	焦虑	机翻	0	0
ปราศจาก	没有	机翻	0	0
ปราศรัย	演讲	机翻	0	0
ปราสาท	城堡	机翻	0	0
ปริ	时期	机翻	0	0
ปริเฉท	分类	机翻	0	0
ปริซึม	棱镜	机翻	0	0
ปริตยาค	帕里提卡	机翻	0	0
ปริทันต์	牙周病	机翻	0	0
ปริทัศน์	审查	机翻	0	0
ปริ๊นต์	打印	机翻	0	0
ปริ้นท์	打印	机翻	0	0
ปริ๊นท์	打印	机翻	0	0
ปริปาก	说出	机翻	0	0
ปริพันธ์	不可缺少的	机翻	0	0
ปริภูมิ	空间	机翻	0	0
ปริมณฑล	周长	机翻	0	0
ปริยานุช	普里亚努奇	机翻	0	0
ปริยาย	隐含地	机翻	0	0
ปริวรรต	交换	机翻	0	0
ปริวิตก	焦虑	机翻	0	0
ปริศนา	谜	机翻	0	0
ปรีชา	直觉	机翻	0	0
ปรีชาญาณ	直觉	机翻	0	0
ปรีดา	普雷达	机翻	0	0
ปรือ	困	机翻	0	0
ปรื๋อ	迅速地	机翻	0	0
ปรุงแต่ง	装饰	机翻	0	0
ปรุงยา	做药	机翻	0	0
ปรุงรส	调料	机翻	0	0
ปรุโปร่ง	清楚地	机翻	0	0
ปรูดปราด	迅速地	机翻	0	0
ปโรหิต	牧师	机翻	0	0
ปฤกษา	普鲁克萨	机翻	0	0
ปฤษฎางค์	后退	机翻	0	0
ปลงใจ	解决	机翻	0	0
ปลงช้าง	大象床	机翻	0	0
ปลงชีวิต	自杀	机翻	0	0
ปลงตก	意识到	机翻	0	0
ปลงผม	去除毛发	机翻	0	0
ปลดทุกข์	舒适	机翻	0	0
ปลดปล่อย	解放	机翻	0	0
ปลดระวาง	释放	机翻	0	0
ปลดออก	释放	机翻	0	0
ปลดอาวุธ	解除武装	机翻	0	0
ปลดแอก	解放	机翻	0	0
ปล้นจี้	抢劫	机翻	0	0
ปล้นสะดม	掠夺	机翻	0	0
ปลวังคะ	王普拉	机翻	0	0
ปลอกแขน	臂章	机翻	0	0
ปลอกคอ	衣领	机翻	0	0
ปลอกนิ้ว	顶针	机翻	0	0
ปลอกมีด	刀鞘	机翻	0	0
ปลอกมือ	顶针	机翻	0	0
ปลอกร่ม	伞套	机翻	0	0
ปลอกหมอน	枕套	机翻	0	0
ปล่องไฟ	烟囱	机翻	0	0
ปลอดคน	不受人束缚	机翻	0	0
ปลอดทหาร	非军事区	机翻	0	0
ปลอดภาษี	免税	机翻	0	0
ปลอบขวัญ	安慰	机翻	0	0
ปลอมตัว	伪装	机翻	0	0
ปลอมปน	掺假的	机翻	0	0
ปล่อยกาย	释放你的身体	机翻	0	0
ปล่อยแก่	假装年轻	机翻	0	0
ปล่อยไก่	放开鸡	机翻	0	0
ปล่อยของ	释放东西	机翻	0	0
ปล่อยใจ	放纵	机翻	0	0
ปล่อยนก	释放鸟类	机翻	0	0
ปล่อยไป	松手	机翻	0	0
ปล่อยมือ	松手	机翻	0	0
ปล่อยวาง	松手	机翻	0	0
ปล่อยแสง	发光	机翻	0	0
ปล่อยโฮ	让它出来	机翻	0	0
ปลัด	永恒的	机翻	0	0
ปลัดขิก	阴茎的小木制图像	机翻	0	0
ปลากด	鲶鱼	机翻	0	0
ปลากริม	比目鱼	机翻	0	0
ปลากัด	斗鱼	机翻	0	0
ปลาเกลือ	咸鱼	机翻	0	0
ปลาเค็ม	咸鱼	机翻	0	0
ปลาจ่อม	酸菜鱼	机翻	0	0
ปลาช่อน	黑鱼	机翻	0	0
ปลาชา	茶鱼	机翻	0	0
ปลาดิบ	生鱼	机翻	0	0
ปลาตู้	观赏鱼	机翻	0	0
ปลาทู	鲭鱼	机翻	0	0
ปลาแนม	普拉南	机翻	0	0
ปลาม้ำ	马鱼	机翻	0	0
ปลายข้าว	碎米	机翻	0	0
ปลายแขน	前臂	机翻	0	0
ปลายจมูก	鼻尖	机翻	0	0
ปลายตีน	脚尖	机翻	0	0
ปลายแถว	行尾	机翻	0	0
ปลายน้ำ	下游	机翻	0	0
ปลายนิ้ว	指尖	机翻	0	0
ปลายเนิน	山的尽头	机翻	0	0
ปลายปี	年底	机翻	0	0
ปลายมือ	结尾	机翻	0	0
ปลายลิ้น	舌尖	机翻	0	0
ปลายาว	长鱼	机翻	0	0
ปลาร้า	酸菜鱼	机翻	0	0
ปลาโลมา	海豚	机翻	0	0
ปลาวาฬ	鲸	机翻	0	0
ปลาส้ม	酸菜鱼	机翻	0	0
ปลาสิงโต	狮子鱼	机翻	0	0
ปลาเห็ด	蘑菇鱼	机翻	0	0
ปลาไหล	鳗鱼	机翻	0	0
ปลิงทะเล	海参	机翻	0	0
ปลิ้นตา	睁开你的眼睛	机翻	0	0
ปลีกตัว	超然	机翻	0	0
ปลีกย่อย	分数	机翻	0	0
ปลีกล้วย	香蕉花	机翻	0	0
ปลีกเวลา	找时间	机翻	0	0
ปลีแข้ง	胫	机翻	0	0
ปลีน่อง	小牛	机翻	0	0
ปลื้มใจ	高兴极了	机翻	0	0
ปลุกใจ	引起	机翻	0	0
ปลุกปล้ำ	揉	机翻	0	0
ปลุกปั่น	挑衅	机翻	0	0
ปลุกผี	变戏法	机翻	0	0
ปลุกพระ	唤醒和尚	机翻	0	0
ปลุกระดม	煽动	机翻	0	0
ปลุกเร้า	引起	机翻	0	0
ปลุกเสก	供奉	机翻	0	0
ปลูกฝัง	培育	机翻	0	0
ปลูกฝี	接种疫苗	机翻	0	0
ปวกเปียก	跛行	机翻	0	0
ปวงชน	所有人	机翻	0	0
ปวงประชา	所有的人	机翻	0	0
ปวดกบาล	胃痛	机翻	0	0
ปวดแปลบ	剧烈疼痛	机翻	0	0
ปวดฟัน	牙疼	机翻	0	0
ปวดมวน	有绞痛	机翻	0	0
ปวดร้าว	聪明的	机翻	0	0
ปวดศีรษะ	头痛	机翻	0	0
ปวดหลัง	背痛	机翻	0	0
ปวดหู	耳痛	机翻	0	0
ป่วนปั่น	发疯	机翻	0	0
ป่วยการ	生病的	机翻	0	0
ป่วยไข้	生病的	机翻	0	0
ปวยเล้ง	菠菜	机翻	0	0
ป่วยหนัก	病重	机翻	0	0
ปวารณา	奉献	机翻	0	0
ปสาน	斗争	机翻	0	0
ปอกล้วย	香蕉黄麻	机翻	0	0
ปอกลอก	流血	机翻	0	0
ป้องปัด	保卫	机翻	0	0
ป้องหู	耳朵保护	机翻	0	0
ปอดชื้น	肺部疾病	机翻	0	0
ปอดบวม	肺炎	机翻	0	0
ปอดลอย	放克	机翻	0	0
ปอดเหล็ก	铁肺	机翻	0	0
ปอดแหก	痔疮	机翻	0	0
ปอนด์	磅	机翻	0	0
ป็อป	流行音乐	机翻	0	0
ปอเปี๊ยะ	春卷	机翻	0	0
ป้อแป้	松弛	机翻	0	0
ป้อมยาม	警卫室	机翻	0	0
ปอยเปต	波贝	机翻	0	0
ปอยแปต	波伊帕特	机翻	0	0
ปอยผม	头发	机翻	0	0
ป้อยอ	萨特	机翻	0	0
ปะกน	雕花木隔断	机翻	0	0
ปะกำ	板	机翻	0	0
ปะขาว	苦行者	机翻	0	0
ปะตาปา	苦行者	机翻	0	0
ปะทะ	连击	机翻	0	0
ปะทะคารม	冲突	机翻	0	0
ปะทุ	喷	机翻	0	0
ปะนาเระ	帕纳雷	机翻	0	0
ปะปน	混合	机翻	0	0
ปะปนกัน	混合在一起	机翻	0	0
ปะมง	渔夫	机翻	0	0
ปะระโลกย	真是一团糟	机翻	0	0
ปะรำ	帐篷	机翻	0	0
ปะลิส	玻璃市	机翻	0	0
ปะแล่ม	甜甜的	机翻	0	0
ปะหนัน	帕南	机翻	0	0
ปะหัง	彭亨州	机翻	0	0
ปะเหลาะ	傻子	机翻	0	0
ปักกิ่ง	北京	机翻	0	0
ปักเขต	标定	机翻	0	0
ปักใจ	坚信	机翻	0	0
ปักปากกา	绣花笔	机翻	0	0
ปักเป้า	河豚	机翻	0	0
ปักษ์	两星期	机翻	0	0
ปักษ์ใต้	南方	机翻	0	0
ปักษา	鸟	机翻	0	0
ปักษิน	鸟	机翻	0	0
ปักษี	鸟	机翻	0	0
ปักหลัก	安家	机翻	0	0
ปังตอ	切肉刀	机翻	0	0
ปัจเจก	个人	机翻	0	0
ปัจเจกชน	个人	机翻	0	0
ปัจฉบท	展示	机翻	0	0
ปัจฉิม	结论	机翻	0	0
ปัจฉิมบท	最终章	机翻	0	0
ปัญจนที	潘查纳蒂	机翻	0	0
ปัญจาบ	旁遮普省	机翻	0	0
ปัญญา	机智	机翻	0	0
ปัญญาชน	知识分子	机翻	0	0
ปัดกวาด	扫荡	机翻	0	0
ปัดขา	摆脱	机翻	0	0
ปัดถู	刷子	机翻	0	0
ปัดโธ่	该死的	机翻	0	0
ปัดเป่า	打消	机翻	0	0
ปัดฝุ่น	除尘	机翻	0	0
ปัดสวะ	掩盖	机翻	0	0
ปัตตานี	北大年府	机翻	0	0
ปัถพี	地球	机翻	0	0
ปัทโธ่	帕托	机翻	0	0
ปัทมราค	帕德马拉卡	机翻	0	0
ปัทมราช	帕德马拉杰	机翻	0	0
ปัทมา	帕德玛	机翻	0	0
ปั้นจั่น	起重机	机翻	0	0
ปั่นป่วน	动荡的	机翻	0	0
ปั้นปึ่ง	浮夸的	机翻	0	0
ปั่นแปะ	旋转一枚硬币	机翻	0	0
ปันผล	股利	机翻	0	0
ปั่นฝ้าย	纺棉线	机翻	0	0
ปั่นไฟ	发电机	机翻	0	0
ปั้นเมฆ	云制作	机翻	0	0
ปั้นยศ	摆架子	机翻	0	0
ปั่นราคา	价格操纵	机翻	0	0
ปั้นรูป	塑造	机翻	0	0
ปั้นลม	泰国房屋的山墙末端	机翻	0	0
ปันส่วน	配给	机翻	0	0
ปั้นสิบ	做十个	机翻	0	0
ปั้นหยา	臀部	机翻	0	0
ปั่นหัว	激荡	机翻	0	0
ปั่นหุ้น	纺纱库存	机翻	0	0
ปั๊มลม	气泵	机翻	0	0
ปัสสาวะ	尿	机翻	0	0
ปากกบ	斜角接头	机翻	0	0
ปากกระบะ	拾音口	机翻	0	0
ปากกล้า	直言不讳	机翻	0	0
ปากกว้าง	宽嘴	机翻	0	0
ปากเก่ง	聪明的嘴	机翻	0	0
ปากไก่	鹅毛笔	机翻	0	0
ปากขม	苦口	机翻	0	0
ปากขอ	钩虫	机翻	0	0
ปากแข็ง	固执的	机翻	0	0
ปากคม	尖嘴	机翻	0	0
ปากคลอง	运河口	机翻	0	0
ปากคัน	嘴痒	机翻	0	0
ปากคำ	见证	机翻	0	0
ปากคีบ	镊子	机翻	0	0
ปากจัด	吹毛求疵	机翻	0	0
ปากฉลาม	锯齿	机翻	0	0
ปากช้าง	大象的嘴	机翻	0	0
ปากซ่อม	狙击	机翻	0	0
ปากซอย	胡同口	机翻	0	0
ปากดี	好嘴	机翻	0	0
ปากตรอก	胡同口	机翻	0	0
ปากตลาด	帕克塔拉特	机翻	0	0
ปากตะไกร	塔克莱口	机翻	0	0
ปากตำแย	健谈的	机翻	0	0
ปากแตร	痰盂	机翻	0	0
ปากใต้	北帝	机翻	0	0
ปากท้อง	胃	机翻	0	0
ปากทาง	入口	机翻	0	0
ปากน้ำ	河口	机翻	0	0
ปากบอน	流言蜚语	机翻	0	0
ปากเบา	发牢骚	机翻	0	0
ปากแบะ	突出的嘴	机翻	0	0
ปากใบ	气孔	机翻	0	0
ปากปลา	船头	机翻	0	0
ปากปลิง	果杆	机翻	0	0
ปากเป็ด	鸭嘴兽	机翻	0	0
ปากเปราะ	多说话	机翻	0	0
ปากเปล่า	口服	机翻	0	0
ปากเปียก	谏	机翻	0	0
ปากโป้ง	泄露秘密的	机翻	0	0
ปากพล่อย	朴福来	机翻	0	0
ปากมอม	脏嘴	机翻	0	0
ปากมาก	好多嘴	机翻	0	0
ปากไม้	木嘴	机翻	0	0
ปากราก	根口	机翻	0	0
ปากร้าย	泼妇	机翻	0	0
ปากเรือ	船口	机翻	0	0
ปากสว่าง	泄露秘密的	机翻	0	0
ปากเสีย	坏嘴	机翻	0	0
ปากเสียง	嘴	机翻	0	0
ปากหนัก	保持沉默	机翻	0	0
ปากหมา	狗的嘴	机翻	0	0
ปากหวาน	圆滑的	机翻	0	0
ปากห่าง	开放比尔宜必思酒店	机翻	0	0
ปากแหว่ง	唇裂	机翻	0	0
ปากอ่าว	河口	机翻	0	0
ปากีสถาน	巴基斯坦	机翻	0	0
ปาขี้	扔屎	机翻	0	0
ป่าแคระ	灌木林	机翻	0	0
ปางก่อน	以前	机翻	0	0
ปางตาย	死亡	机翻	0	0
ปาจรีย์	优秀的老师	机翻	0	0
ป่าช้า	公墓	机翻	0	0
ป่าชุมชน	社区森林	机翻	0	0
ปาฐก	讲师	机翻	0	0
ปาฐกถา	话语	机翻	0	0
ป่าดง	森林	机翻	0	0
ป่าดงดิบ	雨林	机翻	0	0
ปาดหน้า	切掉脸	机翻	0	0
ป่าดิบ	常绿森林	机翻	0	0
ป่าแดง	落叶林	机翻	0	0
ป่าตอง	巴东	机翻	0	0
ปาเต๊ะ	蜡染	机翻	0	0
ปาทังกา	刺槐	机翻	0	0
ปาทาน	阿富汗	机翻	0	0
ป่าทึบ	丛林	机翻	0	0
ปานกัน	他们很相似	机翻	0	0
ป่านคม	锋利的麻	机翻	0	0
ปานฉะนี้	作为	机翻	0	0
ปานใด	到什么程度呢？	机翻	0	0
ปานนี้	像这样	机翻	0	0
ป่านนี้	到目前为止	机翻	0	0
ป้านลม	山墙	机翻	0	0
ปานามา	巴拿马	机翻	0	0
ปานีปูรี	帕尼普里	机翻	0	0
ป่าบอน	邦森林	机翻	0	0
ป่าโปร่ง	稀疏的森林	机翻	0	0
ป่าไผ่	竹林	机翻	0	0
ป่าฝน	雨林	机翻	0	0
ป่าแพะ	树林	机翻	0	0
ป่าโมก	莫森林	机翻	0	0
ป้ายชื่อ	姓名牌	机翻	0	0
ป้ายแดง	红色标签	机翻	0	0
ป่ายปีน	爬	机翻	0	0
ป้ายสี	诽谤	机翻	0	0
ปาร์เกต์	镶木地板	机翻	0	0
ปาร์ตี้	派对	机翻	0	0
ปารา	帕拉	机翻	0	0
ปารากวัย	巴拉圭	机翻	0	0
ปาราชิก	解除锁定	机翻	0	0
ปารีส	巴黎	机翻	0	0
ปาลีกีร์	帕利基尔	机翻	0	0
ปาเลา	帕劳	机翻	0	0
ป่าวร้อง	宣布	机翻	0	0
ป่าสงวน	保留林	机翻	0	0
ป่าสน	松树林	机翻	0	0
ป่าสูง	高森林	机翻	0	0
ปาเสมัส	帕塞莫斯	机翻	0	0
ปาหี่	杂技	机翻	0	0
ป่าใหญ่	大森林	机翻	0	0
ป้ำเป๋อ	健忘	机翻	0	0
ปิกนิก	野餐	机翻	0	0
ปิคอัพ	捡起	机翻	0	0
ปิงปอง	乒乓球	机翻	0	0
ปิดกล้อง	关闭相机	机翻	0	0
ปิดกั้น	堵塞	机翻	0	0
ปิดข่าว	关掉新闻	机翻	0	0
ปิดความ	关闭此事	机翻	0	0
ปิดเงียบ	安静的	机翻	0	0
ปิดฉาก	结束现场	机翻	0	0
ปิดตาย	永久关闭	机翻	0	0
ปิดทอง	镀金	机翻	0	0
ปิดทาง	拦路	机翻	0	0
ปิดท้าย	闭幕式	机翻	0	0
ปิดเทอม	学期休息	机翻	0	0
ปิดบัง	朦胧	机翻	0	0
ปิดบัญชี	关闭账户	机翻	0	0
ปิดเบา	轻轻关闭	机翻	0	0
ปิดประตู	关门	机翻	0	0
ปิดป้อง	保护	机翻	0	0
ปิดป่า	关闭森林	机翻	0	0
ปิดปาก	插科打诨	机翻	0	0
ปิดผนึก	密封的	机翻	0	0
ปิดไฟ	关掉灯	机翻	0	0
ปิดล้อม	封锁	机翻	0	0
ปิดสำนวน	终止调查	机翻	0	0
ปิดหน้า	遮住脸	机翻	0	0
ปิดหีบ	关闭胸部	机翻	0	0
ปิดอากร	下班	机翻	0	0
ปิตร	朋友	机翻	0	0
ปิตา	皮塔饼	机翻	0	0
ปิติ	喜悦	机翻	0	0
ปิตุฆาต	弑父	机翻	0	0
ปิตุจฉา	族长	机翻	0	0
ปิตุภูมิ	祖国	机翻	0	0
ปิตุลา	族长	机翻	0	0
ปิ่นโต	饭盒	机翻	0	0
ปิยทัสสี	皮亚塔西	机翻	0	0
ปิศาจ	柏忌	机翻	0	0
ปิศาจบดี	好魔鬼	机翻	0	0
ปีกกา	括号	机翻	0	0
ปีกขวา	右翼	机翻	0	0
ปีกซ้าย	左翼	机翻	0	0
ปีกนก	小齿轮	机翻	0	0
ปีกไม้	板坯	机翻	0	0
ปีกลาย	去年	机翻	0	0
ปีกหัก	失望	机翻	0	0
ปีก่อน	一年前	机翻	0	0
ปีกุน	猪年	机翻	0	0
ปีเกิด	出生年份	机翻	0	0
ปี่แก้ว	玻璃袋	机翻	0	0
ปีขาล	虎年	机翻	0	0
ปีจอ	狗年	机翻	0	0
ปี่จุม	皮琼	机翻	0	0
ปีฉลู	牛年	机翻	0	0
ปี่ไฉน	为什么？	机翻	0	0
ปีชวด	鼠年	机翻	0	0
ปีติ	欢乐	机翻	0	0
ปีเตอร์	彼得	机翻	0	0
ปีเถาะ	兔年	机翻	0	0
ปีนป่าย	爬	机翻	0	0
ปีนัง	槟城	机翻	0	0
ปีปฏิทิน	历年	机翻	0	0
ปี่พาทย์	加麦兰	机翻	0	0
ปีมะเมีย	马年	机翻	0	0
ปีมะแม	羊年	机翻	0	0
ปีมะโรง	龙年	机翻	0	0
ปีมะโว้	自古以来	机翻	0	0
ปีมะเส็ง	蛇年	机翻	0	0
ปีย์รติ	皮拉蒂	机翻	0	0
ปีระกา	鸡年	机翻	0	0
ปีวอก	猴年	机翻	0	0
ปีศาจ	魔鬼	机翻	0	0
ปีแสง	光年	机翻	0	0
ปีหน้า	明年	机翻	0	0
ปีใหม่	新年	机翻	0	0
ปึกแผ่น	统一	机翻	0	0
ปึ่งชา	冰冷的	机翻	0	0
ปึงปัง	愤怒	机翻	0	0
ปืนกล	机枪	机翻	0	0
ปืนกลมือ	冲锋枪	机翻	0	0
ปืนครก	榴弹炮	机翻	0	0
ปืนพก	手枪	机翻	0	0
ปืนไฟ	光枪	机翻	0	0
ปืนยา	药枪	机翻	0	0
ปืนยาว	步枪	机翻	0	0
ปืนลม	气枪	机翻	0	0
ปืนสั้น	手枪	机翻	0	0
ปืนใหญ่	大炮	机翻	0	0
ปือ	普埃	机翻	0	0
ปื้อ	很暗	机翻	0	0
ปื๋อ	黑暗的	机翻	0	0
ปุกปุย	毛茸茸	机翻	0	0
ปุ้งกี๋	蛤壳形篮子	机翻	0	0
ปุงลิงค์	男性性别	机翻	0	0
ปุจฉา	疑问	机翻	0	0
ปุถุชน	布衣	机翻	0	0
ปุนัพสุ	普纳普苏	机翻	0	0
ปุบปับ	突然	机翻	0	0
ปุ๊บปั๊บ	突然	机翻	0	0
ปุปะ	搞砸了	机翻	0	0
ปุ่มกด	按钮	机翻	0	0
ปุ่มป่ำ	棘手	机翻	0	0
ปุ๋ยคอก	肥料	机翻	0	0
ปุ๋ยเคมี	化肥	机翻	0	0
ปุยนุ่น	蓬松的	机翻	0	0
ปุยฝ้าย	向下	机翻	0	0
ปุ๋ยหมัก	堆肥	机翻	0	0
ปุรพษาฒ	普拉帕萨	机翻	0	0
ปุโรหิต	牧师	机翻	0	0
ปุสส	猫	机翻	0	0
ปูเค็ม	咸蟹	机翻	0	0
ปูจ๋า	普贾	机翻	0	0
ปู่เจ้า	伟大的老人	机翻	0	0
ปูติน	普京	机翻	0	0
ปูโต๊ะ	桌布	机翻	0	0
ปู่ทวด	曾祖父	机翻	0	0
ปูทะเล	海蟹	机翻	0	0
ปูที่นอน	整理床铺	机翻	0	0
ปู่เทียด	布蒂	机翻	0	0
ปูนขาว	酸橙	机翻	0	0
ปูนดิบ	氧化钙	机翻	0	0
ปูนแดง	红石灰	机翻	0	0
ปูนปั้น	灰泥	机翻	0	0
ปูนเปียก	壁画	机翻	0	0
ปูนผิว	表面水泥	机翻	0	0
ปูนเพชร	灰泥	机翻	0	0
ปูนสอ	砂浆	机翻	0	0
ปูนสุก	酸橙	机翻	0	0
ปู่น้อย	小爷爷	机翻	0	0
ปูนา	田蟹	机翻	0	0
ปูพรม	地毯	机翻	0	0
ปูพื้น	地板	机翻	0	0
ปูมหลัง	背景	机翻	0	0
ปูมโหร	占星家的年鉴	机翻	0	0
ปูม้า	马蟹	机翻	0	0
ปูแมงมุม	蜘蛛蟹	机翻	0	0
ปู่ย่า	祖父母	机翻	0	0
ปูเล	普勒	机翻	0	0
ปูเสฉวน	寄居蟹	机翻	0	0
ปูอัด	蟹棒	机翻	0	0
ปู้อี	溥仪	机翻	0	0
เป็ดง่อย	跛脚鸭	机翻	0	0
เป็ดร่อน	滑翔鸭	机翻	0	0
เปตพลี	佩特菲利	机翻	0	0
เปตอง	法式滚球	机翻	0	0
เป็นกอง	在一堆	机翻	0	0
เป็นการ	这是	机翻	0	0
เป็นขุย	片状的	机翻	0	0
เป็นไข้	发烧	机翻	0	0
เป็นคดี	这是一个案例	机翻	0	0
เป็นความ	是	机翻	0	0
เป็นคุณ	是你	机翻	0	0
เป็นเงา	闪亮的	机翻	0	0
เป็นจริง	真的	机翻	0	0
เป็นจุณ	撕成碎片	机翻	0	0
เป็นใจ	这是我的心	机翻	0	0
เป็นช่วง	这是一个时期	机翻	0	0
เป็นชู้	通奸的	机翻	0	0
เป็นได้	它可以是	机翻	0	0
เป็นต้น	ETC	机翻	0	0
เป็นต่อ	继续	机翻	0	0
เป็นตัว	做你自己	机翻	0	0
เป็นแถว	连续	机翻	0	0
เป็นโทษ	这是一个惩罚	机翻	0	0
เป็นไท	是自由的	机翻	0	0
เป็นนัย	暗示	机翻	0	0
เป็นน้ำ	水汪汪的	机翻	0	0
เป็นแน่	当然	机翻	0	0
เป็นแนว	在一条线上	机翻	0	0
เป็นบ้า	发疯了	机翻	0	0
เป็นบุญ	这是一个优点	机翻	0	0
เป็นเบือ	很多	机翻	0	0
เป็นปกติ	这很正常	机翻	0	0
เป็นไป	有可能	机翻	0	0
เป็นผง	粉末	机翻	0	0
เป็นผล	因此	机翻	0	0
เป็นผลดี	这是一个很好的结果	机翻	0	0
เป็นแผล	这是一个伤口	机翻	0	0
เป็นพืด	这是一个网络	机翻	0	0
เป็นพื้น	基本上	机翻	0	0
เป็นมัน	它很闪亮	机翻	0	0
เป็นมา	成为	机翻	0	0
เป็นยอด	顶部	机翻	0	0
เป็นรอง	中学	机翻	0	0
เป็นระยะ	定期地	机翻	0	0
เป็นไร	事情	机翻	0	0
เป็นลม	头晕的	机翻	0	0
เป็นเล่น	这是玩	机翻	0	0
เป็นเลิศ	出色的	机翻	0	0
เป็นเวลา	是时候了	机翻	0	0
เป็นสนิม	生锈的	机翻	0	0
เป็นสุข	愉快	机翻	0	0
เป็นโสด	单身的	机翻	0	0
เป็นหนี้	负债累累	机翻	0	0
เป็นหมัน	无菌	机翻	0	0
เป็นหลัก	主要是	机翻	0	0
เป็นหวัด	感冒了	机翻	0	0
เป็นเหตุ	原因	机翻	0	0
เป็นใหญ่	做个伟大的人	机翻	0	0
เป็นอดีต	这是过去的事了	机翻	0	0
เป็นอยู่	存在	机翻	0	0
เป็นอาทิ	例如	机翻	0	0
เป็นอื่น	否则	机翻	0	0
เป็นเอง	这就是我	机翻	0	0
เป๊ปซี่	百事可乐	机翻	0	0
เปย์	支付	机翻	0	0
เป่ย์จิง	北京	机翻	0	0
เปรยปราย	迎接	机翻	0	0
เประ	霹雳州	机翻	0	0
เปรู	秘鲁	机翻	0	0
เปล่งแสง	发光	机翻	0	0
เปลญวน	吊床	机翻	0	0
เปลวแดด	太阳耀斑	机翻	0	0
เปลวไฟ	火焰	机翻	0	0
เปล่าดาย	无用	机翻	0	0
เปลือกตา	眼皮	机翻	0	0
เปลืองใจ	阻碍	机翻	0	0
เปลือยใจ	袒露你的心	机翻	0	0
เปลือยอก	赤裸上身	机翻	0	0
เปสุญวาท	诽谤	机翻	0	0
เป้อเย้อ	吹牛	机翻	0	0
เป๋อเหลอ	愚蠢的	机翻	0	0
เปะปะ	漫无目的的	机翻	0	0
เป่ากบ	吹青蛙	机翻	0	0
เป่าแตร	吹响号角	机翻	0	0
เป้านิ่ง	固定目标	机翻	0	0
เป่าปาก	哨	机翻	0	0
เป่าปี่	大声哭	机翻	0	0
เป่าหู	唆	机翻	0	0
เปิดกรุ	打开地牢	机翻	0	0
เปิดงาน	开幕式	机翻	0	0
เปิดฉาก	序幕	机翻	0	0
เปิดช่อง	打开频道	机翻	0	0
เปิดทาง	开道	机翻	0	0
เปิดปาก	张开嘴	机翻	0	0
เปิดป้าย	打开标志	机翻	0	0
เปิดเปิง	恐慌	机翻	0	0
เปิดโปง	揭开面具	机翻	0	0
เปิดผนึก	未密封	机翻	0	0
เปิดไฟ	打开灯	机翻	0	0
เปิดม่าน	打开窗帘	机翻	0	0
เปิดร้าน	开店	机翻	0	0
เปิดโลก	打开世界	机翻	0	0
เปิดศึก	公开战	机翻	0	0
เปิดอก	公然	机翻	0	0
เปิบข้าว	用手指吃米饭	机翻	0	0
เปียกแฉะ	湿的	机翻	0	0
เปียกโชก	湿透了	机翻	0	0
เปียกปอน	湿透了	机翻	0	0
เปียงยาง	平壤	机翻	0	0
เปียโน	钢琴	机翻	0	0
เปือกตม	泥	机翻	0	0
แป้งแข็ง	蛋糕粉	机翻	0	0
แป้งจี่	饼子	机翻	0	0
แป้งญวน	米粉	机翻	0	0
แป้งนวล	香粉	机翻	0	0
แป้งมัน	木薯粉	机翻	0	0
แป้งร่ำ	庞拉姆	机翻	0	0
แป้งสด	花汁面粉	机翻	0	0
แป้งสาลี	面团	机翻	0	0
แป้งหมี่	面粉	机翻	0	0
แปซิฟิก	太平洋	机翻	0	0
แปรขบวน	演习	机翻	0	0
แปรไข้	对待	机翻	0	0
แปร่งหู	听不到的	机翻	0	0
แปรญัตติ	修正案	机翻	0	0
แปรธาตุ	转化	机翻	0	0
แปรไป	改变了	机翻	0	0
แปรสภาพ	转换	机翻	0	0
แปรอักษร	改变字母	机翻	0	0
แปลกใจ	惊讶	机翻	0	0
แปลกตา	古朴的	机翻	0	0
แปลกถิ่น	奇怪的地方	机翻	0	0
แปลกที่	奇怪的是	机翻	0	0
แปลกปลอม	伪装的	机翻	0	0
แปลกแยก	疏远的	机翻	0	0
แปลกหน้า	陌生人	机翻	0	0
แปลกหู	奇怪的	机翻	0	0
แปลความ	翻译	机翻	0	0
แปลงกาย	改变你的身体	机翻	0	0
แปลงชาติ	改变国家	机翻	0	0
แปลงตัว	改变自己	机翻	0	0
แปลงผัก	菜地	机翻	0	0
แปลงผี	幽灵变身	机翻	0	0
แปลงเพศ	性别改变	机翻	0	0
แปลงไฟ	电源转换器	机翻	0	0
แปลงร่าง	转换	机翻	0	0
แปลบปลาบ	绝对地	机翻	0	0
แปลรหัส	翻译一下代码	机翻	0	0
แปลร้อย	数百种翻译	机翻	0	0
แปลอักษร	翻译字母	机翻	0	0
แปะก๊วย	银杏	机翻	0	0
แปะโป้ง	裴蓬	机翻	0	0
โปกฮา	幽默	机翻	0	0
โปเก	恶化的	机翻	0	0
โป่งข่าม	石英晶体	机翻	0	0
โป่งดิน	盐土	机翻	0	0
โป่งน้ำ	弹簧口	机翻	0	0
โปงลาง	蓬朗	机翻	0	0
โป้ปด	说谎	机翻	0	0
โป๊ยกั้ก	八角	机翻	0	0
โปร่งใจ	我心里很清楚	机翻	0	0
โปร่งตา	清澈的眼睛	机翻	0	0
โปร่งบาง	纯粹	机翻	0	0
โปร่งลม	通风的	机翻	0	0
โปร่งแสง	半透明	机翻	0	0
โปรดปราน	青睐	机翻	0	0
โปรตอน	质子	机翻	0	0
โปรตุเกส	葡萄牙	机翻	0	0
โปรยปราย	雨	机翻	0	0
โปรยยิ้ม	洒下微笑	机翻	0	0
โปลิศ	警察	机翻	0	0
โปลิโอ	脊髓灰质炎	机翻	0	0
โปแลนด์	波兰	机翻	0	0
โปโล	马球	机翻	0	0
โปสการ์ด	明信片	机翻	0	0
โปสเตอร์	海报	机翻	0	0
โป๊ะแตก	灯罩	机翻	0	0
ไปก่อน	先走吧	机翻	0	0
ไปกันได้	我们走吧	机翻	0	0
ไปดี	顺利	机翻	0	0
ไปทางลัด	走捷径	机翻	0	0
ไปทุ่ง	去田野里	机翻	0	0
ไปเที่ยว	旅行	机翻	0	0
ไปนอก	出国	机翻	0	0
ไปมา	往返	机翻	0	0
ไปยาล	派亚尔	机翻	0	0
ไปรเวต	转到私人	机翻	0	0
ไปราชการ	去政府服务	机翻	0	0
ไปเรื่อย	继续前进	机翻	0	0
ไปสวรรค์	去天堂	机翻	0	0
ไปหา	去找	机翻	0	0
ไปให้พ้น	离开	机翻	0	0
ผ	磷	机翻	0	0
ผกผงก	检查员点点头	机翻	0	0
ผกผัน	逆	机翻	0	0
ผกา	法卡	机翻	0	0
ผคม	我很敏锐	机翻	0	0
ผงก	点头	机翻	0	0
ผงกศีรษะ	点点头	机翻	0	0
ผงกหัว	点点头	机翻	0	0
ผงขาว	海洛因	机翻	0	0
ผงคลี	灰尘	机翻	0	0
ผงชูรส	味精	机翻	0	0
ผงฟู	发酵粉	机翻	0	0
ผงะ	惊讶	机翻	0	0
ผงะหงาย	面朝上	机翻	0	0
ผงาด	突出地	机翻	0	0
ผง่าน	明显地	机翻	0	0
ผจง	哇！	机翻	0	0
ผจญ	冒险	机翻	0	0
ผจญภัย	冒险	机翻	0	0
ผณิ	帕尼	机翻	0	0
ผณิน	帕宁	机翻	0	0
ผณิศวร	法尼宣	机翻	0	0
ผดุง	支持	机翻	0	0
ผทม	混合	机翻	0	0
ผไท	帕泰	机翻	0	0
ผนวก	附加	机翻	0	0
ผนวช	剃度	机翻	0	0
ผนังห้อง	房间墙壁	机翻	0	0
ผนึก	海豹	机翻	0	0
ผมบ๊อบ	鲍勃	机翻	0	0
ผมบาง	头发稀疏	机翻	0	0
ผมปลอม	假发	机翻	0	0
ผมเป๋	分开的头发	机翻	0	0
ผมเปีย	辫子	机翻	0	0
ผมเผ้า	戴头发	机翻	0	0
ผมไฟ	我着火了	机翻	0	0
ผมม้า	马毛	机翻	0	0
ผมรักคุณ	我爱你	机翻	0	0
ผมหงอก	白发	机翻	0	0
ผมหยิก	卷发	机翻	0	0
ผยอง	昂首阔步	机翻	0	0
ผรุสวาท	谩骂的	机翻	0	0
ผลกรรม	业力	机翻	0	0
ผลกำไร	利润	机翻	0	0
ผลคูณ	产品	机翻	0	0
ผลดี	良好的结果	机翻	0	0
ผลได้	结果	机翻	0	0
ผลต่าง	不同之处	机翻	0	0
ผลที่สุด	最有效的	机翻	0	0
ผลบวก	积极的结果	机翻	0	0
ผลบุญ	优点	机翻	0	0
ผลพวง	后果	机翻	0	0
ผลรวม	和	机翻	0	0
ผลร้าย	不良影响	机翻	0	0
ผลวิจัย	研究成果	机翻	0	0
ผลสรุป	结论	机翻	0	0
ผลสะท้อน	反射	机翻	0	0
ผลสำรวจ	调查结果	机翻	0	0
ผลสำเร็จ	成功的结果	机翻	0	0
ผล็อย	迅速地	机翻	0	0
ผละ	脱离	机翻	0	0
ผละหนี	逃跑	机翻	0	0
ผละออก	脱离	机翻	0	0
ผลักดัน	推	机翻	0	0
ผลักภาระ	推重担	机翻	0	0
ผลักไส	贬谪	机翻	0	0
ผลัด	轮流	机翻	0	0
ผลัดกัน	轮流	机翻	0	0
ผลัดใบ	落叶树	机翻	0	0
ผลัดผ้า	脱掉衣服	机翻	0	0
ผลาญ	消耗	机翻	0	0
ผลาผล	水果	机翻	0	0
ผลาหาร	水果	机翻	0	0
ผลิ	开花	机翻	0	0
ผลิตกรรม	生产	机翻	0	0
ผลิตผล	生产	机翻	0	0
ผลิบาน	盛开	机翻	0	0
ผลีผลาม	贸然	机翻	0	0
ผลึก	水晶	机翻	0	0
ผลึกศิลา	石晶	机翻	0	0
ผลุง	生产	机翻	0	0
ผลุน	突然	机翻	0	0
ผลุนผลัน	粗暴	机翻	0	0
ผลุบ	鸭子	机翻	0	0
ผลุบผลับ	草草	机翻	0	0
ผลุบโผล่	上下鲍勃	机翻	0	0
ผลุย	前进	机翻	0	0
ผวา	震惊	机翻	0	0
ผสมเกสร	授粉	机翻	0	0
ผสมเทียม	人工授精	机翻	0	0
ผสมผเส	杂色的	机翻	0	0
ผสมโรง	参加	机翻	0	0
ผสาน	合并	机翻	0	0
ผ่องแผ้ว	明亮的	机翻	0	0
ผ่องใส	健康	机翻	0	0
ผ่อนผัน	宽大	机翻	0	0
ผ่อนแรง	放松	机翻	0	0
ผ่อนส่ง	分期付款	机翻	0	0
ผอบ	棺材	机翻	0	0
ผอมเกร็ง	薄而坚固	机翻	0	0
ผอมโซ	杂草丛生	机翻	0	0
ผอมแห้ง	憔悴的	机翻	0	0
ผ็อย	立刻	机翻	0	0
ผะสา	法萨	机翻	0	0
ผักขม	菠菜	机翻	0	0
ผักโขม	菠菜	机翻	0	0
ผักชี	香菜	机翻	0	0
ผักดอง	泡菜	机翻	0	0
ผักตบชวา	水葫芦	机翻	0	0
ผักแพว	蔬菜	机翻	0	0
ผักสด	新鲜蔬菜	机翻	0	0
ผักสลัด	沙拉蔬菜	机翻	0	0
ผัคคุณ	朴佑	机翻	0	0
ผังงาน	流程图	机翻	0	0
ผังเมือง	城市规划	机翻	0	0
ผัดไท	泰式炒河粉	机翻	0	0
ผัดผ่อน	推迟	机翻	0	0
ผัดวัน	拖延	机翻	0	0
ผันแปร	各不相同	机翻	0	0
ผันผยอง	腾跃	机翻	0	0
ผันผ่อน	推迟	机翻	0	0
ผันผาย	开始	机翻	0	0
ผันอักษร	共轭	机翻	0	0
ผัวเมีย	配偶和妻子	机翻	0	0
ผ้าขนหนู	毛巾	机翻	0	0
ผ้าซิ่น	纱笼	机翻	0	0
ผ่าซีก	切成两半	机翻	0	0
ผาดผัง	短跑	机翻	0	0
ผาดแผลง	快速射击	机翻	0	0
ผาดโผน	危险地	机翻	0	0
ผ้าแดง	红布	机翻	0	0
ผ้าตา	眼布	机翻	0	0
ผ้าไตร	三布	机翻	0	0
ผ้าถุง	纱笼	机翻	0	0
ผ่านพ้น	通过	机翻	0	0
ผ่านพบ	发现通过	机翻	0	0
ผ่านพิภพ	穿过地球	机翻	0	0
ผ่านฟ้า	穿过天空	机翻	0	0
ผ่านมา	经过	机翻	0	0
ผ่านราคา	通过价格	机翻	0	0
ผ้านวม	被子	机翻	0	0
ผ่านหน้า	从前面经过	机翻	0	0
ผ้านุ่ง	巴农	机翻	0	0
ผ้าเน่า	烂布	机翻	0	0
ผ้าใบ	帆布	机翻	0	0
ผ้าผวย	毯子	机翻	0	0
ผ่าเผย	庄严	机翻	0	0
ผ้าฝ้าย	棉布	机翻	0	0
ผ้าพัน	绷带	机翻	0	0
ผ้าพื้น	织物	机翻	0	0
ผ้าแพร	缎	机翻	0	0
ผ้าม่าน	窗帘	机翻	0	0
ผายปอด	复苏	机翻	0	0
ผายผัน	转动	机翻	0	0
ผายลม	屁	机翻	0	0
ผ้าเย็น	凉布	机翻	0	0
ผ้าลาย	印花布	机翻	0	0
ผาสุก	舒适	机翻	0	0
ผาสุข	帕苏克	机翻	0	0
ผ่าเหล่า	突变	机翻	0	0
ผ้าไหม	丝绸	机翻	0	0
ผ้าอ้อม	尿布	机翻	0	0
ผิดกติกา	违反规则	机翻	0	0
ผิดคำพูด	用词错误	机翻	0	0
ผิดใจ	被冒犯了	机翻	0	0
ผิดใจกัน	我们有分歧	机翻	0	0
ผิดทาง	错误的方法	机翻	0	0
ผิดปรกติ	异常	机翻	0	0
ผิดผี	通奸	机翻	0	0
ผิดพลาด	错误	机翻	0	0
ผิดรูป	变形的	机翻	0	0
ผิดวินัย	违反纪律	机翻	0	0
ผิดส่วน	错误的部分	机翻	0	0
ผิดสำแดง	误传	机翻	0	0
ผิวขาว	白皮肤	机翻	0	0
ผิวคล้ำ	深色皮肤	机翻	0	0
ผิวจราจร	路面	机翻	0	0
ผิวดำ	黑皮肤	机翻	0	0
ผิวถนน	路面	机翻	0	0
ผิวนอก	外表面	机翻	0	0
ผิวปาก	吹口哨	机翻	0	0
ผิวสองสี	双色皮肤	机翻	0	0
ผิวหนัง	皮肤	机翻	0	0
ผีกระสือ	克拉苏鬼	机翻	0	0
ผีกระหัง	皮卡杭	机翻	0	0
ผีขนุน	菠萝蜜幽灵	机翻	0	0
ผีดิบ	僵尸	机翻	0	0
ผีตายโหง	一个死鬼	机翻	0	0
ผีน้อย	小鬼	机翻	0	0
ผีปอบ	食人魔	机翻	0	0
ผีฟ้า	蓝色幽灵	机翻	0	0
ผีเรือน	家神	机翻	0	0
ผีสิง	闹鬼	机翻	0	0
ผีอำ	鬼	机翻	0	0
ผึ้งงาน	工蜂	机翻	0	0
ผึ้งรวง	蜜蜂	机翻	0	0
ผึ้งหึ่ง	蜜蜂嗡嗡作响	机翻	0	0
ผืนดิน	土地	机翻	0	0
ผืนน้ำ	水	机翻	0	0
ผืนป่า	森林	机翻	0	0
ผุกร่อน	风化	机翻	0	0
ผูกขาด	垄断	机翻	0	0
ผูกจิต	束缚心灵	机翻	0	0
ผูกพันธ์	已连接	机翻	0	0
ผูกไมตรี	交朋友	机翻	0	0
ผูกเวร	绑起来	机翻	0	0
ผู้การ	指挥官	机翻	0	0
ผู้แก้ไข	编辑	机翻	0	0
ผู้ขับ	司机	机翻	0	0
ผู้ขี่	骑士	机翻	0	0
ผู้คน	人们	机翻	0	0
ผู้ค้นพบ	发现者	机翻	0	0
ผู้ค้า	商	机翻	0	0
ผู้คุม	典狱长	机翻	0	0
ผู้ฆ่า	杀手	机翻	0	0
ผู้โฆษณา	广告商	机翻	0	0
ผู้จัดทำ	创作者	机翻	0	0
ผู้จ้าง	雇主	机翻	0	0
ผู้จำนอง	抵押人	机翻	0	0
ผู้จำนำ	典当	机翻	0	0
ผู้เจรจา	谈判者	机翻	0	0
ผู้ชนะ	优胜者	机翻	0	0
ผู้ช่วย	助手	机翻	0	0
ผู้ชักนำ	诱导剂	机翻	0	0
ผู้ชี้นำ	指导	机翻	0	0
ผู้ใช้	用户	机翻	0	0
ผู้เฒ่า	长老	机翻	0	0
ผู้ดี	贵族	机翻	0	0
ผู้ดีจัด	贵族	机翻	0	0
ผู้ดู	观众	机翻	0	0
ผู้ดูแล	看门人	机翻	0	0
ผู้เดียว	独自的	机翻	0	0
ผู้ใด	WHO？	机翻	0	0
ผู้ตรวจ	督察	机翻	0	0
ผู้ตาม	追随者	机翻	0	0
ผู้ติดยา	吸毒者	机翻	0	0
ผู้แต่ง	作者	机翻	0	0
ผู้ทดลอง	实验者	机翻	0	0
ผู้ทรยศ	叛徒	机翻	0	0
ผู้ท้า	挑战者	机翻	0	0
ผู้ทำนาย	先知	机翻	0	0
ผู้ทำลาย	驱逐舰	机翻	0	0
ผู้ไท	富泰	机翻	0	0
ผู้น้อย	初级	机翻	0	0
ผู้นำ	领导者	机翻	0	0
ผู้นำทาง	指导	机翻	0	0
ผู้นำฝูง	狼群首领	机翻	0	0
ผู้บงการ	策划者	机翻	0	0
ผู้บัญชา	指挥官	机翻	0	0
ผู้แปล	翻译者	机翻	0	0
ผู้ผิด	有罪的人	机翻	0	0
ผู้ฝาก	储户	机翻	0	0
ผู้ฝึก	训练师	机翻	0	0
ผู้พัฒนา	开发商	机翻	0	0
ผู้พัน	上校	机翻	0	0
ผู้พิชิต	征服者	机翻	0	0
ผู้พิมพ์	出版商	机翻	0	0
ผู้พูด	扬声器	机翻	0	0
ผู้ภักดี	忠诚	机翻	0	0
ผู้มอง	观众	机翻	0	0
ผู้มีชัย	胜利者	机翻	0	0
ผู้มุสา	说谎者	机翻	0	0
ผู้ยืม	借款人	机翻	0	0
ผู้ยุยง	煽动者	机翻	0	0
ผู้รักษา	治疗师	机翻	0	0
ผู้รับ	接受者	机翻	0	0
ผู้ร้าย	罪魁祸首	机翻	0	0
ผู้รู้	百事通	机翻	0	0
ผู้เรียน	学生	机翻	0	0
ผู้ลงทุน	投资者	机翻	0	0
ผู้ลงนาม	西格纳	机翻	0	0
ผู้ลงมือ	实干家	机翻	0	0
ผู้ล่า	猎人	机翻	0	0
ผู้เล่น	玩家	机翻	0	0
ผู้เล่า	讲故事的人	机翻	0	0
ผู้ว่า	州长	机翻	0	0
ผู้วาด	插画家	机翻	0	0
ผู้วิจัย	研究员	机翻	0	0
ผู้วิเศษ	魔术师	机翻	0	0
ผู้ส่ง	发件人	机翻	0	0
ผู้สมคบ	同案犯	机翻	0	0
ผู้สร้าง	创造者	机翻	0	0
ผู้สอน	讲师	机翻	0	0
ผู้สั่ง	订购者	机翻	0	0
ผู้เสนอ	支持者	机翻	0	0
ผู้แสดง	演员	机翻	0	0
ผู้หมวด	中尉	机翻	0	0
ผู้ให้	给予者	机翻	0	0
ผู้อาภัพ	不幸的人	机翻	0	0
ผู้อื่น	别人	机翻	0	0
เผชิญภัย	面对危险	机翻	0	0
เผด็จ	征服	机翻	0	0
เผด็จศึก	结束战争	机翻	0	0
เผ่นพรวด	飞跃	机翻	0	0
เผ่นหนี	逃跑	机翻	0	0
เผยอ	揭示	机翻	0	0
เผยิบ	皮瓣	机翻	0	0
เผล่	广泛地	机翻	0	0
เผลอ	无人看守的	机翻	0	0
เผลอใจ	偶然	机翻	0	0
เผลอตัว	我没有意识到	机翻	0	0
เผลอไผล	鲁莽	机翻	0	0
เผลอสติ	无意识	机翻	0	0
เผละ	不负责任地	机翻	0	0
เผลาะ	流行音乐	机翻	0	0
เผอเรอ	不小心	机翻	0	0
เผอิญ	偶然	机翻	0	0
เผาขน	近距离	机翻	0	0
เผาจริง	真的烧了	机翻	0	0
เผ้าผง	布粉	机翻	0	0
เผาศพ	火葬	机翻	0	0
เผาหลอก	假烧	机翻	0	0
เผาหัว	加热火花塞	机翻	0	0
เผื่อแผ่	慷慨的	机翻	0	0
เผื่อว่า	假如	机翻	0	0
แผ่ขยาย	扩张	机翻	0	0
แผงคอ	鬃毛	机翻	0	0
แผงลอย	摊位	机翻	0	0
แผ่ซ่าน	弥漫	机翻	0	0
แผดเผา	灼热的	机翻	0	0
แผดเสียง	吼	机翻	0	0
แผนกผลิต	生产部	机翻	0	0
แผนการ	计划	机翻	0	0
แผ่นซีดี	光盘	机翻	0	0
แผ่นดิน	土地	机翻	0	0
แผ่นตรวจ	考试表	机翻	0	0
แผ่นปลิว	传单	机翻	0	0
แผนผัง	图表	机翻	0	0
แผ่นพับ	小册子	机翻	0	0
แผนภาพ	图表	机翻	0	0
แผ่นภาพ	图表	机翻	0	0
แผนภูมิ	图表	机翻	0	0
แผนใหม่	新计划	机翻	0	0
แผ่เผื่อ	担待	机翻	0	0
แผ่เมตตา	富有同情心	机翻	0	0
แผ่รังสี	辐射	机翻	0	0
แผ่รัศมี	辐射	机翻	0	0
แผลเก่า	创伤	机翻	0	0
แผลง	偏心地	机翻	0	0
แผลงศร	射箭	机翻	0	0
แผลใจ	受伤的心	机翻	0	0
แผล็บ	光滑	机翻	0	0
แผลเป็น	瘢痕	机翻	0	0
แผละ	无力地	机翻	0	0
แผ้วถาง	清除	机翻	0	0
แผ่วเบา	轻轻	机翻	0	0
แผ้วพาน	打扰	机翻	0	0
แผ่สาขา	展开树枝	机翻	0	0
แผ่หลา	躺着	机翻	0	0
แผ่ออก	展开	机翻	0	0
แผ่อำนาจ	强化	机翻	0	0
โผเข้าหา	冲向	机翻	0	0
โผงผาง	直言不讳地	机翻	0	0
โผบิน	飞	机翻	0	0
โผเผ	疲倦地	机翻	0	0
โผล่	戳	机翻	0	0
โผลกเผลก	跛脚的	机翻	0	0
ไผท	地球	机翻	0	0
ไผทโกรม	地球	机翻	0	0
ฝ	雨	机翻	0	0
ฝนกรด	酸雨	机翻	0	0
ฝนชะลาน	一月雨	机翻	0	0
ฝนดาวตก	流星雨	机翻	0	0
ฝนเทียม	人工降雨	机翻	0	0
ฝนฟ้า	蓝色的雨	机翻	0	0
ฝนลงเม็ด	下雨了	机翻	0	0
ฝนแล้ง	干旱	机翻	0	0
ฝนหลวง	御雨	机翻	0	0
ฝรั่งเศษ	法国	机翻	0	0
ฝรั่งเศส	法国	机翻	0	0
ฝอยทอง	菲通	机翻	0	0
ฝักบัว	淋浴	机翻	0	0
ฝักฝ่าย	派	机翻	0	0
ฝักใฝ่	专注于	机翻	0	0
ฝักมะขาม	侧手翻段	机翻	0	0
ฝังเข็ม	针刺	机翻	0	0
ฝั่งคลอง	运河边	机翻	0	0
ฝังใจ	留下深刻印象	机翻	0	0
ฝังดิน	埋在地下	机翻	0	0
ฝังตัว	嵌入式	机翻	0	0
ฝั่งทะเล	海边	机翻	0	0
ฝั่งน้ำ	水边	机翻	0	0
ฝังใน	嵌入在	机翻	0	0
ฝั่งฝา	坚固度	机翻	0	0
ฝังราก	根	机翻	0	0
ฝังศพ	葬礼	机翻	0	0
ฝังหัว	盲目相信	机翻	0	0
ฝันค้าง	过夜梦	机翻	0	0
ฝันดี	甜蜜的梦	机翻	0	0
ฝันเปียก	梦遗	机翻	0	0
ฝันใฝ่	梦	机翻	0	0
ฝันร้าย	恶梦	机翻	0	0
ฝันหวาน	甜蜜的梦	机翻	0	0
ฝากขัง	被监禁	机翻	0	0
ฝากไข่	存蛋	机翻	0	0
ฝากไข้	发烧请留言	机翻	0	0
ฝากเงิน	存钱	机翻	0	0
ฝากตัว	自我介绍一下	机翻	0	0
ฝากผี	留下一个鬼魂	机翻	0	0
ฝากฝัง	推荐	机翻	0	0
ฝากระดาน	板盖	机翻	0	0
ฝาขัดแตะ	格子盖	机翻	0	0
ฝ่าเท้า	脚底	机翻	0	0
ฝ่าบาท	陛下	机翻	0	0
ฝาผนัง	墙	机翻	0	0
ฝาแฝด	双胞胎	机翻	0	0
ฝ่าฟัน	反对	机翻	0	0
ฝ้าฟาง	阴霾	机翻	0	0
ฝ่าไฟแดง	闯红灯	机翻	0	0
ฝ่ามรสุม	斗争	机翻	0	0
ฝ้ามัว	朦胧	机翻	0	0
ฝ่ายขวา	右倾	机翻	0	0
ฝ่ายซ้าย	左派	机翻	0	0
ฝ่ายใน	内派	机翻	0	0
ฝ่ายบิดา	父亲的身边	机翻	0	0
ฝ่ายรับ	接收方	机翻	0	0
ฝ่ายเสนอ	支持者	机翻	0	0
ฝ่ายหน้า	正面	机翻	0	0
ฝาเรือน	房屋盖	机翻	0	0
ฝาละมี	锅盖	机翻	0	0
ฝาหม้อ	锅盖	机翻	0	0
ฝาห้อง	房间盖	机翻	0	0
ฝีกาฬ	恶性疮	机翻	0	0
ฝีจักร	发动机功率	机翻	0	0
ฝีดาษ	天花	机翻	0	0
ฝีดาษลิง	猴痘	机翻	0	0
ฝีตีน	脚步声	机翻	0	0
ฝีเท้า	步伐	机翻	0	0
ฝีในท้อง	肺结核	机翻	0	0
ฝีปาก	唇	机翻	0	0
ฝีพาย	水手	机翻	0	0
ฝีมะม่วง	腹股沟淋巴结炎	机翻	0	0
ฝีมือ	做工	机翻	0	0
ฝีมือดี	做工好	机翻	0	0
ฝีเย็บ	会阴	机翻	0	0
ฝึกซ้อม	实践	机翻	0	0
ฝึกนิสัย	练习习惯	机翻	0	0
ฝึกปรือ	钻头	机翻	0	0
ฝึกสมอง	大脑训练	机翻	0	0
ฝึกสอน	教练	机翻	0	0
ฝึกหัด	实践	机翻	0	0
ฝืนใจ	勉强	机翻	0	0
ฝืนทน	忍受	机翻	0	0
ฝืนยิ้ม	强颜欢笑	机翻	0	0
ฝุ่นควัน	烟尘	机翻	0	0
ฝุ่นจับ	尘土飞扬的	机翻	0	0
ฝุ่นตลบ	灰尘	机翻	0	0
ฝุ่นธุลี	灰尘	机翻	0	0
ฝุ่นผง	灰尘	机翻	0	0
ฝูงชน	人群	机翻	0	0
ฝูงบิน	中队	机翻	0	0
เฝ้าไข้	护士	机翻	0	0
เฝ้าคอย	等待	机翻	0	0
เฝ้าดู	手表	机翻	0	0
เฝ้าดูแล	看守	机翻	0	0
เฝ้าถาม	继续询问	机翻	0	0
เฝ้าบ้าน	看管房子	机翻	0	0
เฝ้ามอง	观看	机翻	0	0
เฝ้ายาม	保持警惕	机翻	0	0
เฝ้ารอ	等待	机翻	0	0
เฝ้าแหน	出席	机翻	0	0
แฝกหอม	象草	机翻	0	0
แฝงตัว	隐	机翻	0	0
แฝงเร้น	隐	机翻	0	0
แฝดน้ำ	双水	机翻	0	0
แฝดเลือด	双生血	机翻	0	0
แฝดสอง	双胞胎	机翻	0	0
แฝดสาม	三胞胎	机翻	0	0
แฝดสี่	四胞胎	机翻	0	0
ใฝ่ใจ	热衷于	机翻	0	0
ใฝ่ต่ำ	品味低下	机翻	0	0
ใฝ่สูง	志存高远	机翻	0	0
พ	磷	机翻	0	0
พกนุ่น	扛着木棉	机翻	0	0
พกพา	便携的	机翻	0	0
พกลม	携带风	机翻	0	0
พกอาวุธ	携带武器	机翻	0	0
พงพี	蓬皮	机翻	0	0
พงไพร	森林	机翻	0	0
พงศ	时代	机翻	0	0
พงศ์	家庭	机翻	0	0
พงศาวดาน	编年史	机翻	0	0
พงศาวดาร	编年史	机翻	0	0
พงศาวลี	家谱	机翻	0	0
พงษาวดาร	编年史	机翻	0	0
พงหญ้า	草	机翻	0	0
พจน	字典	机翻	0	0
พจน์	措辞	机翻	0	0
พจี	PG	机翻	0	0
พญา	帕亚	机翻	0	0
พญาณ	精神	机翻	0	0
พญานาค	蛇	机翻	0	0
พญาไร้ใบ	无叶药用树	机翻	0	0
ฯพณฯ	阁下	机翻	0	0
พณิช	商	机翻	0	0
พณิชย์	商业	机翻	0	0
พดกริช	波德克里特	机翻	0	0
พดด้วง	波德杜昂	机翻	0	0
พธู	新娘	机翻	0	0
พ้นกำหนด	逾期	机翻	0	0
พ้นข้อหา	被无罪释放	机翻	0	0
พ้นตัว	逃脱	机翻	0	0
พ้นทุกข์	远离苦难	机翻	0	0
พ้นผิด	无罪释放	机翻	0	0
พ้นภัย	逃离危险	机翻	0	0
พนม	爬坡道	机翻	0	0
พนมเปญ	金边	机翻	0	0
พนมเพลิง	火葬火	机翻	0	0
พนมมือ	双手合十	机翻	0	0
พนมศก	金索	机翻	0	0
พนมศพ	尸体	机翻	0	0
พ่นลม	喷射空气	机翻	0	0
พ้นวิสัย	不可能	机翻	0	0
พนสณฑ์	森林边缘	机翻	0	0
พ้นสมัย	已过时	机翻	0	0
พนอง	冯	机翻	0	0
พนัก	职员	机翻	0	0
พนักแขน	扶手	机翻	0	0
พนักพิง	靠背	机翻	0	0
พนัง	皮瓣	机翻	0	0
พนัญเชิง	帕南琼	机翻	0	0
พนัน	赌注	机翻	0	0
พนัสบดี	森林之王	机翻	0	0
พนา	森林	机翻	0	0
พนาด	法拉德	机翻	0	0
พนาดร	高森林	机翻	0	0
พนาราม	阴凉的森林	机翻	0	0
พนาลัย	森林住宅	机翻	0	0
พนาลี	森林边缘	机翻	0	0
พนาวาส	森林住宅	机翻	0	0
พนาเวศ	树林	机翻	0	0
พนิดา	年轻女孩	机翻	0	0
พนิต	心爱	机翻	0	0
พเนก	帕内克	机翻	0	0
พเนจร	游牧的	机翻	0	0
พแนงเชีง	蒋帕能	机翻	0	0
พบกัน	再见	机翻	0	0
พบจุดจบ	找到了结局	机翻	0	0
พบปะ	见面	机翻	0	0
พบพาน	遇到	机翻	0	0
พบเห็น	看	机翻	0	0
พม่า	缅甸	机翻	0	0
พยศ	易受惊吓的	机翻	0	0
พยัก	点头	机翻	0	0
พยักหน้า	点点头	机翻	0	0
พยัคฆ์	老虎	机翻	0	0
พยับ	黑暗的	机翻	0	0
พยับแดด	阴霾	机翻	0	0
พยาธิ	寄生虫	机翻	0	0
พยานเท็จ	假证人	机翻	0	0
พยานรัก	爱情的见证	机翻	0	0
พยานเอก	主要证人	机翻	0	0
พยาบาท	复仇心强的	机翻	0	0
พยุง	支持	机翻	0	0
พยุงปีก	支撑翅膀	机翻	0	0
พยุหเสนา	军团	机翻	0	0
พยุหะ	部落	机翻	0	0
พเยีย	花束	机翻	0	0
พรทิพย์	蓬蒂普	机翻	0	0
พรมแดน	边界	机翻	0	0
พรมนิ้ว	发出颤音	机翻	0	0
พรรค	派对	机翻	0	0
พรรค์	种类	机翻	0	0
พรรคพวก	党派	机翻	0	0
พรรณ	物种	机翻	0	0
พรรณนา	描绘	机翻	0	0
พรรณไม้	植物	机翻	0	0
พรรดึก	深夜聚会	机翻	0	0
พรรฦก	派对	机翻	0	0
พรรษ	雨	机翻	0	0
พรรษฤดู	雨季	机翻	0	0
พรรษา	雨季	机翻	0	0
พรรษากาล	雨季	机翻	0	0
พรวดพราด	突然	机翻	0	0
พรแสวง	波恩萨旺	机翻	0	0
พรหม	梵	机翻	0	0
พรหมจารี	处女	机翻	0	0
พรหมชาติ	婆罗门图	机翻	0	0
พรหมแดน	边疆	机翻	0	0
พรหมไทย	泰国梵天	机翻	0	0
พร้อมกัน	一起	机翻	0	0
พร้อมกับ	连同	机翻	0	0
พร้อมใจ	团结	机翻	0	0
พร้อมมูล	完全地	机翻	0	0
พระคุณ	优雅	机翻	0	0
พระเจ้า	上帝	机翻	0	0
พระชนม์	生活	机翻	0	0
พระตะบอง	马德望	机翻	0	0
พระทอง	帕通	机翻	0	0
พระทัย	心	机翻	0	0
พระธรรม	正法	机翻	0	0
พระธาตุ	帕拉泰	机翻	0	0
พระนคร	首都	机翻	0	0
พระนม	帕侬	机翻	0	0
พระนอน	卧佛	机翻	0	0
พระนาง	女王	机翻	0	0
พระนาด	帕拉纳特	机翻	0	0
พระนาม	姓名	机翻	0	0
พระบรมศพ	皇家遗骸	机翻	0	0
พระบาง	帕邦	机翻	0	0
พระบาท	陛下的脚	机翻	0	0
พระพรหม	梵	机翻	0	0
พระพิมพ์	还愿牌	机翻	0	0
พระพุทธ	佛	机翻	0	0
พระภิกษุ	僧	机翻	0	0
พระภูมิ	普密蓬·阿杜德	机翻	0	0
พระมารดา	太后	机翻	0	0
พระยา	王子	机翻	0	0
พระเยซู	耶稣	机翻	0	0
พระรอง	第二根弦	机翻	0	0
พระราชา	国王	机翻	0	0
พระราม	罗摩	机翻	0	0
พระรูป	佛像	机翻	0	0
พระรูปชี	修女时期的皇室	机翻	0	0
พระวรสาร	福音	机翻	0	0
พระวิหาร	寺庙	机翻	0	0
พระศาสนา	宗教	机翻	0	0
พระสงฆ์	僧侣	机翻	0	0
พระองค์	他	机翻	0	0
พระอาราม	修道院	机翻	0	0
พระเอก	英雄	机翻	0	0
พรั่งพรู	喷	机翻	0	0
พร่ามัว	模糊	机翻	0	0
พรายทะเล	耀眼的光芒	机翻	0	0
พรายน้ำ	水精灵	机翻	0	0
พรายย้ำ	挫伤	机翻	0	0
พรายแสง	闪烁的光芒	机翻	0	0
พราวแพรว	闪光	机翻	0	0
พราหมณ์	婆罗门	机翻	0	0
พราหมณี	婆罗门	机翻	0	0
พร่ำบ่น	抱怨	机翻	0	0
พร่ำพลอด	赞美	机翻	0	0
พร่ำพูด	继续说话	机翻	0	0
พร่ำเพ้อ	胡说八道	机翻	0	0
พร่ำสอน	教	机翻	0	0
พริกดอง	腌辣椒	机翻	0	0
พริกเทศ	进口干辣椒	机翻	0	0
พริกไทย	黑胡椒	机翻	0	0
พริกลาบ	辣拉布辣椒	机翻	0	0
พริกหยวก	灯笼椒	机翻	0	0
พริชตีนา	普里什蒂纳	机翻	0	0
พรินต์	打印	机翻	0	0
พริบตา	眨眼	机翻	0	0
พรึบพรับ	一下子	机翻	0	0
พฤกษ	弗洛拉	机翻	0	0
พฤกษ์	普鲁克	机翻	0	0
พฤกษชาติ	绿化	机翻	0	0
พฤกษา	植物区系	机翻	0	0
พฤฒ	直通	机翻	0	0
พฤฒสภา	树木委员会	机翻	0	0
พฤฒิบาศ	弗鲁蒂巴斯	机翻	0	0
พฤตินัย	事实上的	机翻	0	0
พฤศจิก	蝎	机翻	0	0
พฤศจิกา	十一月	机翻	0	0
พฤษภ	金牛座	机翻	0	0
พฤษภา	可能	机翻	0	0
พฤหัส	周四	机翻	0	0
พฤหัสบดี	周四	机翻	0	0
พลฯ	一般的	机翻	0	0
พลการ	任意地	机翻	0	0
พลขับ	司机	机翻	0	0
พลความ	随机性	机翻	0	0
พลเดช	丰代	机翻	0	0
พลตระเวน	巡逻员	机翻	0	0
พลตรี	少将	机翻	0	0
พลทหาร	士兵	机翻	0	0
พลโท	中将	机翻	0	0
พลบค่ำ	暮	机翻	0	0
พลพรรค	党派	机翻	0	0
พลพาย	冯派	机翻	0	0
พลม้า	骑兵	机翻	0	0
พลร่ม	伞兵	机翻	0	0
พลเรือโท	上将	机翻	0	0
พลเรือน	平民	机翻	0	0
พลโลก	世界人民	机翻	0	0
พลศาสตร์	动力学	机翻	0	0
พลศึกษา	体操	机翻	0	0
พลสิงห์	砖楼梯的扶手	机翻	0	0
พลอดรัก	比尔和库奥	机翻	0	0
พล็อต	阴谋	机翻	0	0
พลอมแพลม	稀疏地	机翻	0	0
พลเอก	一般的	机翻	0	0
พละ	体育	机翻	0	0
พละกำลัง	力量	机翻	0	0
พลัง	活力	机翻	0	0
พลังจิต	心灵力量	机翻	0	0
พลังน้ำ	水力发电	机翻	0	0
พลั้งปาก	失言	机翻	0	0
พลัดตก	摔倒了	机翻	0	0
พลัดพราก	流浪	机翻	0	0
พลับพลา	圣坛	机翻	0	0
พลับพลึง	睡莲	机翻	0	0
พลากร	武装部队	机翻	0	0
พลาซ่า	广场	机翻	0	0
พลาดท่า	错过了一个动作	机翻	0	0
พลาดนัด	错过了约会	机翻	0	0
พลานามัย	健康	机翻	0	0
พลาสมา	等离子体	机翻	0	0
พลิ	普利	机翻	0	0
พลิกกลับ	翻	机翻	0	0
พลิกคว่ำ	推翻了	机翻	0	0
พลิกตัว	翻	机翻	0	0
พลิกผัน	回转	机翻	0	0
พลิกแพลง	灵活的	机翻	0	0
พลิกฟื้น	复活	机翻	0	0
พลิกล็อค	捻	机翻	0	0
พลิกลิ้น	翻转舌头	机翻	0	0
พลิ้วไหว	摇摆	机翻	0	0
พลี	牺牲	机翻	0	0
พลีกรรม	奉献	机翻	0	0
พลีชีพ	烈士	机翻	0	0
พลูโต	冥王星	机翻	0	0
พลูนาบ	槟榔	机翻	0	0
พลูสด	新鲜槟榔	机翻	0	0
พวกคุณ	你	机翻	0	0
พวกผม	我们	机翻	0	0
พวกพ้อง	党派	机翻	0	0
พวงกุญแจ	钥匙链	机翻	0	0
พ่วงท้าย	拖车	机翻	0	0
พ่วงพี	胖一点	机翻	0	0
พวงมาลา	花圈	机翻	0	0
พวงหรีด	花圈	机翻	0	0
พวยน้ำ	喷水口	机翻	0	0
พส	聚苯乙烯	机翻	0	0
พสก	平民	机翻	0	0
พสกนิกร	人口	机翻	0	0
พสุธา	地球	机翻	0	0
พหล	军队	机翻	0	0
พหลโยธิน	帕霍纽廷	机翻	0	0
พหุ	多种的	机翻	0	0
พหุคูณ	多种的	机翻	0	0
พหุนาม	多项式	机翻	0	0
พหุพจน์	复数	机翻	0	0
พหุภพ	许多世界	机翻	0	0
พหูพจน์	复数	机翻	0	0
พหูสูต	学者	机翻	0	0
พอกพูน	累积	机翻	0	0
พอกัน	足够的	机翻	0	0
พอกันที	这就够了	机翻	0	0
พอกับ	够了	机翻	0	0
พอการ	足够的	机翻	0	0
พ่อขุน	坤神父	机翻	0	0
พอควร	模组	机翻	0	0
พ่อคุณ	你的父亲	机翻	0	0
พ้องกัน	同义的	机翻	0	0
พองตัว	膨胀	机翻	0	0
พ่องตาย	我父亲去世了	机翻	0	0
พ่องเตย	冯托伊	机翻	0	0
พ้องพาน	面对	机翻	0	0
พอจะ	够了	机翻	0	0
พอใช้	很公平	机翻	0	0
พอใช้ได้	相当	机翻	0	0
พ่อเฒ่า	老人	机翻	0	0
พอดคาสต์	播客	机翻	0	0
พอดู	很公平	机翻	0	0
พอดูได้	马马虎虎	机翻	0	0
พอได้	适度地	机翻	0	0
พอตัว	足够的	机翻	0	0
พ่อตา	岳父	机翻	0	0
พอทำเนา	相当	机翻	0	0
พอที่	足够的	机翻	0	0
พ่อบ้าน	管家	机翻	0	0
พ่อปู่	爷爷的父亲	机翻	0	0
พอไปได้	适度	机翻	0	0
พ่อผัว	岳父	机翻	0	0
พ่อพิมพ์	皮姆神父	机翻	0	0
พอฟัด	差不多	机翻	0	0
พ่อมด	向导	机翻	0	0
พ่อม่าย	鳏夫	机翻	0	0
พ่อเมือง	城市之父	机翻	0	0
พอแรง	够强	机翻	0	0
พอแล้ว	足够的	机翻	0	0
พอสมควร	很公平	机翻	0	0
พอสังเขป	简要地	机翻	0	0
พ่อสื่อ	媒人	机翻	0	0
พ่อหนู	我的父亲	机翻	0	0
พ่อหม้าย	鳏夫	机翻	0	0
พอเหมาะ	合适的	机翻	0	0
พอให้	足够给予	机翻	0	0
พะงาบ	致命地	机翻	0	0
พะจง	帕戎	机翻	0	0
พะทำมะรง	看守	机翻	0	0
พะนอ	溺爱	机翻	0	0
พะเนิน	冢	机翻	0	0
พะแนง	巴南	机翻	0	0
พะยะค่ะ	帕亚	机翻	0	0
พะย่ะค่ะ	帕亚	机翻	0	0
พะยาน	作证	机翻	0	0
พะยุพยุง	协助	机翻	0	0
พะยูง	玫瑰木	机翻	0	0
พะยูน	儒艮	机翻	0	0
พะเยา	帕夭	机翻	0	0
พะเยิบ	皮瓣	机翻	0	0
พะเลย	帕莱	机翻	0	0
พะโล้	炖	机翻	0	0
พะโล้แตก	碎炖菜	机翻	0	0
พะไล	门廊	机翻	0	0
พะวง	担心	机翻	0	0
พะวา	帕瓦	机翻	0	0
พะอง	梯子	机翻	0	0
พักตร์	脸	机翻	0	0
พักพิง	庇护所	机翻	0	0
พักรบ	休战	机翻	0	0
พักร้อน	假期	机翻	0	0
พักแรม	寄居	机翻	0	0
พักสมอง	休息一下	机翻	0	0
พักสายตา	让眼睛休息一下	机翻	0	0
พักใหญ่	大突破	机翻	0	0
พักอาศัย	住宅	机翻	0	0
พังกา	潘卡	机翻	0	0
พังครืน	坏了	机翻	0	0
พังงา	攀牙府	机翻	0	0
พังผืด	膜	机翻	0	0
พังพวย	豆瓣菜	机翻	0	0
พังพอน	黄鼠狼	机翻	0	0
พังพาน	眼镜蛇罩	机翻	0	0
พังพาบ	俯卧	机翻	0	0
พังพินาศ	被摧毁	机翻	0	0
พังเพย	格言	机翻	0	0
พัชนี	扇子	机翻	0	0
พัชร	钻石	机翻	0	0
พัฒน	发展	机翻	0	0
พัฒนากร	开发商	机翻	0	0
พัฒนาการ	发展	机翻	0	0
พัดชัก	扇子	机翻	0	0
พัดชา	旋律	机翻	0	0
พัดดึงส์	帕东	机翻	0	0
พัดโบก	混响	机翻	0	0
พัดผ่าน	吹过	机翻	0	0
พัดพา	吹走	机翻	0	0
พัดยศ	等级粉丝	机翻	0	0
พัดหลวง	御扇	机翻	0	0
พัตร	布	机翻	0	0
พัทธสีมา	寺庙的圣地	机翻	0	0
พัทยา	芭堤雅	机翻	0	0
พัทลุง	博他仑	机翻	0	0
พันจ่า	准尉	机翻	0	0
พันตรี	主要的	机翻	0	0
พันตา	因陀罗	机翻	0	0
พันตู	斗争	机翻	0	0
พันทาง	一千条路	机翻	0	0
พันโท	中校	机翻	0	0
พันธ	纽带	机翻	0	0
พันธกรณี	义务	机翻	0	0
พันธนำ	纽带	机翻	0	0
พันธะ	义务	机翻	0	0
พันธุ์	品种	机翻	0	0
พันเนตร	因陀罗	机翻	0	0
พันพัว	涉及	机翻	0	0
พันลอก	裹	机翻	0	0
พันลำ	螺旋设计	机翻	0	0
พันลึก	奇怪的	机翻	0	0
พันเลิศ	高超	机翻	0	0
พันฦก	千	机翻	0	0
พันวรรษา	国王	机翻	0	0
พันแสง	太阳	机翻	0	0
พันเอก	上校	机翻	0	0
พับเขียง	折叠切菜板	机翻	0	0
พับฐาน	放弃	机翻	0	0
พับไป	折叠起来	机翻	0	0
พับผ่า	好悲伤！	机翻	0	0
พับผ้า	之字形	机翻	0	0
พับเพียบ	严重折叠	机翻	0	0
พัฟฟิน	海雀	机翻	0	0
พัลลภ	追随者	机翻	0	0
พัลวัน	迷茫地	机翻	0	0
พัวพัน	错综复杂	机翻	0	0
พัศดี	典狱长	机翻	0	0
พัสตร์	布	机翻	0	0
พัสถาน	财物	机翻	0	0
พากเพียร	顽强的	机翻	0	0
พากย์	配音	机翻	0	0
พาชี	马	机翻	0	0
พาซื่อ	轻信	机翻	0	0
พาณิช	商	机翻	0	0
พาณิชย์	商业	机翻	0	0
พาณี	萨拉萨	机翻	0	0
พาดควาย	披着水牛	机翻	0	0
พาดบ่า	过肩	机翻	0	0
พาดพิง	参考	机翻	0	0
พาทย์	医生	机翻	0	0
พานพบ	成立	机翻	0	0
พานร	帕诺恩	机翻	0	0
พาโนรามา	全景	机翻	0	0
พ่ายแพ้	击败	机翻	0	0
พายัพ	西北	机翻	0	0
พายุหมุน	气旋	机翻	0	0
พายุหิมะ	暴风雪	机翻	0	0
พาร์เซก	秒差距	机翻	0	0
พารณ	大象	机翻	0	0
พารณะ	大象	机翻	0	0
พารา	帕拉	机翻	0	0
พาราโบลา	抛物线	机翻	0	0
พาราฟิน	石蜡	机翻	0	0
พาลเกเร	恶作剧	机翻	0	0
พาลุก	沙	机翻	0	0
พาโล	帕洛	机翻	0	0
พาไล	阳台	机翻	0	0
พาสตา	面食	机翻	0	0
พาสน์	加香	机翻	0	0
พาสนา	幸福	机翻	0	0
พาสปอร์ต	护照	机翻	0	0
พาสุกรี	纳迦之王	机翻	0	0
พาสุกี	带着苏琪	机翻	0	0
พาหนะ	车辆	机翻	0	0
พาหะ	载体	机翻	0	0
พาหา	带你来	机翻	0	0
พาหุ	手臂	机翻	0	0
พาหุรัด	手镯	机翻	0	0
พาเหียร	外部	机翻	0	0
พาฬมฤค	帕拉马鲁克	机翻	0	0
พำนัก	小屋	机翻	0	0
พำพึม	杂音	机翻	0	0
พิกล	奇怪地	机翻	0	0
พิกัติ	多样化	机翻	0	0
พิกัน	皮坎	机翻	0	0
พิการ	残疾人	机翻	0	0
พิกุล	子弹木	机翻	0	0
พิฆเนศ	甘尼萨	机翻	0	0
พิฆาต	屠杀	机翻	0	0
พิจาร	考虑	机翻	0	0
พิจารณ์	考虑	机翻	0	0
พิจิก	天蝎座	机翻	0	0
พิจิต	选择	机翻	0	0
พิจิตร	披集府	机翻	0	0
พิชญ์	学者	机翻	0	0
พิชาน	意识	机翻	0	0
พิชิต	征服	机翻	0	0
พิชิตมาร	佛	机翻	0	0
พิเชฐ	最繁荣的	机翻	0	0
พิเชียร	钻石	机翻	0	0
พิซซา	比萨	机翻	0	0
พิฑูรย์	皮屯	机翻	0	0
พิณพาทย์	加麦兰	机翻	0	0
พิดทูล	与皇室交谈	机翻	0	0
พิตร	财富	机翻	0	0
พิถี	小路	机翻	0	0
พิทยาคม	学习	机翻	0	0
พิทยาคาร	学校	机翻	0	0
พิทยาธร	天使音乐家	机翻	0	0
พิทยาพล	神奇的力量	机翻	0	0
พิทยาลัย	中学	机翻	0	0
พิทักษ์	护送	机翻	0	0
พิทูร	博学	机翻	0	0
พิเทศ	外国	机翻	0	0
พิธาน	安排	机翻	0	0
พิธี	仪式	机翻	0	0
พิธีกร	司仪	机翻	0	0
พิธีการ	仪式	机翻	0	0
พิธีมณฑล	地点	机翻	0	0
พิธีศพ	葬礼	机翻	0	0
พิธีสมรส	婚礼	机翻	0	0
พิธีสาร	协议	机翻	0	0
พินทุ	点	机翻	0	0
พินทุสร	甜美的声音	机翻	0	0
พินอิน	拼音	机翻	0	0
พินัย	将要	机翻	0	0
พินาศ	破坏	机翻	0	0
พินิจ	检查	机翻	0	0
พินิต	建议	机翻	0	0
พินิศ	检查	机翻	0	0
พินิศจัย	决定	机翻	0	0
พิไนยกัน	让我们弄清楚一下	机翻	0	0
พิบัติ	灾难	机翻	0	0
พิพรรธน์	繁荣	机翻	0	0
พิพัฒน์	繁荣	机翻	0	0
พิพากษ์	决定	机翻	0	0
พิพาท	争议	机翻	0	0
พิพิธ	博物馆	机翻	0	0
พิภพ	世界	机翻	0	0
พิภัช	分配	机翻	0	0
พิภาค	分摊	机翻	0	0
พิภูษณะ	装饰品	机翻	0	0
พิมพ์ใจ	留下深刻印象	机翻	0	0
พิมพ์ดีด	打字机	机翻	0	0
พิมพ์ทอง	星座	机翻	0	0
พิมล	完美无瑕	机翻	0	0
พิมเสน	婆罗洲樟脑	机翻	0	0
พิมาน	天堂	机翻	0	0
พิมุข	后退	机翻	0	0
พิโมกข์	救恩	机翻	0	0
พิโมกษ์	皮莫克	机翻	0	0
พิโยค	分开	机翻	0	0
พิรากล	棘手的	机翻	0	0
พิราบ	鸽子	机翻	0	0
พิราลัย	死	机翻	0	0
พิริยะ	战士	机翻	0	0
พิรุณ	雨	机翻	0	0
พิรุธ	可疑	机翻	0	0
พิเรน	恶作剧	机翻	0	0
พิเรนทร์	恶作剧	机翻	0	0
พิโรธ	生气的	机翻	0	0
พิไร	抱怨	机翻	0	0
พิลาป	为	机翻	0	0
พิลาส	变得美丽	机翻	0	0
พิลิปดา	秒	机翻	0	0
พิลึก	可怕的	机翻	0	0
พิโลน	灼灼	机翻	0	0
พิไล	漂亮的	机翻	0	0
พิศดู	想知道	机翻	0	0
พิศวง	想知道	机翻	0	0
พิศวาส	热情的	机翻	0	0
พิศาล	广泛地	机翻	0	0
พิศุทธิ์	纯度	机翻	0	0
พิษงู	蛇毒	机翻	0	0
พิษฐาน	毒	机翻	0	0
พิษณุ	彭沙努	机翻	0	0
พิษณุโลก	彭世洛	机翻	0	0
พิษภัย	危险	机翻	0	0
พิษร้าย	致命毒药	机翻	0	0
พิษวิทยา	毒理学	机翻	0	0
พิษสง	有害影响	机翻	0	0
พิสดาร	偏心	机翻	0	0
พิสมร	护身符	机翻	0	0
พิสมัย	钦佩	机翻	0	0
พิสัช	放弃	机翻	0	0
พิสัญญี	头晕的	机翻	0	0
พิสัย	范围	机翻	0	0
พิสิฐ	超细	机翻	0	0
พิสุทธิ์	杰出的	机翻	0	0
พิหค	皮霍克	机翻	0	0
พิหาร	修道院	机翻	0	0
พิฬาร	猫	机翻	0	0
พี่เขย	小舅子	机翻	0	0
พีช	桃	机翻	0	0
พีชคณิต	代数	机翻	0	0
พีซี	个人电脑	机翻	0	0
พี่น้อง	兄弟	机翻	0	0
พีบิมบับ	P-拌饭	机翻	0	0
พีพี	聚丙烯	机翻	0	0
พี่รหัส	斐代码	机翻	0	0
พีระมิด	金字塔	机翻	0	0
พีเรียด	时期	机翻	0	0
พีวีซี	PVC	机翻	0	0
พี่สะใภ้	嫂子	机翻	0	0
พี่ใหญ่	大哥	机翻	0	0
พีอาร์	公关	机翻	0	0
พีเอ็ม	下午	机翻	0	0
พึงกระทำ	应该做	机翻	0	0
พึงใจ	使满意	机翻	0	0
พึงตา	请擦亮眼睛	机翻	0	0
พึงพอใจ	使满意	机翻	0	0
พึ่งพิง	取决于	机翻	0	0
พึงมี	应该有	机翻	0	0
พึงระวัง	当心	机翻	0	0
พึมพำ	咕哝	机翻	0	0
พืชคาม	植物	机翻	0	0
พืชดอก	开花植物	机翻	0	0
พืชน้ำ	水生植物	机翻	0	0
พืชผล	农作物	机翻	0	0
พืชพรรณ	植被	机翻	0	0
พืชอาศัย	寄主植物	机翻	0	0
พื้นฐาน	基本的	机翻	0	0
พื้นดิน	地面	机翻	0	0
พื้นดี	好楼层	机翻	0	0
พื้นเดิม	家乡	机翻	0	0
พื้นถนน	路面	机翻	0	0
พื้นถิ่น	当地的	机翻	0	0
พื้นทราย	沙地	机翻	0	0
พื้นน้ำ	水面	机翻	0	0
พื้นบ้าน	民间	机翻	0	0
พื้นปฐพี	地球	机翻	0	0
พื้นผิว	表面	机翻	0	0
พื้นเพ	家乡	机翻	0	0
พื้นราบ	平坦的地面	机翻	0	0
พื้นโลก	地球	机翻	0	0
พื้นเวที	舞台地板	机翻	0	0
พื้นสนาม	场面	机翻	0	0
พื้นเสีย	地板破损	机翻	0	0
พื้นหญ้า	草	机翻	0	0
พื้นหลัง	背景	机翻	0	0
พื้นห้อง	房间地板	机翻	0	0
พุกาม	缅甸	机翻	0	0
พุงกะทิ	椰奶肚	机翻	0	0
พุงกาง	大肚子	机翻	0	0
พุ่งชน	碰撞	机翻	0	0
พุ่งตรง	直走	机翻	0	0
พุงปลา	胃	机翻	0	0
พุ่งพรวด	暴发户	机翻	0	0
พุงพลุ้ย	饱腹	机翻	0	0
พุงโร	肚子出来	机翻	0	0
พุ่งหลาว	矛	机翻	0	0
พุ่งแหลน	标枪	机翻	0	0
พุฒิ	丰富	机翻	0	0
พุดซ้อน	栀子花	机翻	0	0
พุทธ	佛教徒	机翻	0	0
พุทธกาล	佛陀时代	机翻	0	0
พุทธคุณ	佛陀的功德	机翻	0	0
พุทธจักร	佛教教堂	机翻	0	0
พุทธเจ้า	佛	机翻	0	0
พุทธฎีกา	佛旨	机翻	0	0
พุทธธรรม	佛教	机翻	0	0
พุทธบูชา	拜佛	机翻	0	0
พุทธมณฑล	普塔蒙通	机翻	0	0
พุทธรูป	佛像	机翻	0	0
พุทธศก	佛教时代	机翻	0	0
พุทธสถาน	佛教场所	机翻	0	0
พุทธสมัย	佛教时代	机翻	0	0
พุทธองค์	佛	机翻	0	0
พุทธะ	佛	机翻	0	0
พุทธาวาส	佛教圣地	机翻	0	0
พุทธิ	智力	机翻	0	0
พุทโธ	佛	机翻	0	0
พุทโธ่	天哪！	机翻	0	0
พุทรา	枣	机翻	0	0
พุพอง	水疱	机翻	0	0
พุ่มพวง	女士	机翻	0	0
พุ่มม่าย	守寡	机翻	0	0
พุ่มไม้	衬套	机翻	0	0
พุ้ยน้ำ	倒水	机翻	0	0
พู่กลิ่น	流苏花环	机翻	0	0
พู่กัน	画笔	机翻	0	0
พูดคุย	说话	机翻	0	0
พูดงึมงำ	咕哝着	机翻	0	0
พูดจา	说话	机翻	0	0
พูดตลก	开玩笑	机翻	0	0
พูดตาม	跟随	机翻	0	0
พูดถึง	谈论	机翻	0	0
พูดเท็จ	说谎	机翻	0	0
พูดแทรก	插	机翻	0	0
พูดปด	说谎	机翻	0	0
พูดเปรย	暗示	机翻	0	0
พูดพร่ำ	喋喋不休	机翻	0	0
พูดพล่าม	潺潺	机翻	0	0
พูดโพล่ง	脱口而出	机翻	0	0
พูดมาก	说很多话	机翻	0	0
พูดรัว	快点说话	机翻	0	0
พูดล้อ	开玩笑	机翻	0	0
พูดเล่น	开玩笑	机翻	0	0
พูดว่า	说	机翻	0	0
พูดสอด	插	机翻	0	0
พูดเส	说话	机翻	0	0
พูดหัว	说话头	机翻	0	0
พูดอ้อม	间接说话	机翻	0	0
พูมารี	普马里	机翻	0	0
เพกติน	果胶	机翻	0	0
เพกา	佩加	机翻	0	0
เพกาซัส	飞马座	机翻	0	0
เพ่งดู	看	机翻	0	0
เพ่งพิศ	惊奇地凝视	机翻	0	0
เพ่งมอง	盯	机翻	0	0
เพจ	页	机翻	0	0
เพจเจอร์	寻呼机	机翻	0	0
เพชฌฆาต	刽子手	机翻	0	0
เพชร	钻石	机翻	0	0
เพชรซีก	切割钻石	机翻	0	0
เพชรดา	耐用性	机翻	0	0
เพชรในตม	未加工的钻石	机翻	0	0
เพชรบุรี	碧武里	机翻	0	0
เพชรพลอย	宝石	机翻	0	0
เพชรลูก	陆钻石	机翻	0	0
เพ็ดทูล	报告	机翻	0	0
เพดานบิน	绝对上限	机翻	0	0
เพดานปาก	上颚	机翻	0	0
เพทนา	感觉	机翻	0	0
เพทาย	锆石	机翻	0	0
เพทุบาย	诡计	机翻	0	0
เพนียด	畜栏	机翻	0	0
เพรางาย	黎明	机翻	0	0
เพราะหู	因为耳朵的原因	机翻	0	0
เพรียวลม	精简	机翻	0	0
เพลงแจ๊ส	爵士乐	机翻	0	0
เพลงชาติ	国歌	机翻	0	0
เพลงป๊อบ	流行音乐	机翻	0	0
เพลงป๊อป	流行音乐	机翻	0	0
เพลงยาว	爱情诗	机翻	0	0
เพลงร็อค	摇滚音乐	机翻	0	0
เพลงสวด	赞美诗	机翻	0	0
เพลงสากล	国际音乐	机翻	0	0
เพลโต	柏拉图	机翻	0	0
เพล้โพล้	日落	机翻	0	0
เพลย์บอย	花花公子	机翻	0	0
เพลา	轴	机翻	0	0
เพลาลง	下轴	机翻	0	0
เพลิงฟ้า	天空之火	机翻	0	0
เพลิงศพ	火葬	机翻	0	0
เพลียใจ	厌倦	机翻	0	0
เพศกลาง	中性性别	机翻	0	0
เพศชาย	男性	机翻	0	0
เพศรวม	混合性别	机翻	0	0
เพศศึกษา	性教育	机翻	0	0
เพศหญิง	女性	机翻	0	0
เพ้อเจ้อ	妄想症	机翻	0	0
เพ้อฝัน	幻想	机翻	0	0
เพอร์เซส	珀尔修斯	机翻	0	0
เพาพะงา	美丽的	机翻	0	0
เพาะชำ	苗圃	机翻	0	0
เพิ่งจะ	现在	机翻	0	0
เพิ่มทวี	乘	机翻	0	0
เพียงแค่	只是	机翻	0	0
เพียงดัง	只是大声	机翻	0	0
เพียงใด	多少？	机翻	0	0
เพียงตา	只是眼睛	机翻	0	0
เพียงแต่	仅有的	机翻	0	0
เพียงพอน	足够的	机翻	0	0
เพียงไร	多少？	机翻	0	0
เพียงออ	只是	机翻	0	0
เพื่อว่า	以便	机翻	0	0
เพื่อให้	以便	机翻	0	0
แพ็กเจ	J包	机翻	0	0
แพ้คะแนน	失分	机翻	0	0
แพ้ใจ	失去了我的心	机翻	0	0
แพ้ชนะ	输赢	机翻	0	0
แพ้ท้อง	孕吐	机翻	0	0
แพ้ทาง	迷失在路上	机翻	0	0
แพนก	盘鸟	机翻	0	0
แพนเค้ก	饼子	机翻	0	0
แพนงเชิง	巴囊城	机翻	0	0
แพนด้า	熊猫	机翻	0	0
แพ้ผม	对头发过敏	机翻	0	0
แพ้ผัว	有多位丈夫去世	机翻	0	0
แพ้พ่าย	丢失的	机翻	0	0
แพ้ฟัน	牙齿过敏	机翻	0	0
แพ้ภัย	过敏危险	机翻	0	0
แพมเพิส	帮宝适	机翻	0	0
แพ้เมีย	输给老婆	机翻	0	0
แพ้ยา	药物过敏	机翻	0	0
แพร์	梨	机翻	0	0
แพร่ขยาย	传播	机翻	0	0
แพร่ข่าว	传播消息	机翻	0	0
แพรพรรณ	布	机翻	0	0
แพรวพราย	闪闪发光的	机翻	0	0
แพรวพราว	箔	机翻	0	0
แพ้ราบ	彻底失败	机翻	0	0
แพ้รู้	未能得知	机翻	0	0
แพ้แรง	强烈过敏	机翻	0	0
แพลทินัม	铂	机翻	0	0
แพละโลม	法庭	机翻	0	0
แพลูกบวบ	圆筏	机翻	0	0
แพศย์	疯狂的	机翻	0	0
แพศยา	朋克	机翻	0	0
แพ้อากาศ	对空气过敏	机翻	0	0
แพะตอน	阉割山羊	机翻	0	0
แพะโลม	法庭	机翻	0	0
โพกรม	福克罗姆	机翻	0	0
โพกหัว	头巾	机翻	0	0
โพงพาง	蓬蓬	机翻	0	0
โพซิตรอน	正电子	机翻	0	0
โพดำ	黑桃	机翻	0	0
โพแดง	心	机翻	0	0
โพธิ	菩提	机翻	0	0
โพธิญาณ	启示	机翻	0	0
โพนทะนา	传播	机翻	0	0
โพ้นทะเล	海外	机翻	0	0
โพผัน	波潘	机翻	0	0
โพยม	天空	机翻	0	0
โพยมยาน	飞艇	机翻	0	0
โพรงจมูก	鼻腔	机翻	0	0
โพรงไม้	空心树	机翻	0	0
โพล้เพล้	暮	机翻	0	0
โพลล์	轮询	机翻	0	0
โพสพ	谷物女神	机翻	0	0
ไพจิตร	英俊的	机翻	0	0
ไพชน	派禅	机翻	0	0
ไพชยนต์	皇家城堡	机翻	0	0
ไพฑูรย์	金绿宝石	机翻	0	0
ไพ่ตาย	王牌	机翻	0	0
ไพบูลย์	有福的	机翻	0	0
ไพ่ป๊อก	扑克	机翻	0	0
ไพรชน	私人人士	机翻	0	0
ไพรที	优质茶	机翻	0	0
ไพร่พล	军队	机翻	0	0
ไพร่ฟ้า	天空的布衣	机翻	0	0
ไพรเมต	灵长类动物	机翻	0	0
ไพรระหง	高大树木的森林	机翻	0	0
ไพรวัน	树林	机翻	0	0
ไพรสณฑ์	林缘	机翻	0	0
ไพร่สม	应征士兵	机翻	0	0
ไพร่ส่วย	致敬平民	机翻	0	0
ไพร่หลวง	皇家平民	机翻	0	0
ไพรัช	派拉特	机翻	0	0
ไพรำ	宝石	机翻	0	0
ไพริน	敌人	机翻	0	0
ไพรินทร์	蓝宝石	机翻	0	0
ไพรี	柴堆	机翻	0	0
ไพรู	火	机翻	0	0
ไพเราะ	旋律性的	机翻	0	0
ไพโรจน์	繁荣	机翻	0	0
ไพล่หลัง	双臂交叉在身后	机翻	0	0
ไพลิน	蓝宝石	机翻	0	0
ไพศาล	广阔的	机翻	0	0
ไพสิฐ	出色的	机翻	0	0
ฟ	F	机翻	0	0
ฟงดูว์	火锅	机翻	0	0
ฟยอร์ด	峡湾	机翻	0	0
ฟรักโทส	果糖	机翻	0	0
ฟรังค์	法郎	机翻	0	0
ฟรีบาร์	免费酒吧	机翻	0	0
ฟรีสไตล์	自由风格	机翻	0	0
ฟลอริดา	佛罗里达	机翻	0	0
ฟลอเรนซ์	佛罗伦萨	机翻	0	0
ฟลุต	长笛	机翻	0	0
ฟลูออรีน	氟	机翻	0	0
ฟอกขาว	漂白	机翻	0	0
ฟอกเงิน	洗钱	机翻	0	0
ฟอกซัก	炙烤	机翻	0	0
ฟอกผ้า	洗衣服	机翻	0	0
ฟอกพยาน	调查证据	机翻	0	0
ฟอกโลหิต	净化血液	机翻	0	0
ฟอกสบู่	漂白皂	机翻	0	0
ฟอกสี	漂白	机翻	0	0
ฟอกหนัง	晒黑	机翻	0	0
ฟองกาม	感受到性欲	机翻	0	0
ฟองไข่	鸡蛋泡沫	机翻	0	0
ฟ้องคดี	起诉	机翻	0	0
ฟองทะเล	海泡沫	机翻	0	0
ฟองน้ำ	海绵	机翻	0	0
ฟองฟอด	气泡	机翻	0	0
ฟ่องฟู	变得更好	机翻	0	0
ฟองมัน	油性气泡	机翻	0	0
ฟ้องแย้ง	反诉	机翻	0	0
ฟ้องศาล	向法院提起诉讼	机翻	0	0
ฟองสบู่	肥皂泡	机翻	0	0
ฟ้องหย่า	提出离婚	机翻	0	0
ฟองอากาศ	气泡	机翻	0	0
ฟอดแฟด	海绵状的	机翻	0	0
ฟอนต์	字体	机翻	0	0
ฟอนเฟะ	丰菲	机翻	0	0
ฟ้อนรำ	舞蹈	机翻	0	0
ฟอร์ด	福特	机翻	0	0
ฟอร์ม	形式	机翻	0	0
ฟอสซิล	化石	机翻	0	0
ฟอสฟอรัส	磷	机翻	0	0
ฟอสเฟต	磷酸盐	机翻	0	0
ฟะฟัด	皮瓣	机翻	0	0
ฟะฟั่น	摇晃	机翻	0	0
ฟักข้าว	木鳖	机翻	0	0
ฟักเขียว	绿南瓜	机翻	0	0
ฟักไข่	孵化蛋	机翻	0	0
ฟักตัว	孵化	机翻	0	0
ฟักทอง	南瓜	机翻	0	0
ฟักทองบด	南瓜泥	机翻	0	0
ฟักฟุ้น	精美的	机翻	0	0
ฟักฟูม	提出	机翻	0	0
ฟักแม้ว	喵喵	机翻	0	0
ฟังขึ้น	听着	机翻	0	0
ฟังดู	听	机翻	0	0
ฟังได้	可以听	机翻	0	0
ฟังเทศน์	听讲道	机翻	0	0
ฟังเพราะ	很高兴听	机翻	0	0
ฟังเพลง	听音乐	机翻	0	0
ฟังออก	听	机翻	0	0
ฟัดเฟียด	愤怒地	机翻	0	0
ฟันกราม	臼齿	机翻	0	0
ฟันขึ้น	牙齿生长	机翻	0	0
ฟันคลื่น	斩波	机翻	0	0
ฟันดาบ	击剑	机翻	0	0
ฟันตัด	切齿	机翻	0	0
ฟันถาวร	恒牙	机翻	0	0
ฟันแท้	恒牙	机翻	0	0
ฟันธง	决定	机翻	0	0
ฟันน้ำนม	乳牙	机翻	0	0
ฟันบน	上牙	机翻	0	0
ฟันปลอม	假牙	机翻	0	0
ฟันปลา	锯齿	机翻	0	0
ฟันผุ	蛀牙	机翻	0	0
ฟันฝ่า	克服	机翻	0	0
ฟั่นเฝือ	复杂的	机翻	0	0
ฟันฟาง	牙刷	机翻	0	0
ฟันเฟือง	齿轮	机翻	0	0
ฟันม้า	长石	机翻	0	0
ฟันหน้า	门牙	机翻	0	0
ฟันหนู	老鼠的牙齿	机翻	0	0
ฟันหลอ	断牙	机翻	0	0
ฟัวกรา	鹅肝	机翻	0	0
ฟากฟ้า	天空	机翻	0	0
ฟ้าคะนอง	雷	机翻	0	0
ฟางข้าว	稻草	机翻	0	0
ฟางลอย	农村稻田	机翻	0	0
ฟาดแข้ง	斗争	机翻	0	0
ฟาดฟัน	斗争	机翻	0	0
ฟาดหัว	贿赂	机翻	0	0
ฟาทอม	捉摸	机翻	0	0
ฟายน้ำตา	流泪	机翻	0	0
ฟาโรห์	法老	机翻	0	0
ฟ้าลั่น	雷	机翻	0	0
ฟาสซิสต์	法西斯主义	机翻	0	0
ฟ้าสาง	黎明	机翻	0	0
ฟ้าหลัว	日出	机翻	0	0
ฟิจิ	斐济	机翻	0	0
ฟินแลนด์	芬兰	机翻	0	0
ฟิล์ม	电影	机翻	0	0
ฟิวส์	保险丝	机翻	0	0
ฟีจี	斐济	机翻	0	0
ฟีฟ่า	国际足联	机翻	0	0
ฟื้นฝอย	鲤鱼	机翻	0	0
ฟือเรอร์	元首	机翻	0	0
ฟุ้งซ่าน	分心	机翻	0	0
ฟุ้งเฟ้อ	享乐主义的	机翻	0	0
ฟุดฟิด	喧嚣	机翻	0	0
ฟุตบอล	足球	机翻	0	0
ฟุตบาท	人行道	机翻	0	0
ฟุตปาธ	人行道	机翻	0	0
ฟุตพาท	人行道	机翻	0	0
ฟุฟะ	蓬松的	机翻	0	0
ฟุลสแก๊ป	满间隙	机翻	0	0
ฟูกูชิมะ	福岛	机翻	0	0
ฟูกูอิ	福井	机翻	0	0
ฟูกูโอกะ	福冈	机翻	0	0
ฟูนะฟูตี	富纳富提	机翻	0	0
ฟูฟ่อง	蓬松起来	机翻	0	0
ฟูมน้ำ	韦德	机翻	0	0
ฟูมฟัก	培育	机翻	0	0
ฟูมฟาย	含泪地	机翻	0	0
เฟก	伪造的	机翻	0	0
เฟค	伪造的	机翻	0	0
เฟซบุ๊ก	Facebook	机翻	0	0
เฟซบุ๊ค	Facebook	机翻	0	0
เฟ้นหา	搜索	机翻	0	0
เฟร์ริต	铁利特	机翻	0	0
เฟส	阶段	机翻	0	0
เฟสบุ๊ก	Facebook	机翻	0	0
เฟสบุ๊ค	Facebook	机翻	0	0
เฟอร์	家具	机翻	0	0
เฟอร์รี	渡船	机翻	0	0
เฟอะฟะ	太多了	机翻	0	0
เฟะฟะ	浑	机翻	0	0
เฟิร์น	蕨类	机翻	0	0
เฟิร์ม	固件	机翻	0	0
แฟกซ์	传真	机翻	0	0
แฟ็กซ์	传真	机翻	0	0
แฟชั่น	时尚	机翻	0	0
แฟนคลับ	粉丝俱乐部	机翻	0	0
แฟนซี	想要	机翻	0	0
แฟนไซต์	粉丝网站	机翻	0	0
แฟนต้า	芬达	机翻	0	0
แฟนตาซี	幻想	机翻	0	0
แฟนเพจ	粉丝专页	机翻	0	0
แฟนสาว	女朋友	机翻	0	0
แฟนอาร์ต	粉丝艺术	机翻	0	0
แฟ๊บ	平坦的	机翻	0	0
แฟ้มแขวน	挂文件	机翻	0	0
แฟรงก์	坦率	机翻	0	0
แฟรนไชส์	特许经营	机翻	0	0
แฟลกซ์	亚麻	机翻	0	0
แฟลต	平坦的	机翻	0	0
โฟกัส	重点	机翻	0	0
โฟโตชอป	Photoshop	机翻	0	0
โฟนอิน	电话输入	机翻	0	0
โฟบอส	火卫一	机翻	0	0
โฟล์คซอง	民歌	机翻	0	0
โฟลเอ็ม	韧皮部	机翻	0	0
ไฟกัลป์	世界末日大屠杀	机翻	0	0
ไฟเขียว	绿灯	机翻	0	0
ไฟฉาย	火炬	机翻	0	0
ไฟแช็ก	打火机	机翻	0	0
ไฟแดง	红灯	机翻	0	0
ไฟต่ำ	近光灯	机翻	0	0
ไฟถนน	路灯	机翻	0	0
ไฟท้าย	尾灯	机翻	0	0
ไฟธาตุ	胃溃疡	机翻	0	0
ไฟนอล	最终的	机翻	0	0
ไฟแนนซ์	金融	机翻	0	0
ไฟเบรก	刹车灯	机翻	0	0
ไฟเบอร์	纤维	机翻	0	0
ไฟเย็น	冷火	机翻	0	0
ไฟแรง	火力强	机翻	0	0
ไฟลนก้น	皮塔饼	机翻	0	0
ไฟลัม	门	机翻	0	0
ไฟสำรอง	备用电源	机翻	0	0
ไฟสูง	远光灯	机翻	0	0
ไฟเหลือง	黄灯	机翻	0	0
ไฟไหม้	火	机翻	0	0
ภ	博士学位	机翻	0	0
ภก	父亲	机翻	0	0
ภควันต์	佛	机翻	0	0
ภคินี	姐姐	机翻	0	0
ภพหน้า	下一个世界	机翻	0	0
ภมร	蜜蜂	机翻	0	0
ภมริน	蜜蜂	机翻	0	0
ภมรี	雌蜂	机翻	0	0
ภมุ	普穆	机翻	0	0
ภมุกะ	眉	机翻	0	0
ภมุกา	眉	机翻	0	0
ภยันตราย	危险	机翻	0	0
ภยาคติ	偏见	机翻	0	0
ภรณี	星座	机翻	0	0
ภรณีภู	巴拉尼富	机翻	0	0
ภรต	妻子	机翻	0	0
ภรตวรรษ	印度	机翻	0	0
ภรรดร	丈夫	机翻	0	0
ภรรดา	丈夫	机翻	0	0
ภรรยาลับ	秘密妻子	机翻	0	0
ภระมร	蜜蜂	机翻	0	0
ภระมรี	蜂王	机翻	0	0
ภราดร	兄弟	机翻	0	0
ภราดรภาพ	兄弟情谊	机翻	0	0
ภราดา	兄弟	机翻	0	0
ภริยา	妻子	机翻	0	0
ภรู	普鲁	机翻	0	0
ภฤตย์	菲利特	机翻	0	0
ภวตัณหา	欲望	机翻	0	0
ภวปาระ	涅槃	机翻	0	0
ภววิทยา	本体论	机翻	0	0
ภวังค์	遐想	机翻	0	0
ภวังคจิต	潜意识	机翻	0	0
ภวันดร	另一种诞生	机翻	0	0
ภักษ์	猎物	机翻	0	0
ภักษการ	食物	机翻	0	0
ภักษา	猎物	机翻	0	0
ภักษาหาร	食物	机翻	0	0
ภังคะ	破坏	机翻	0	0
ภังคี	树	机翻	0	0
ภัณฑ	通风	机翻	0	0
ภัณฑ์	产品	机翻	0	0
ภัณฑาคาร	库	机翻	0	0
ภัตกิจ	吃	机翻	0	0
ภัตต์	食物	机翻	0	0
ภัตตาคาร	餐厅	机翻	0	0
ภัตตาหาร	食物	机翻	0	0
ภัทร	繁荣	机翻	0	0
ภัยสังคม	社会危险	机翻	0	0
ภัสดา	丈夫	机翻	0	0
ภัสสร	光	机翻	0	0
ภัสสะ	帕萨	机翻	0	0
ภากร	太阳	机翻	0	0
ภาคใต้	南	机翻	0	0
ภาคทฤษฎี	理论	机翻	0	0
ภาคทัณฑ์	遗嘱认证	机翻	0	0
ภาคผนวก	附录	机翻	0	0
ภาคพายัพ	帕亚普地区	机翻	0	0
ภาคพื้น	地面	机翻	0	0
ภาคย์	财富	机翻	0	0
ภาคศึกษา	学期	机翻	0	0
ภาคแสดง	谓词	机翻	0	0
ภาคหน้า	下一部分	机翻	0	0
ภาคเหนือ	北方	机翻	0	0
ภาคอีสาน	东北地区	机翻	0	0
ภาคเอกชน	私营部门	机翻	0	0
ภาคินี	女伴侣	机翻	0	0
ภาคิไนย	侄子	机翻	0	0
ภาคี	联系	机翻	0	0
ภาชนะ	容器	机翻	0	0
ภาณุ	帕努	机翻	0	0
ภาณุมาศ	太阳	机翻	0	0
ภาดร	兄弟	机翻	0	0
ภาติกะ	兄弟	机翻	0	0
ภาตุ	兄弟	机翻	0	0
ภาพเขียน	绘画	机翻	0	0
ภาพจำลอง	模拟	机翻	0	0
ภาพซ้อน	双像	机翻	0	0
ภาพติดตา	残像	机翻	0	0
ภาพถ่าย	照片	机翻	0	0
ภาพนิ่ง	滑动	机翻	0	0
ภาพพจน์	图像	机翻	0	0
ภาพพิมพ์	照片打印	机翻	0	0
ภาพมายา	错觉	机翻	0	0
ภาพรวม	概述	机翻	0	0
ภาพร่าง	草图	机翻	0	0
ภาพลวง	错觉	机翻	0	0
ภาพลวงตา	海市蜃楼	机翻	0	0
ภาพล้อ	漫画	机翻	0	0
ภาพลามก	淫秽图片	机翻	0	0
ภาพวาด	绘画	机翻	0	0
ภาพหลอน	幻觉	机翻	0	0
ภายใต้	在下面	机翻	0	0
ภายในใจ	在我心里	机翻	0	0
ภายหน้า	未来	机翻	0	0
ภายหลัง	后	机翻	0	0
ภารดี	口才	机翻	0	0
ภารตี	苏拉萨瓦迪	机翻	0	0
ภารธุระ	商业	机翻	0	0
ภารย	妻子	机翻	0	0
ภารโรง	看门人	机翻	0	0
ภารวี	帕拉维	机翻	0	0
ภาระ	负担	机翻	0	0
ภารา	城市	机翻	0	0
ภาวนา	祈祷	机翻	0	0
ภาษก	语言	机翻	0	0
ภาษณ์	宣告	机翻	0	0
ภาษากลาง	共同语言	机翻	0	0
ภาษากาย	肢体语言	机翻	0	0
ภาษาคน	人类语言	机翻	0	0
ภาษาซี	C语言	机翻	0	0
ภาษาตลาด	市场语言	机翻	0	0
ภาษาใบ้	手语	机翻	0	0
ภาษาปาก	口语	机翻	0	0
ภาษาพูด	口语	机翻	0	0
ภาษามือ	手语	机翻	0	0
ภาษาแม่	母语	机翻	0	0
ภาษาสากล	国际语言	机翻	0	0
ภาษาสูง	高语	机翻	0	0
ภาษิต	谚语	机翻	0	0
ภาษีบาป	罪恶税	机翻	0	0
ภาษีมรดก	遗产税	机翻	0	0
ภาษีอากร	税收	机翻	0	0
ภาสกร	太阳	机翻	0	0
ภาสน์	说	机翻	0	0
ภิกขา	乞讨施舍	机翻	0	0
ภิกขาจาร	乞讨食物	机翻	0	0
ภิกขาหาร	乞讨食物	机翻	0	0
ภิกขุ	托钵僧	机翻	0	0
ภิกขุนี	尼	机翻	0	0
ภิกษา	乞讨食物	机翻	0	0
ภิกษาหาร	乞讨食物	机翻	0	0
ภิกษุ	僧	机翻	0	0
ภิกษุณี	尼	机翻	0	0
ภิญโญ	日益	机翻	0	0
ภิญโญภาพ	更高的卓越	机翻	0	0
ภิตติ	分割	机翻	0	0
ภินท์	休息	机翻	0	0
ภุชงค	富崇	机翻	0	0
ภุชงค์	蒲种	机翻	0	0
ภุมระ	蜜蜂	机翻	0	0
ภุมรัตน์	珊瑚	机翻	0	0
ภุมรา	蜜蜂	机翻	0	0
ภุมริน	蜜蜂	机翻	0	0
ภุมรี	蜜蜂	机翻	0	0
ภุมเรศ	蜜蜂	机翻	0	0
ภูเก็ต	普吉岛	机翻	0	0
ภูเขียว	富乔	机翻	0	0
ภูเฃา	富超	机翻	0	0
ภูฏาน	不丹	机翻	0	0
ภูดล	地球	机翻	0	0
ภูตบดี	湿婆	机翻	0	0
ภูตผี	幽灵	机翻	0	0
ภูติ	鬼	机翻	0	0
ภูเตศวร	湿婆	机翻	0	0
ภูธร	省级	机翻	0	0
ภูเนตุ	君主	机翻	0	0
ภูบดี	普布迪	机翻	0	0
ภูเบนทร์	君主	机翻	0	0
ภูเบศวร์	国王	机翻	0	0
ภูผา	山	机翻	0	0
ภูภุช	国王	机翻	0	0
ภูมิ	景观	机翻	0	0
ภูมิฐาน	凝重	机翻	0	0
ภูมินาม	姓名	机翻	0	0
ภูมิภาพ	景观	机翻	0	0
ภูมิรู้	身材	机翻	0	0
ภูมี	国王	机翻	0	0
ภูมีศวร	国王	机翻	0	0
ภูริ	智慧	机翻	0	0
ภูวดล	地球	机翻	0	0
ภูษณพาส	衣服	机翻	0	0
ภูษา	衣服	机翻	0	0
ภูษามาลา	页	机翻	0	0
ภูษิต	装饰	机翻	0	0
เภกะ	青蛙	机翻	0	0
เภตรา	血管	机翻	0	0
เภทภัย	灾难	机翻	0	0
เภทุบาย	工艺	机翻	0	0
เภสัช	药店	机翻	0	0
เภสัชเวช	生药学	机翻	0	0
โภคกิจ	福卡基特	机翻	0	0
โภคภัณฑ์	商品	机翻	0	0
โภคิน	消费者	机翻	0	0
โภคี	消费者	机翻	0	0
โภไคย	商品	机翻	0	0
โภชนะ	营养	机翻	0	0
โภชนะห้า	五种食物	机翻	0	0
โภชนา	营养	机翻	0	0
โภชนากร	营养师	机翻	0	0
โภชนาหาร	养分	机翻	0	0
ไภริน	鼓	机翻	0	0
ม	米	机翻	0	0
มกร	经理	机翻	0	0
มกรกุณฑล	翡翠贡达尔	机翻	0	0
มกรา	一月	机翻	0	0
มกุฎ	最高	机翻	0	0
มกุล	马库尔	机翻	0	0
มคธ	比哈尔邦	机翻	0	0
มฆะ	云	机翻	0	0
มฆา	卡卡	机翻	0	0
มงกุฎ	王冠	机翻	0	0
มงกุฏ	王冠	机翻	0	0
มงคล	吉祥	机翻	0	0
มงคลจักร	结婚好运线	机翻	0	0
มงคลแฝด	结婚好运线	机翻	0	0
มงคลฤกษ์	吉祥时节	机翻	0	0
มงคลวาท	祝贺	机翻	0	0
มงคลสมรส	婚礼	机翻	0	0
มงคลสมัย	吉祥时节	机翻	0	0
มงคลสูตร	蒙空经	机翻	0	0
มงลง	表冠向下	机翻	0	0
มณฑนะ	装饰	机翻	0	0
มณฑป	曼达帕	机翻	0	0
มณฑล	县	机翻	0	0
มณเฑียร	宫殿	机翻	0	0
มณโฑ	曼多	机翻	0	0
มณี	宝石	机翻	0	0
มณีการ	马尼卡恩	机翻	0	0
มณีปุระ	曼尼普尔邦	机翻	0	0
มณีพืช	马尼·普埃	机翻	0	0
มณีรัตน์	宝石	机翻	0	0
มณีศิลา	宝石	机翻	0	0
มดดำ	黑蚂蚁	机翻	0	0
มดแดง	红蚂蚁	机翻	0	0
มดทหาร	兵蚁	机翻	0	0
มดเท็จ	说谎	机翻	0	0
มดยอบ	没药	机翻	0	0
มดลูก	子宫	机翻	0	0
มติ	解决	机翻	0	0
มติมหาชน	舆论	机翻	0	0
มทนะ	马塔纳	机翻	0	0
มธุ	满意的	机翻	0	0
มธุกร	蜜蜂	机翻	0	0
มธุการี	蜜蜂	机翻	0	0
มธุตฤณ	蔗	机翻	0	0
มธุปายาส	稀饭	机翻	0	0
มธุพรต	大黑蜂	机翻	0	0
มธุร	柔和的	机翻	0	0
มธุรพจน์	甜言蜜语	机翻	0	0
มธุรส	蜂蜜酒	机翻	0	0
มธุระ	商业	机翻	0	0
มธุลีห์	蜜蜂	机翻	0	0
มธุสร	悠扬的声音	机翻	0	0
มนต์	口头禅	机翻	0	0
มนตร์	魔法	机翻	0	0
มนตรี	普通话	机翻	0	0
มนตรีมุข	蒙特里·穆克	机翻	0	0
มนทกานติ	月亮	机翻	0	0
มนเทียร	宫殿	机翻	0	0
มนสิการ	意图	机翻	0	0
มนัส	马纳特	机翻	0	0
มนัสดาป	痛苦	机翻	0	0
มนัสวี	知识分子	机翻	0	0
มนุ	马努	机翻	0	0
มนุช	马努奇	机翻	0	0
มนุษย	人类	机翻	0	0
มนุษย์	人类	机翻	0	0
มนุษย์กบ	蛙人	机翻	0	0
มนุษยชน	人类	机翻	0	0
มนุษยเทพ	人神	机翻	0	0
มนุษยโลก	世界	机翻	0	0
มนุสาร	马努代码	机翻	0	0
มโน	想像力	机翻	0	0
มโนกรรม	心灵活动	机翻	0	0
มโนคติ	主意	机翻	0	0
มโนช	感情	机翻	0	0
มโนชญ์	可爱的	机翻	0	0
มโนทัศน์	概念	机翻	0	0
มโนธรรม	良心	机翻	0	0
มโนนุกูล	鼓舞人心的	机翻	0	0
มโนภาพ	概念	机翻	0	0
มโนมัย	精神	机翻	0	0
มโนรถ	愿望	机翻	0	0
มโนรม	可爱的	机翻	0	0
มโนศิลา	彩色大理石	机翻	0	0
มโนสาเร่	琐事	机翻	0	0
มโนหร	迷人	机翻	0	0
มผ	议员	机翻	0	0
มมังการ	利己主义	机翻	0	0
มยุร	孔雀	机翻	0	0
มยุรคติ	马尤尔卡蒂	机翻	0	0
มยุรฉัตร	马尤拉查特	机翻	0	0
มยุรา	孔雀	机翻	0	0
มยุรี	马尤里	机翻	0	0
มยูข	射线	机翻	0	0
มยูร	孔雀	机翻	0	0
มรกต	翠	机翻	0	0
มรณ	死亡	机翻	0	0
มรณกรรม	灭亡	机翻	0	0
มรณบัตร	死亡证明	机翻	0	0
มรณภัย	致命的危险	机翻	0	0
มรณภาพ	死	机翻	0	0
มรณสักขี	殉难	机翻	0	0
มรณสัน	死亡	机翻	0	0
มรณะ	死亡	机翻	0	0
มรรยาท	礼仪	机翻	0	0
มรสุม	风暴	机翻	0	0
มราฐี	马拉地语	机翻	0	0
มริยาท	玛丽亚特	机翻	0	0
มรุต	风神	机翻	0	0
มฤค	野兽	机翻	0	0
มฤคราช	狮子	机翻	0	0
มฤคศิร	马鲁克西拉	机翻	0	0
มฤคศิระ	马里希拉	机翻	0	0
มฤคเศียร	万寿菊头	机翻	0	0
มฤจฉาชีพ	罪犯	机翻	0	0
มฤดก	遗产	机翻	0	0
มฤต	致命	机翻	0	0
มฤตยู	致命	机翻	0	0
มฤตยูราช	致命之王	机翻	0	0
มล	毫升	机翻	0	0
มลทิน	柱头	机翻	0	0
มลนมลาน	慌乱地	机翻	0	0
มลภาวะ	污染	机翻	0	0
มลรัฐ	状态	机翻	0	0
มลสาร	污染	机翻	0	0
มล่อน	肮脏的	机翻	0	0
มละ	姆拉	机翻	0	0
มลัก	幸运的	机翻	0	0
มลาก	姆拉克	机翻	0	0
มลาบรี	姆拉布里	机翻	0	0
มลาย	爆裂	机翻	0	0
มลายู	马来语	机翻	0	0
มลื่น	滑	机翻	0	0
มวกผา	穆克帕	机翻	0	0
มวกใหญ่	大穆克	机翻	0	0
ม้วนต้วน	害羞	机翻	0	0
ม้วนหน้า	前滚	机翻	0	0
มวยไทย	泰拳	机翻	0	0
มวยโบราณ	古拳	机翻	0	0
มวยปล้ำ	摔角	机翻	0	0
มวยผม	发髻	机翻	0	0
มวยล้ม	拳击有预谋地输掉比赛	机翻	0	0
มวยวัด	非正统拳击	机翻	0	0
มวยสากล	国际拳击	机翻	0	0
มวยหมู่	泰拳	机翻	0	0
มวลชน	大量的	机翻	0	0
มวลรวม	总计的	机翻	0	0
มวลสาร	大量的	机翻	0	0
มวลอากาศ	气团	机翻	0	0
มส	密歇根州立大学	机翻	0	0
มสิ	微星	机翻	0	0
มห	摩诃	机翻	0	0
มหกรรม	节日	机翻	0	0
มหรณพ	大海	机翻	0	0
มหรรฆ	昂贵	机翻	0	0
มหรรณพ	海洋	机翻	0	0
มหรสพ	娱乐	机翻	0	0
มหัคฆ	摩诃迦	机翻	0	0
มหัทธนะ	有钱人	机翻	0	0
มหันตโทษ	重罪	机翻	0	0
มหันตภัย	灾难	机翻	0	0
มหัพภาค	全面的	机翻	0	0
มหา	伟大的	机翻	0	0
มหากาพย์	史诗	机翻	0	0
มหาชน	民众	机翻	0	0
มหาชัย	玛哈猜	机翻	0	0
มหาชาติ	伟大的民族	机翻	0	0
มหาดไทย	内部的	机翻	0	0
มหาดเล็ก	管家	机翻	0	0
มหาตมะ	圣雄	机翻	0	0
มหาเถร	大僧伽	机翻	0	0
มหาไถ่	救世主	机翻	0	0
มหาทาตุ	马哈达图	机翻	0	0
มหาเทพ	湿婆	机翻	0	0
มหาธาตุ	玛哈泰	机翻	0	0
มหานคร	都会	机翻	0	0
มหานิกาย	摩诃二阶	机翻	0	0
มหาบพิตร	陛下	机翻	0	0
มหาบุรุษ	伟人	机翻	0	0
มหาพน	马哈丰	机翻	0	0
มหาพรหม	大梵天	机翻	0	0
มหาภัย	巨大的危险	机翻	0	0
มหาภูต	伟大的精神	机翻	0	0
มหาเมฆ	伟大的云	机翻	0	0
มหายาน	大乘	机翻	0	0
มหายุค	伟大时代	机翻	0	0
มหาราช	伟大的	机翻	0	0
มหาราชา	大君	机翻	0	0
มหาละลวย	祝你好运	机翻	0	0
มหาละลาย	大融化	机翻	0	0
มหาลัย	大学	机翻	0	0
มหาวงศ์	马哈翁	机翻	0	0
มหาวิหาร	大教堂	机翻	0	0
มหาศาล	巨大的	机翻	0	0
มหาสดมภ์	锁定下巴	机翻	0	0
มหาโหด	残忍的	机翻	0	0
มหาอำนาจ	超级大国	机翻	0	0
มหาอุด	伟大的乌德	机翻	0	0
มหิงส์	水牛	机翻	0	0
มหิงสา	马欣萨	机翻	0	0
มหิทธิ	充满了巨大的能力	机翻	0	0
มหิธร	毗湿奴	机翻	0	0
มหินท์	因陀罗	机翻	0	0
มหิบดี	主权	机翻	0	0
มหิษ	水牛	机翻	0	0
มหิษี	配偶	机翻	0	0
มหึมา	长毛象	机翻	0	0
มหุรดี	短时间	机翻	0	0
มเหนทร์	因陀罗	机翻	0	0
มเหษี	女王	机翻	0	0
มเหสิ	大隐士	机翻	0	0
มเหสี	配偶	机翻	0	0
มเหสีเอก	第一女王	机翻	0	0
มเหาฬาร	巨大的	机翻	0	0
มโหรสพ	娱乐	机翻	0	0
มโหระทึก	仪式定音鼓	机翻	0	0
มโหรี	加麦兰	机翻	0	0
มโหฬาร	巨大	机翻	0	0
มอคราม	莫克拉姆	机翻	0	0
มองข้าม	俯瞰	机翻	0	0
มองดู	看	机翻	0	0
มองตาม	跟随	机翻	0	0
ม่องเท่ง	女骑士	机翻	0	0
มองบน	抬头	机翻	0	0
มองแรง	努力寻找	机翻	0	0
มองโลก	看看世界	机翻	0	0
มองว่า	我认为	机翻	0	0
มองหา	寻找	机翻	0	0
มองเห็น	看	机翻	0	0
มอซอ	肮脏的	机翻	0	0
มอไซค์	摩托车	机翻	0	0
มอดม้วย	死	机翻	0	0
มอดไม้	木蛾	机翻	0	0
มอดไหม้	烧毁	机翻	0	0
มอดูล	模块	机翻	0	0
ม่อต้อ	粗短的	机翻	0	0
มอเตอร์	发动机	机翻	0	0
ม่อนไข่	孟凯	机翻	0	0
มอนแทนา	蒙大拿	机翻	0	0
ม็อบ	暴民	机翻	0	0
ม๊อบ	暴民	机翻	0	0
มอบตัว	投降	机翻	0	0
มอบให้	给	机翻	0	0
มอมเมา	引入歧途	机翻	0	0
มอมแมม	衣衫褴褛	机翻	0	0
มอมเหล้า	喝醉	机翻	0	0
ม่อยหลับ	我没有睡觉	机翻	0	0
มอระกู่	水烟	机翻	0	0
มอเรเวีย	摩拉维亚	机翻	0	0
มอลโดวา	摩尔多瓦	机翻	0	0
มอลต์	麦芽	机翻	0	0
มอลตา	马耳他	机翻	0	0
มอลโตส	麦芽糖	机翻	0	0
มอสโก	莫斯科	机翻	0	0
มอสส์	苔藓	机翻	0	0
ม่อฮ่อม	坎妈妈	机翻	0	0
มะกรูด	卡菲尔酸橙	机翻	0	0
มะกอก	橄榄	机翻	0	0
มะกะโรนี	通心粉	机翻	0	0
มะเกลือ	乌木	机翻	0	0
มะขวิด	醋栗	机翻	0	0
มะขาม	罗望子	机翻	0	0
มะขามเทศ	马尼拉罗望子	机翻	0	0
มะเขือ	茄子	机翻	0	0
มะแขว่น	马克文	机翻	0	0
มะงั่ว	香橼	机翻	0	0
มะดัน	马丹	机翻	0	0
มะเดื่อ	如图	机翻	0	0
มะตะบะ	马塔巴	机翻	0	0
มะตี	马蒂	机翻	0	0
มะตูม	贝尔果	机翻	0	0
มะนิลา	马尼拉	机翻	0	0
มะปราง	马普朗	机翻	0	0
มะพลับ	柿子	机翻	0	0
มะพูด	马云说	机翻	0	0
มะเฟือง	星苹果	机翻	0	0
มะไฟ	马辉	机翻	0	0
มะเมีย	马	机翻	0	0
มะเมียศก	那个时代的马	机翻	0	0
มะแม	山羊	机翻	0	0
มะแมศก	山羊	机翻	0	0
มะยม	明星醋栗	机翻	0	0
มะระ	苦瓜	机翻	0	0
มะริด	辣根	机翻	0	0
มะรืน	后天	机翻	0	0
มะรุ	丸	机翻	0	0
มะรุม	辣木	机翻	0	0
มะเร็ง	癌症	机翻	0	0
มะเรื่อง	这是什么故事？	机翻	0	0
มะโรง	龙	机翻	0	0
มะโรงศก	龙纪元	机翻	0	0
มะละกา	马六甲	机翻	0	0
มะลิ	茉莉花	机翻	0	0
มะลิลา	茉莉花	机翻	0	0
มะเส็ง	黑鱼	机翻	0	0
มะหะหมัด	穆罕默德	机翻	0	0
มะเหงก	手的指关节	机翻	0	0
มักกะสัน	马卡桑	机翻	0	0
มักกะฮ์	麦加	机翻	0	0
มักขะ	缺乏感恩之心	机翻	0	0
มักคุ้น	熟悉	机翻	0	0
มักง่าย	不小心地	机翻	0	0
มักจะ	通常	机翻	0	0
มักได้	经常得到	机翻	0	0
มักน้อย	谦虚地	机翻	0	0
มักมาก	狂热的	机翻	0	0
มักใหญ่	雄心勃勃的	机翻	0	0
มัคนายก	教堂管理员	机翻	0	0
มัฆวา	因陀罗	机翻	0	0
มัฆวาน	因陀罗	机翻	0	0
มังกร	龙	机翻	0	0
มังคล	吉祥	机翻	0	0
มั่งคั่ง	富裕	机翻	0	0
มังคุค	山竹	机翻	0	0
มังคุด	山竹	机翻	0	0
มังงะ	漫画	机翻	0	0
มั่งทรา	咒语	机翻	0	0
มั่งมี	富裕	机翻	0	0
มังส	素食	机翻	0	0
มัจจุราช	死亡	机翻	0	0
มัจฉะ	鱼	机翻	0	0
มัจฉา	抹茶	机翻	0	0
มัชชะ	酒精	机翻	0	0
มัชชาระ	马查拉	机翻	0	0
มัชฌิม	意思是	机翻	0	0
มัชฌิมา	中间	机翻	0	0
มัญจา	床	机翻	0	0
มัญชุ	美丽的	机翻	0	0
มัณฑุก	青蛙	机翻	0	0
มัดจำ	订金	机翻	0	0
มัดหมี่	穆德梅	机翻	0	0
มัตตัย	人类	机翻	0	0
มัตติกา	黏土	机翻	0	0
มัตถก	王冠	机翻	0	0
มัตสยา	马齐亚	机翻	0	0
มัตสรรย์	妒忌	机翻	0	0
มัธยฐาน	中位数	机翻	0	0
มัธยม	中学	机翻	0	0
มัธยมกาล	中学	机翻	0	0
มัธยมต้น	中学	机翻	0	0
มัธยัสถ์	节俭	机翻	0	0
มันแข็ง	这很难	机翻	0	0
มันเงา	闪亮的	机翻	0	0
มันตา	很引人注目	机翻	0	0
มันเทศ	薯	机翻	0	0
มันนิ	很油腻	机翻	0	0
มันปลาบ	它已涂漆	机翻	0	0
มันเปลว	是火焰	机翻	0	0
มันแผลบ	好痛	机翻	0	0
มั่นแม่น	这是准确的	机翻	0	0
มันย่อง	脂肪	机翻	0	0
มันเยิ้ม	腻	机翻	0	0
มันวาว	闪亮的	机翻	0	0
มันส์	乐趣	机翻	0	0
มันสมอง	脑	机翻	0	0
มันเสา	这是一根柱子	机翻	0	0
มันไส้	不喜欢	机翻	0	0
มั่นหมาย	决定	机翻	0	0
มันหมู	猪油	机翻	0	0
มัมมี่	木乃伊	机翻	0	0
มั๊ย	是吗？	机翻	0	0
มัลก	水碗	机翻	0	0
มัลดีฟส์	马尔代夫	机翻	0	0
มัลลิกา	玛丽卡	机翻	0	0
มัวซัว	忧郁的	机翻	0	0
มั่วซั่ว	随机	机翻	0	0
มั่วนิ่ม	我很困惑	机翻	0	0
มัวมอม	被涂黑	机翻	0	0
มัวเมา	酣	机翻	0	0
มัวเมีย	昏昏欲睡	机翻	0	0
มัวร์	摩尔	机翻	0	0
มั่วสุม	交融	机翻	0	0
มัศยา	鱼	机翻	0	0
มัสกัต	马斯喀特	机翻	0	0
มัสดก	王冠	机翻	0	0
มัสตาร์ด	芥末	机翻	0	0
มัสมั่น	马萨曼	机翻	0	0
มัสยา	马萨亚	机翻	0	0
มัสลิน	平纹细布	机翻	0	0
มัสสุ	胡须	机翻	0	0
ม๊า	马	机翻	0	0
มากกว่า	多于	机翻	0	0
มากขึ้น	更多的	机翻	0	0
มากความ	很多	机翻	0	0
มากไป	太多了	机翻	0	0
มากมาย	地段	机翻	0	0
มากหลาย	许多	机翻	0	0
มาก่อน	先来	机翻	0	0
มาการง	马卡龙	机翻	0	0
มาเก๊า	澳门	机翻	0	0
ม้าแข่ง	赛马	机翻	0	0
มาฆบูชา	万佛	机翻	0	0
มาจาก	来自	机翻	0	0
ม้าใช้	使用的马	机翻	0	0
มาณพ	年轻人	机翻	0	0
มาณวิกา	年轻女子	机翻	0	0
มาดมั่น	自信地来吧	机翻	0	0
มาดริด	马德里	机翻	0	0
มาดหมาย	有目的而来	机翻	0	0
มาดา	马达	机翻	0	0
มาตงค์	大象	机翻	0	0
ม้าต้น	马树	机翻	0	0
มาตร	仪表	机翻	0	0
มาตรแม้น	虽然	机翻	0	0
มาตรวัด	测量	机翻	0	0
มาตรว่า	措施是	机翻	0	0
มาตรา	部分	机翻	0	0
มาตราการ	措施	机翻	0	0
มาตุ	母亲	机翻	0	0
มาตุคาม	女性	机翻	0	0
มาตุฆาต	弑母	机翻	0	0
มาตุจฉา	阿姨	机翻	0	0
มาตุภูมิ	祖国	机翻	0	0
มาตุลา	十月	机翻	0	0
มาถึง	到达	机翻	0	0
ม้าเทศ	大型外国马	机翻	0	0
ม่านตา	虹膜	机翻	0	0
มานพ	马诺普	机翻	0	0
ม่านรูด	汽车旅馆	机翻	0	0
มานะ	快点	机翻	0	0
ม้านั่ง	长椅	机翻	0	0
มานามา	麦纳麦	机翻	0	0
ม้าน้ำ	海马	机翻	0	0
มานิต	可敬的人	机翻	0	0
มานี	玛尼	机翻	0	0
มาโนชญ์	令人愉快的	机翻	0	0
มาเฟีย	黑手党	机翻	0	0
มาม่า	妈妈	机翻	0	0
มาม่าซัง	妈妈桑	机翻	0	0
ม้ามืด	黑马	机翻	0	0
มายองเนส	蛋黄酱	机翻	0	0
มายอต	马约特岛	机翻	0	0
มายา	玛雅人	机翻	0	0
มายากล	魔法	机翻	0	0
มายาการ	魔法	机翻	0	0
มายาคติ	神话	机翻	0	0
มายาวี	伪君子	机翻	0	0
ม้าโยก	摇马	机翻	0	0
มารค	路线	机翻	0	0
มาร์เค	马尔凯	机翻	0	0
มารชิต	佛	机翻	0	0
มารดา	母亲	机翻	0	0
มารผจญ	瘟疫	机翻	0	0
มาร์มอต	土拨鼠	机翻	0	0
มารยา	似是而非的	机翻	0	0
มารยาท	礼仪	机翻	0	0
มารวิชัย	佛	机翻	0	0
มารศรี	女士	机翻	0	0
มารษา	谬误	机翻	0	0
มารสังคม	社会恶人	机翻	0	0
มารหัวขน	私生子	机翻	0	0
มาระ	玛拉	机翻	0	0
มาราธอน	马拉松	机翻	0	0
มาริ	马里	机翻	0	0
มารีเอล	玛丽埃尔	机翻	0	0
มารุต	马鲁特	机翻	0	0
ม้าเร็ว	侦察兵	机翻	0	0
มาแรง	热的	机翻	0	0
ม้าล่อ	骡子	机翻	0	0
มาลัย	花环	机翻	0	0
มาลา	电晕	机翻	0	0
มาลากรรม	马拉卡玛	机翻	0	0
มาลาการ	马六甲	机翻	0	0
มาลาตี	茉莉花	机翻	0	0
มาลาโบ	马拉博	机翻	0	0
ม้าลาย	斑马	机翻	0	0
มาลาเรีย	疟疾	机翻	0	0
มาลาวี	马拉维	机翻	0	0
มาลินี	女花匠	机翻	0	0
มาลี	马里	机翻	0	0
มาเล	马来西亚	机翻	0	0
มาเลเซีย	马来西亚	机翻	0	0
มาเลศ	马来西亚	机翻	0	0
มาสาย	我来晚了	机翻	0	0
มาสู่	来到	机翻	0	0
มาห์	马赫	机翻	0	0
ม่าห์	马赫	机翻	0	0
ม้าหมุน	旋转木马	机翻	0	0
ม้าห้อ	马正在流血	机翻	0	0
มาหา	来找我吧	机翻	0	0
มาเอบาชิ	前桥	机翻	0	0
มิคสัญญี	恶作剧	机翻	0	0
มิคะ	米卡	机翻	0	0
มิงก์	貂	机翻	0	0
มิ่งขวัญ	吉祥物	机翻	0	0
มิงโค	星期	机翻	0	0
มิ่งมิตร	情人	机翻	0	0
มิจฉา	恶作剧	机翻	0	0
มิจฉาจาร	轻罪	机翻	0	0
มิจฉาชีพ	骗子	机翻	0	0
มิจฉาสติ	良心错误	机翻	0	0
มิชิแกน	密歇根州	机翻	0	0
มิใช่	不是	机翻	0	0
มิโซรัม	米佐拉姆邦	机翻	0	0
มิดชิด	完全	机翻	0	0
มิดเทอม	期中考试	机翻	0	0
มิดไนท์	午夜	机翻	0	0
มิดเม้น	完全覆盖	机翻	0	0
มิดหมี	非常	机翻	0	0
มิได้	不是	机翻	0	0
มิตร	友好的	机翻	0	0
มิตรจิต	友善	机翻	0	0
มิตรแท้	好朋友	机翻	0	0
มิตรสหาย	朋友们	机翻	0	0
มิเตอร์	仪表	机翻	0	0
มิโตะ	水户	机翻	0	0
มิถุน	双胞胎	机翻	0	0
มิถุนา	六月	机翻	0	0
มิทธะ	昏睡	机翻	0	0
มินต์	薄荷	机翻	0	0
มินตา	道歉	机翻	0	0
มินสก์	明斯克	机翻	0	0
มินสค์	明斯克	机翻	0	0
มินหม้อ	煤烟	机翻	0	0
มิน่า	怪不得	机翻	0	0
มิน่าล่ะ	怪不得	机翻	0	0
มินิบัส	小巴	机翻	0	0
มินิแวน	小型货车	机翻	0	0
มิบังควร	这是不合适的	机翻	0	0
มิไย	不管	机翻	0	0
มิรู้วาย	我不知道为什么	机翻	0	0
มิลักขะ	达罗毗荼语	机翻	0	0
มิวนิก	慕尼黑	机翻	0	0
มิสกรี	薄布	机翻	0	0
มิสกวัน	天堂花园	机翻	0	0
มิสซา	大量的	机翻	0	0
มิสซูรี	密苏里州	机翻	0	0
มิหนำซ้ำ	而且	机翻	0	0
มีกะใจ	我有一颗心	机翻	0	0
มีแก่ใจ	愿意	机翻	0	0
มีข้อแม้	有一个条件	机翻	0	0
มีไข้	发烧了	机翻	0	0
มีคดี	有一个案例	机翻	0	0
มีครรภ์	孕	机翻	0	0
มีค่า	有价值的	机翻	0	0
มีเงิน	有钱	机翻	0	0
มีจริต	有良心	机翻	0	0
มีใจ	有一颗心	机翻	0	0
มี่ฉาว	吵闹地	机翻	0	0
มีชัย	胜利者	机翻	0	0
มีชีวิต	居住	机翻	0	0
มีชู้	不忠的	机翻	0	0
มีโชค	祝你好运	机翻	0	0
มีดตอก	锤刀	机翻	0	0
มีดพร้า	大刀	机翻	0	0
มีดพับ	折叠刀	机翻	0	0
มีดหมอ	柳叶刀	机翻	0	0
มีดเหน็บ	小刀	机翻	0	0
มีท้อง	孕	机翻	0	0
มีเทน	甲烷	机翻	0	0
มีธุระ	我很忙	机翻	0	0
มีนวิทยา	明维塔亚	机翻	0	0
มีนัย	有意义的	机翻	0	0
มีนา	行进	机翻	0	0
มีแบบแผน	有一个计划	机翻	0	0
มีผล	有效的	机翻	0	0
มีผลต่อ	影响	机翻	0	0
มีแผน	有一个计划	机翻	0	0
มีฝีมือ	熟练	机翻	0	0
มีพิษ	有毒	机翻	0	0
มีมติ	有决心	机翻	0	0
มีระดับ	优雅的	机翻	0	0
มีระบบ	有一个系统	机翻	0	0
มีรากฐาน	有基础	机翻	0	0
มีราคา	有一个价格	机翻	0	0
มีเรื่อง	有问题	机翻	0	0
มีเรือน	有房子	机翻	0	0
มีลูก	生一个孩子	机翻	0	0
มีเลศนัย	狡猾	机翻	0	0
มีสกุล	有姓氏	机翻	0	0
มีสง่า	优雅的	机翻	0	0
มีสตางค์	有钱	机翻	0	0
มีส่วน	有一部分	机翻	0	0
มีสัจจะ	有真相	机翻	0	0
มีสีสัน	丰富多彩的	机翻	0	0
มีเสน่ห์	迷人	机翻	0	0
มีเสียง	有声音	机翻	0	0
มีหน้า	有脸	机翻	0	0
มีอยู่	存在	机翻	0	0
มีอายุ	老年的	机翻	0	0
มีอิสระ	有自由	机翻	0	0
มีโอกาส	有机会	机翻	0	0
มึนงง	麻木的	机翻	0	0
มึนชา	冷静点	机翻	0	0
มึนเชิน	晕眩的	机翻	0	0
มึนซึม	麻木的	机翻	0	0
มึนตึง	迷惑的	机翻	0	0
มึนเมา	令人兴奋的	机翻	0	0
มืดครึ้ม	灰蒙蒙	机翻	0	0
มืดค่ำ	夜晚开始	机翻	0	0
มืดทึบ	黑暗的	机翻	0	0
มืดมัว	暗淡	机翻	0	0
มืดมิด	天黑了	机翻	0	0
มืดสนิท	完全黑暗	机翻	0	0
มืดหน้า	晕眩的	机翻	0	0
มือเก่า	老将	机翻	0	0
มือขวา	长处	机翻	0	0
มือขึ้น	举起手来	机翻	0	0
มือจับ	处理	机翻	0	0
มือฉมัง	专家	机翻	0	0
มือซ้าย	左手	机翻	0	0
มือดี	一手好牌	机翻	0	0
มือตก	我的手落了下来	机翻	0	0
มือเติบ	浪费钱	机翻	0	0
มือถือ	手机	机翻	0	0
มือบอน	用不安的手诅咒	机翻	0	0
มือเบา	轻轻触摸	机翻	0	0
มือปราบ	巴斯特	机翻	0	0
มือปืน	枪手	机翻	0	0
มือเปล่า	两手空空	机翻	0	0
มือโปร	专业版	机翻	0	0
มือผี	鬼手	机翻	0	0
มือฝรั่ง	西式手	机翻	0	0
มือมืด	隐形攻击者	机翻	0	0
มือเย็น	手冰冷	机翻	0	0
มือรอง	二手	机翻	0	0
มือร้อน	手热	机翻	0	0
มือลิง	船肋	机翻	0	0
มือไว	鬼头鬼脑	机翻	0	0
มือสอง	二手	机翻	0	0
มือสะอาด	光荣的	机翻	0	0
มือสี	手绘	机翻	0	0
มือหนัก	艰难的	机翻	0	0
มือหนึ่ง	第一手资料	机翻	0	0
มือใหม่	新秀	机翻	0	0
มืออ่อน	手无力	机翻	0	0
มุกดา	珍珠	机翻	0	0
มุกดาหาร	莫达汉	机翻	0	0
มุกตลก	有趣的笑话	机翻	0	0
มุกิ้ว	向久	机翻	0	0
มุขเด็จ	阳台	机翻	0	0
มุขตลก	有趣的笑话	机翻	0	0
มุขบาฐ	口碑	机翻	0	0
มุขมนตรี	总理	机翻	0	0
มุคธ์	穆克达	机翻	0	0
มุ่งเน้น	重点	机翻	0	0
มุ่งมาด	希望	机翻	0	0
มุ่งร้าย	恶意的	机翻	0	0
มุ้งลวด	防蚊丝网	机翻	0	0
มุ่งเสนอ	旨在提供	机翻	0	0
มุ่งหน้า	标题	机翻	0	0
มุ่งหมาย	目的	机翻	0	0
มุ่งหวัง	目的	机翻	0	0
มุฐิ	冲床	机翻	0	0
มุดหัว	小屋	机翻	0	0
มุตตา	蛋白石	机翻	0	0
มุตติ	解脱	机翻	0	0
มุติ	意识	机翻	0	0
มุทธา	高潮	机翻	0	0
มุทะลุ	鲁莽地	机翻	0	0
มุทา	喜	机翻	0	0
มุทิกา	多情的歌声表演者	机翻	0	0
มุทิงค์	塔布尔	机翻	0	0
มุทิตา	同情的喜悦	机翻	0	0
มุทุตา	压痛	机翻	0	0
มุนิ	圣人	机翻	0	0
มุนินทร์	大圣人	机翻	0	0
มุบมิบ	偷偷摸摸	机翻	0	0
มุมกดลง	俯角	机翻	0	0
มุมก้ม	俯角	机翻	0	0
มุมเงย	上升角	机翻	0	0
มุมฉาก	直角	机翻	0	0
มุมตรง	直角	机翻	0	0
มุมถนน	街角	机翻	0	0
มุมเท	浇注角度	机翻	0	0
มุมไบ	孟买	机翻	0	0
มุมป้าน	钝角	机翻	0	0
มุมมืด	黑暗的角落	机翻	0	0
มุมแย้ง	交替角度	机翻	0	0
มุมหักเห	折射角	机翻	0	0
มุมเห	角度	机翻	0	0
มุมแหลม	怪癖	机翻	0	0
มุมานะ	努力	机翻	0	0
มุรธา	巅峰	机翻	0	0
มุสลิม	穆斯林	机翻	0	0
มุสา	说谎	机翻	0	0
มุสาวาท	谬误	机翻	0	0
มุสิก	啮齿动物	机翻	0	0
มุฮัมมัด	穆罕默德	机翻	0	0
มูตร	尿	机翻	0	0
มูเตลู	穆特鲁	机翻	0	0
มู่ทู่	无意义	机翻	0	0
มูมมาม	饕	机翻	0	0
มูลความ	基础	机翻	0	0
มูลโค	牛粪	机翻	0	0
มูลจิต	木兰吉特	机翻	0	0
มูลฐาน	基础	机翻	0	0
มูลดิน	土壤	机翻	0	0
มูลไถ	鹨	机翻	0	0
มูลนาย	硕士基础	机翻	0	0
มูลบท	基础	机翻	0	0
มูลฝอย	垃圾	机翻	0	0
มูลสัตว์	动物粪便	机翻	0	0
มูลเหตุ	原因	机翻	0	0
มู่ลี่	小鸡	机翻	0	0
มูส	摩丝	机翻	0	0
มูสิก	鼠	机翻	0	0
เม็กซิโก	墨西哥	机翻	0	0
เมกอัป	化妆品	机翻	0	0
เมขลา	闪电女神	机翻	0	0
เมฆคลุ้ม	多云	机翻	0	0
เมฆฉาย	云投影	机翻	0	0
เมฆฝน	雨云	机翻	0	0
เมฆพัด	合金佛像	机翻	0	0
เมฆมาก	多云	机翻	0	0
เมฆหมอก	雾云	机翻	0	0
เมฆา	云	机翻	0	0
เมฆาลัย	梅加拉亚邦	机翻	0	0
เมฆินทร์	云	机翻	0	0
เมฆี	云	机翻	0	0
เม็ดเงิน	钱	机翻	0	0
เม็ดทราย	沙粒	机翻	0	0
เม็ดฝน	雨滴	机翻	0	0
เม็ดฝุ่น	尘粒	机翻	0	0
เม็ดมะยม	王冠	机翻	0	0
เมตตา	仁慈	机翻	0	0
เมตตาจิต	慈悲心	机翻	0	0
เมตริก	公制	机翻	0	0
เมถุน	双子座	机翻	0	0
เมทนีดล	地球	机翻	0	0
เมทินี	土地	机翻	0	0
เมโท	方法	机翻	0	0
เมโทร	地铁	机翻	0	0
เมธังกร	梅桑加孔	机翻	0	0
เมธา	智慧	机翻	0	0
เม้นท์	评论	机翻	0	0
เมนทอล	薄荷醇	机翻	0	0
เม่นทะเล	海胆	机翻	0	0
เมนส์	经期	机翻	0	0
เมนู	菜单	机翻	0	0
เมเปิล	枫	机翻	0	0
เม้มปาก	撅起嘴唇	机翻	0	0
เมรัย	发酵酒	机翻	0	0
เมรุ	火葬场	机翻	0	0
เมรุมาศ	皇家葬礼柴堆	机翻	0	0
เมรุราช	火葬场	机翻	0	0
เมล์	邮件	机翻	0	0
เมลก	梅尔克	机翻	0	0
เมลือง	明亮的	机翻	0	0
เมลื่อย	精疲力竭	机翻	0	0
เมลื้อย	爬行	机翻	0	0
เมษบาล	牧羊人	机翻	0	0
เมษปิศาจ	白羊座的恶魔	机翻	0	0
เมษา	四月	机翻	0	0
เมาค้าง	宿醉	机翻	0	0
เม้าเค้า	圆脸和扁脸	机翻	0	0
เมาดิบ	假装喝醉	机翻	0	0
เมามัน	疯狂地	机翻	0	0
เมามัว	被蒙蔽	机翻	0	0
เมามาย	清醒	机翻	0	0
เมายศ	对等级感到愚蠢	机翻	0	0
เมายา	下药了	机翻	0	0
เมารถ	晕车	机翻	0	0
เมารี	毛利人	机翻	0	0
เมาลี	发髻	机翻	0	0
เม้าส์	老鼠	机翻	0	0
เมาเหล้า	醉	机翻	0	0
เมาอำนาจ	独裁	机翻	0	0
เมินเฉย	忽略	机翻	0	0
เมินหน้า	转身走开	机翻	0	0
เมียเก็บ	我的妻子保留着它	机翻	0	0
เมียเก่า	前妻	机翻	0	0
เมี่ยงคำ	缅康	机翻	0	0
เมียงมอง	窥视	机翻	0	0
เมียเช่า	出租老婆	机翻	0	0
เมียนมา	缅甸	机翻	0	0
เมียน้อย	情妇	机翻	0	0
เมียหลวง	皇室妻子	机翻	0	0
เมื่อกี้	刚才	机翻	0	0
เมื่อคืน	昨夜	机翻	0	0
เมืองท่า	港口	机翻	0	0
เมืองไทย	泰国	机翻	0	0
เมืองนรก	地狱城	机翻	0	0
เมืองนอก	外国	机翻	0	0
เมืองฟ้า	天空之城	机翻	0	0
เมืองออก	出城	机翻	0	0
เมื่อใด	什么时候？	机翻	0	0
แม่กอง	首席	机翻	0	0
แม่กุญแจ	锁	机翻	0	0
แม่แก่	老妈妈	机翻	0	0
แม่ไก่	母鸡	机翻	0	0
แม่โขง	湄公河	机翻	0	0
แม่คงคา	湄公卡	机翻	0	0
แม่คุณ	你的母亲	机翻	0	0
แมงกวาง	锹虫	机翻	0	0
แมงกานิน	锰素	机翻	0	0
แมงกานีส	锰	机翻	0	0
แมงช้าง	象虫	机翻	0	0
แมงดา	拉皮条	机翻	0	0
แมงป่อง	蝎	机翻	0	0
แมงมัน	这是一个错误	机翻	0	0
แมงลัก	甜罗勒	机翻	0	0
แม้จะ	虽然	机翻	0	0
แม่เจ้า	我的天啊	机翻	0	0
แม่ชี	尼姑	机翻	0	0
แม่ซื้อ	妈妈买了	机翻	0	0
แม่เฒ่า	老太太	机翻	0	0
แม่เตาไฟ	带框架的壁炉	机翻	0	0
แม้แต่	甚至	机翻	0	0
แม่ทัพ	一般的	机翻	0	0
แม่ท่า	梅塔	机翻	0	0
แม่ธรณี	地球母亲	机翻	0	0
แมนโดลิน	曼陀林	机翻	0	0
แม่นตรง	准确的	机翻	0	0
แมนนาที	海牛	机翻	0	0
แม่นม	护士	机翻	0	0
แม่นมั่น	绝对准确	机翻	0	0
แม่นาง	女士	机翻	0	0
แม่บท	原型的	机翻	0	0
แม่เบี้ย	兜帽	机翻	0	0
แม่แบบ	模板	机翻	0	0
แม่ผัว	岳母	机翻	0	0
แม่พระ	圣母	机翻	0	0
แม่พิมพ์	模具	机翻	0	0
แม่มด	巫婆	机翻	0	0
แมมมอธ	长毛象	机翻	0	0
แม่ม่าย	寡妇	机翻	0	0
แม่ไม้	木之母	机翻	0	0
แม่ย่า	妈妈奶奶	机翻	0	0
แม่ยาย	岳母	机翻	0	0
แม่ร้าง	离婚者	机翻	0	0
แมรี	玛丽	机翻	0	0
แม่แรง	杰克	机翻	0	0
แมลงดา	甲虫	机翻	0	0
แมลงทับ	昆虫粉碎	机翻	0	0
แมลงปอ	蜻蜓	机翻	0	0
แมลงภู่	大黄蜂	机翻	0	0
แมลงหวี่	果蝇	机翻	0	0
แม่ลาย	主题	机翻	0	0
แม่เล้า	湄老	机翻	0	0
แมวโคราช	呵叻猫	机翻	0	0
แมวเซา	猫困了	机翻	0	0
แมวทราย	沙猫	机翻	0	0
แมวป่า	野猫	机翻	0	0
แมวมอง	侦察	机翻	0	0
แมวเสือ	虎猫	机翻	0	0
แมส	大量的	机翻	0	0
แมสก์	面具	机翻	0	0
แม่สามี	岳母	机翻	0	0
แม่สาย	美塞	机翻	0	0
แม่สี	原色	机翻	0	0
แม่สื่อ	媒人	机翻	0	0
แม่หม้าย	寡妇	机翻	0	0
แม่เหล็ก	磁铁	机翻	0	0
โมกษะ	解脱	机翻	0	0
โมกใหญ่	大口交	机翻	0	0
โมกาดิชู	摩加迪沙	机翻	0	0
โมฆ	空白	机翻	0	0
โมฆกรรม	无效行为	机翻	0	0
โมฆบุรุษ	云人	机翻	0	0
โมฆะ	空白	机翻	0	0
โมฆะกรรม	虚空业力	机翻	0	0
โมฆีย	空白	机翻	0	0
โมฆียะ	空白	机翻	0	0
โมงครุ่ม	已经很晚了	机翻	0	0
โม่งโค่ง	麻烦的	机翻	0	0
โมซัมบิก	莫桑比克	机翻	0	0
โมดูล	模块	机翻	0	0
โมเดล	模型	机翻	0	0
โมเต็ล	汽车旅馆	机翻	0	0
โมทนา	麾	机翻	0	0
โมนาโก	摩纳哥	机翻	0	0
โมเพด	轻便摩托车	机翻	0	0
โมเม	认为是理所当然的	机翻	0	0
โมเมนตัม	势头	机翻	0	0
โมร็อกโก	摩洛哥	机翻	0	0
โมรา	玉髓	机翻	0	0
โมริโอกะ	盛冈	机翻	0	0
โมลี	顶结	机翻	0	0
โมเสก	马赛克	机翻	0	0
โมเสส	摩西	机翻	0	0
โมหันธ์	假象	机翻	0	0
โมหาคติ	不宽容	机翻	0	0
โมโห	生气的	机翻	0	0
โมโหโทโส	胡椒	机翻	0	0
โมโหหิว	又生气又饿	机翻	0	0
ไม้กลัด	串	机翻	0	0
ไม่กล้า	我不敢	机翻	0	0
ไม้กอล์ฟ	高尔夫俱乐部	机翻	0	0
ไมกา	云母	机翻	0	0
ไม่กี่	很少	机翻	0	0
ไม้ขนไก่	羽毛棒	机翻	0	0
ไม้ขอน	木材	机翻	0	0
ไม้ขีด	比赛	机翻	0	0
ไม้ขีดไฟ	匹配	机翻	0	0
ไม้แข็ง	硬木	机翻	0	0
ไม่ค่อย	很少	机翻	0	0
ไม้คาน	光束	机翻	0	0
ไม้แคะหู	挖耳勺	机翻	0	0
ไมโครบัส	面包车	机翻	0	0
ไม่งั้น	否则	机翻	0	0
ไม้จริง	实木	机翻	0	0
ไม้จัตวา	准将	机翻	0	0
ไม่จำกัด	无限	机翻	0	0
ไม้จำปา	占婆木	机翻	0	0
ไม่ชัด	不清楚	机翻	0	0
ไม่เชิง	并不真地	机翻	0	0
ไม้ซี้	木棍	机翻	0	0
ไม้ซุง	木材	机翻	0	0
ไม้เซลฟี	自拍杆	机翻	0	0
ไม้ดอก	开花植物	机翻	0	0
ไม้ดัด	矮人	机翻	0	0
ไม้เด็ด	精选	机翻	0	0
ไม้แดง	红木	机翻	0	0
ไม่ได้ผล	这不起作用	机翻	0	0
ไม้ต้น	树	机翻	0	0
ไมตรี	善意	机翻	0	0
ไม้ตรี	学士接力棒	机翻	0	0
ไมตรีจิต	善意	机翻	0	0
ไม้ตาย	定居者	机翻	0	0
ไม่ถือสา	我不介意	机翻	0	0
ไม่ทัน	不及时	机翻	0	0
ไม่ทำงาน	不工作	机翻	0	0
ไม้เท้า	职员	机翻	0	0
ไม้โท	大师的棍子	机翻	0	0
ไม้นวม	仁慈	机翻	0	0
ไม่น้อย	不是一点点	机翻	0	0
ไม้นิ้ว	手指棒	机翻	0	0
ไม่แน่	或许	机翻	0	0
ไม่บ่อย	不经常	机翻	0	0
ไม้บาง	薄木头	机翻	0	0
ไม่เบา	不轻	机翻	0	0
ไม้ใบ	树叶	机翻	0	0
ไม้ผล	果树	机翻	0	0
ไม้ผัด	炒条	机翻	0	0
ไม่ผิด	这并没有错	机翻	0	0
ไม่เผาผี	不要烧鬼	机翻	0	0
ไม้แผ่น	木板	机翻	0	0
ไม้ไผ่	竹子	机翻	0	0
ไม้พาย	抹刀	机翻	0	0
ไม้พุ่ม	灌木	机翻	0	0
ไม้ม้วน	木卷	机翻	0	0
ไม่มีค่า	无价	机翻	0	0
ไม่มีใคร	没有人	机翻	0	0
ไม่มีทาง	决不	机翻	0	0
ไม่มีผล	没有效果	机翻	0	0
ไม่มีแรง	没有能量	机翻	0	0
ไม่มีวัน	绝不	机翻	0	0
ไม่มีสติ	无意识	机翻	0	0
ไม่มีหัว	没有头	机翻	0	0
ไม้มืด	深色木材	机翻	0	0
ไม้เมตร	米尺	机翻	0	0
ไม้ยมก	牦牛木	机翻	0	0
ไมยราบ	敏感植物	机翻	0	0
ไม่ยอม	我不会屈服	机翻	0	0
ไม้ยัน	拐杖	机翻	0	0
ไม่ยาก	这并不难	机翻	0	0
ไม้ยาว	极	机翻	0	0
ไม่แยแส	冷漠	机翻	0	0
ไม่ไยดี	冷漠	机翻	0	0
ไม้ระแนง	板条	机翻	0	0
ไม่รู้	不知道	机翻	0	0
ไม่รู้จบ	无尽的	机翻	0	0
ไม้เรียว	桦木	机翻	0	0
ไมล์	英里	机翻	0	0
ไมล์ทะเล	海里	机翻	0	0
ไม้ลอย	翻滚	机翻	0	0
ไม่ลืม	别忘了	机翻	0	0
ไม่เลว	不错	机翻	0	0
ไม่ว่า	不管怎样	机翻	0	0
ไม้วา	佤木	机翻	0	0
ไม่ว่าง	不可用	机翻	0	0
ไม่วาย	没问题	机翻	0	0
ไม่ไว้ใจ	不要相信	机翻	0	0
ไม่สดใส	不亮	机翻	0	0
ไม่สน	我不在乎	机翻	0	0
ไม่สบาย	不适	机翻	0	0
ไม้สั้น	短棒	机翻	0	0
ไม้หน้า	弩	机翻	0	0
ไม้หมอน	楔子	机翻	0	0
ไม้หมุน	调平棒	机翻	0	0
ไม่หยอก	不是戏弄	机翻	0	0
ไม้หึ่ง	游戏	机翻	0	0
ไม่เห็น	看不到	机翻	0	0
ไม้ใหญ่	大树	机翻	0	0
ไม่ไหว	我受不了	机翻	0	0
ไม่อยู่	我不在这里	机翻	0	0
ไม้อัด	胶合板	机翻	0	0
ไม่อั้น	无限	机翻	0	0
ไม้เอก	主要木材	机翻	0	0
ไม่เอา	不	机翻	0	0
ไม้โอ	橡木	机翻	0	0
ย	是	机翻	0	0
ยกกำลัง	指数	机翻	0	0
ยกแก้ว	举起一杯酒	机翻	0	0
ยกขึ้น	凸起	机翻	0	0
ยกโขยง	部落	机翻	0	0
ยกครู	提高老师	机翻	0	0
ยกเค้า	抢劫	机翻	0	0
ยกฐานะ	提升你的地位	机翻	0	0
ยกตัว	例如	机翻	0	0
ยกทัพ	起兵	机翻	0	0
ยกโทษ	原谅	机翻	0	0
ยกโทษให้	原谅	机翻	0	0
ยกธง	升起旗帜	机翻	0	0
ยกธงขาว	投降	机翻	0	0
ยกนิ้ว	承认	机翻	0	0
ยกบัตร	举起卡片	机翻	0	0
ยกบัตร์	举起你的卡	机翻	0	0
ยกพล	征兵	机翻	0	0
ยกพวก	集合	机翻	0	0
ยกพื้น	平台	机翻	0	0
ยกมือ	举起	机翻	0	0
ยกเมฆ	编造	机翻	0	0
ยกยอ	奉承	机翻	0	0
ยกย่อง	称赞	机翻	0	0
ยกยอด	携带	机翻	0	0
ยกเว้น	除了	机翻	0	0
ยกไว้	把它放在一边	机翻	0	0
ยกใหญ่	这么多	机翻	0	0
ยงยุทธ์	战略	机翻	0	0
ยงโย่	蹲伏	机翻	0	0
ยติภังค์	连字符	机翻	0	0
ยถากรรม	机会	机翻	0	0
ยนต์	发动机	机翻	0	0
ยนตร์	电影	机翻	0	0
ย่นย่อ	简而言之	机翻	0	0
ย่นเวลา	缩短时间	机翻	0	0
ยมก	夫妻	机翻	0	0
ยมฑูต	死亡天使	机翻	0	0
ยมทัณฑ์	死神的权杖	机翻	0	0
ยมทูต	天使	机翻	0	0
ยมนา	朱姆纳河	机翻	0	0
ยมบาล	地狱	机翻	0	0
ยมราช	阎王	机翻	0	0
ยมล	亚马尔	机翻	0	0
ยมโลก	地狱	机翻	0	0
ยรรยง	富豪	机翻	0	0
ยวดยง	熟练地	机翻	0	0
ยวดยาน	伟大的车辆	机翻	0	0
ยวดยิ่ง	奇妙地	机翻	0	0
ยวนยี	拿出来	机翻	0	0
ยวบยาบ	挥手	机翻	0	0
ยศศักดิ์	秩	机翻	0	0
ยศอย่าง	排名像	机翻	0	0
ยสตน	亚萨特	机翻	0	0
ยโส	假设	机翻	0	0
ยโสธร	益梭通	机翻	0	0
ยอกย้อน	反驳	机翻	0	0
ย็อกแย็ก	欢快地	机翻	0	0
ย่อเข่า	弯曲你的膝盖	机翻	0	0
ย่องกริบ	脚尖	机翻	0	0
ย่องเบา	盗窃	机翻	0	0
ย่องแย่ง	结结巴巴地	机翻	0	0
ยองใย	健康地	机翻	0	0
ยอดเขา	山峰	机翻	0	0
ยอดเงิน	数量	机翻	0	0
ยอดจั่ว	山墙顶	机翻	0	0
ยอดด้วน	约杜安	机翻	0	0
ยอดดี	出色的	机翻	0	0
ยอดน้ำ	水面上	机翻	0	0
ยอดไม้	树顶	机翻	0	0
ยอดรวม	全部的	机翻	0	0
ยอดรัก	伟大的爱	机翻	0	0
ยอดสร้อย	心爱	机翻	0	0
ยอดฮิต	受欢迎的	机翻	0	0
ย่อท้อ	阻碍	机翻	0	0
ย้อนกลับ	回顾性的	机翻	0	0
ย้อนถาม	再问一次	机翻	0	0
ย้อนยอก	拐弯抹角	机翻	0	0
ย้อนแย้ง	顶撞	机翻	0	0
ย้อนรอย	追溯你的脚步	机翻	0	0
ย้อนหลัง	回顾	机翻	0	0
ยอบแยบ	很少	机翻	0	0
ย่อพล	缩小一般	机翻	0	0
ยอมความ	妥协	机翻	0	0
ยอมจำนน	投降	机翻	0	0
ย้อมใจ	鼓舞	机翻	0	0
ยอมตาม	遵守	机翻	0	0
ยอมแพ้	放弃	机翻	0	0
ย่อมเยา	便宜的	机翻	0	0
ยอมสยบ	投降	机翻	0	0
ย้อมสี	染色	机翻	0	0
ยอมให้	允许	机翻	0	0
ย่อมุม	课间休息	机翻	0	0
ย่อย่น	缩写	机翻	0	0
ย่อยยับ	废墟	机翻	0	0
ย่อแย่	错误的缩写	机翻	0	0
ย่อส่วน	最小化	机翻	0	0
ยอแสง	减少射线	机翻	0	0
ย่อหน้า	段落	机翻	0	0
ย่อหย่อน	下车	机翻	0	0
ย่อแหยง	害怕	机翻	0	0
ยะเยือก	寒冷的	机翻	0	0
ยะรม	亚罗姆	机翻	0	0
ยะลา	亚拉	机翻	0	0
ยะโฮร์	柔佛州	机翻	0	0
ยักข์	巨人	机翻	0	0
ยักขินี	女巨人	机翻	0	0
ยักท่า	诡计	机翻	0	0
ยักยอก	误用	机翻	0	0
ยักย้าย	演习	机翻	0	0
ยักยิ้ม	酒窝	机翻	0	0
ยักษ์	巨大的	机翻	0	0
ยักษิณี	女巨人	机翻	0	0
ยักหล่ม	锁骨上窝	机翻	0	0
ยักไหล่	耸肩	机翻	0	0
ยังกะ	就这样	机翻	0	0
ยังกับ	与	机翻	0	0
ยังคง	仍然	机翻	0	0
ยั้งคิด	不要三思而后行	机翻	0	0
ยังงั้น	还没有	机翻	0	0
ยังงี้	还是这样	机翻	0	0
ยังไง	如何	机翻	0	0
ยั้งใจ	克制	机翻	0	0
ยังชีพ	维持	机翻	0	0
ยังผล	仍然有效	机翻	0	0
ยัญกรรม	赎罪	机翻	0	0
ยัญพิธี	苦行	机翻	0	0
ยัดเยียด	补习班	机翻	0	0
ยัดห่า	塞满了！	机翻	0	0
ยัติภาค	连字符	机翻	0	0
ยันต์	护符	机翻	0	0
ยันเต	延特	机翻	0	0
ยับย่อย	很遗憾	机翻	0	0
ยับเยิน	被拆毁	机翻	0	0
ยั่วโมโห	惹	机翻	0	0
ยั่วยวน	妖艳的	机翻	0	0
ยั่วยุ	惹	机翻	0	0
ยั่วเย้า	诱人的	机翻	0	0
ยากเข็ญ	难的	机翻	0	0
ยากแค้น	贫困	机翻	0	0
ยากนาน	困难很长一段时间	机翻	0	0
ยากเย็น	难的	机翻	0	0
ยากไร้	贫穷的	机翻	0	0
ยากลำบาก	难的	机翻	0	0
ยากันยุง	驱蚊剂	机翻	0	0
ยากิน	药品	机翻	0	0
ยาแก้คัน	止痒药	机翻	0	0
ยาแก้ไอ	止咳药	机翻	0	0
ยาขม	苦药	机翻	0	0
ยาขยัน	勤医	机翻	0	0
ยาคุม	避孕药	机翻	0	0
ยาคูเตีย	雅库特	机翻	0	0
ย่างก้าว	迈出一步	机翻	0	0
ย่างกุ้ง	仰光	机翻	0	0
ยางแตก	轮胎破损	机翻	0	0
ยางใน	内胎	机翻	0	0
ยางมะตอย	沥青	机翻	0	0
ยางมะตูม	沥青	机翻	0	0
ยาจก	穷光蛋	机翻	0	0
ยาใจ	心脏药	机翻	0	0
ยาฉีด	注射药	机翻	0	0
ยาชา	麻药	机翻	0	0
ยาดม	吸入剂	机翻	0	0
ยาดอง	腌制药	机翻	0	0
ยาแดง	红色药丸	机翻	0	0
ยาตรา	药品	机翻	0	0
ยาถ่าย	泻药	机翻	0	0
ย่าทวด	曾祖母	机翻	0	0
ยาทา	软膏	机翻	0	0
ยาทาเล็บ	指甲油	机翻	0	0
ย่าเทียด	蒂亚奶奶	机翻	0	0
ยานเกราะ	装甲车	机翻	0	0
ยานโกน	剃须刀	机翻	0	0
ยานพาหนะ	车辆	机翻	0	0
ยานมาศ	扬马特	机翻	0	0
ยานอวกาศ	飞船	机翻	0	0
ยานัตถุ์	鼻烟	机翻	0	0
ยาบ้า	安非他明	机翻	0	0
ยาบำรุง	补品	机翻	0	0
ยาเบื่อ	砷	机翻	0	0
ยาพิษ	毒	机翻	0	0
ยามเช้า	早晨	机翻	0	0
ยามา	药品	机翻	0	0
ยาม้า	马药	机翻	0	0
ยายทวด	曾祖母	机翻	0	0
ยายเทียด	蒂亚德奶奶	机翻	0	0
ย้ายบ้าน	搬家	机翻	0	0
ยาแรง	强药	机翻	0	0
ยาวนาน	长的	机翻	0	0
ยาวิเศษ	迷魂汤	机翻	0	0
ยาสระผม	洗发水	机翻	0	0
ยาสูบ	烟草	机翻	0	0
ยาหม่อง	香脂	机翻	0	0
ยาหยอดตา	眼药水	机翻	0	0
ยาหยี	美味的药	机翻	0	0
ยาอุนเด	雅温得	机翻	0	0
ยำเกรง	保持尊重	机翻	0	0
ย่ำค่ำ	黄昏	机翻	0	0
ย่ำเท้า	跺脚	机翻	0	0
ย่ำยี	入侵	机翻	0	0
ย่ำรุ่ง	黎明	机翻	0	0
ยิงกราด	扫射	机翻	0	0
ยิ่งกว่า	多于	机翻	0	0
ยิ่งขึ้น	更富有	机翻	0	0
ยิงคำถาม	拍摄问题	机翻	0	0
ยิ่งนัก	越多	机翻	0	0
ยิ่งใหญ่	伟大的	机翻	0	0
ยิบตา	眨眼	机翻	0	0
ยิปซัม	石膏	机翻	0	0
ยิปซี	吉普赛人	机翻	0	0
ยิ้มย่อง	微笑	机翻	0	0
ยิ้มอ่อน	温柔的微笑	机翻	0	0
ยิหวา	伊娃	机翻	0	0
ยี่โถ	夹竹桃	机翻	0	0
ยีนส์	牛仔裤	机翻	0	0
ยี่ปั๊ว	分销商	机翻	0	0
ยีราฟ	长颈鹿	机翻	0	0
ยีสต์	酵母	机翻	0	0
ยี่สิบหก	二十六	机翻	0	0
ยี่หร่า	香菜	机翻	0	0
ยี่หวา	耶瓦	机翻	0	0
ยึกยัก	我犹豫了	机翻	0	0
ยึดครอง	占据	机翻	0	0
ยึดติด	坚持	机翻	0	0
ยึดถือ	坚持	机翻	0	0
ยึดมั่น	坚持，稍等	机翻	0	0
ยึดหลัก	坚持原则	机翻	0	0
ยึดอำนาจ	夺权	机翻	0	0
ยืดยาด	持久	机翻	0	0
ยืดเยื้อ	旷日持久的	机翻	0	0
ยืดเวลา	延长时间	机翻	0	0
ยืดอายุ	延长寿命	机翻	0	0
ยืนกราน	坚定的	机翻	0	0
ยืนนาน	持久地	机翻	0	0
ยื่นมือ	伸出你的手	机翻	0	0
ยืนยง	忍受	机翻	0	0
ยืนยาว	长寿	机翻	0	0
ยื่นเสนอ	提交报价	机翻	0	0
ยืนหนึ่ง	站一号	机翻	0	0
ยืนหยัด	坚持的	机翻	0	0
ยื้อ	坚持不懈	机翻	0	0
ยื้อยุด	画	机翻	0	0
ยุกต์	玉克	机翻	0	0
ยุกระบัด	时代	机翻	0	0
ยุคกลาง	中世纪	机翻	0	0
ยุคเก่า	旧时代	机翻	0	0
ยุคมืด	黑暗时代	机翻	0	0
ยุคสมัย	时代	机翻	0	0
ยุคสำริด	青铜时代	机翻	0	0
ยุคหิน	石器时代	机翻	0	0
ยุคใหม่	新时代	机翻	0	0
ยุ้งข้าว	谷仓	机翻	0	0
ยุ่งยาก	麻烦的	机翻	0	0
ยุงลาย	伊蚊	机翻	0	0
ยุทธ	战斗	机翻	0	0
ยุทธ์	战略	机翻	0	0
ยุทธการ	手术	机翻	0	0
ยุทธจักร	武术	机翻	0	0
ยุทธภพ	世界之战	机翻	0	0
ยุทธวิธี	策略	机翻	0	0
ยุ่นปี่	日本人	机翻	0	0
ยุบตัว	坍塌	机翻	0	0
ยุบยับ	压垮地	机翻	0	0
ยุบสภา	解散议会	机翻	0	0
ยุยง	煽动	机翻	0	0
ยุโรป	欧洲	机翻	0	0
ยูกลีนา	裸藻	机翻	0	0
ยูกันดา	乌干达	机翻	0	0
ยูกาตัน	尤卡坦半岛	机翻	0	0
ยูเครน	乌克兰	机翻	0	0
ยูงทอง	金庸	机翻	0	0
ยูดาย	犹太教	机翻	0	0
ยูโด	柔道	机翻	0	0
ยูทาห์	犹他州	机翻	0	0
ยูทูบ	YouTube	机翻	0	0
ยูทูป	YouTube	机翻	0	0
ยูเทิร์น	调头	机翻	0	0
ยูนิเซฟ	联合国儿童基金会	机翻	0	0
ยูเนสโก	联合国教科文组织	机翻	0	0
ยูพีเอส	UPS	机翻	0	0
ยูเรเชีย	欧亚大陆	机翻	0	0
ยูเรนัส	天王星	机翻	0	0
ยูโร	欧元	机翻	0	0
ยูวี	紫外线	机翻	0	0
ยูเอชที	超高温灭菌	机翻	0	0
ยูเอ็น	联合国	机翻	0	0
ยูเอฟโอ	飞碟	机翻	0	0
เยซู	耶稣	机翻	0	0
เย็ดเข้	他妈的鳄鱼	机翻	0	0
เย็นใจ	冷却	机翻	0	0
เย็นฉ่ำ	凉爽的	机翻	0	0
เย็นชา	寒冷的	机翻	0	0
เย็นสบาย	凉爽的	机翻	0	0
เย็บปาก	缝嘴	机翻	0	0
เย็บผ้า	缝纫	机翻	0	0
เยเมน	也门	机翻	0	0
เย้ยหยัน	冷笑	机翻	0	0
เยเรวาน	埃里温	机翻	0	0
เยอรมนี	德国	机翻	0	0
เยอรมัน	德语	机翻	0	0
เยอะแยะ	面条	机翻	0	0
เย้ายวน	诱人	机翻	0	0
เยาว์	年轻的	机翻	0	0
เยาวราช	耀华力	机翻	0	0
เย้าหยอก	逗	机翻	0	0
เย้าแหย่	逗	机翻	0	0
เยาะเย้ย	嘲笑	机翻	0	0
เยียงผา	悬崖	机翻	0	0
เยื่อตา	结膜	机翻	0	0
เยื่อใย	领带	机翻	0	0
แยกกัน	分开	机翻	0	0
แยกจาก	分离于	机翻	0	0
แยกย่อย	分解它	机翻	0	0
แยกย้าย	分散	机翻	0	0
แยกร่าง	分离体	机翻	0	0
แยกเรือน	独立屋	机翻	0	0
แยกส่วน	分离	机翻	0	0
แย่งชิง	篡	机翻	0	0
แยบยล	巧妙	机翻	0	0
แย้มพราย	亚姆帕莱	机翻	0	0
แยแส	冷漠	机翻	0	0
โยกโคลง	摇摆	机翻	0	0
โยเกิร์ต	酸奶	机翻	0	0
โยโกฮามะ	横滨	机翻	0	0
โยคี	瑜伽行者	机翻	0	0
โยงใย	团结	机翻	0	0
โยดะยา	尤达亚	机翻	0	0
โยดา	尤达	机翻	0	0
โยนขี้	扔屎	机翻	0	0
โยนทิ้ง	丢弃	机翻	0	0
โยนี	阴道	机翻	0	0
โยบ	工作	机翻	0	0
โยโย่	悠悠	机翻	0	0
ใยแก้ว	玻璃纤维	机翻	0	0
ใยแมงมุม	蜘蛛网	机翻	0	0
ไยดี	照顾	机翻	0	0
ไยไพ	嘲笑	机翻	0	0
ร	右	机翻	0	0
รกชัฏ	杂草丛生	机翻	0	0
รกบิน	胎盘苍蝇	机翻	0	0
รกราก	家园	机翻	0	0
รกร้าง	荒凉	机翻	0	0
รกรุงรัง	杂乱的	机翻	0	0
รกเรี้ยว	荆棘丛生	机翻	0	0
รกเรื้อ	凌乱的	机翻	0	0
รกโลก	世界的废物	机翻	0	0
รกสมอง	脑胎盘	机翻	0	0
รกหูรกตา	碍眼的	机翻	0	0
รงกุ์	融库	机翻	0	0
รงควัตถุ	颜料	机翻	0	0
รงรอง	灿烂	机翻	0	0
รจนา	作者	机翻	0	0
รจเรข	作者	机翻	0	0
รจิต	拉吉特	机翻	0	0
รณเกษตร	农业	机翻	0	0
รณภู	罗纳普	机翻	0	0
รณภูมิ	战场	机翻	0	0
รณสถาน	地点	机翻	0	0
รดน้ำ	水	机翻	0	0
รดน้ำศพ	给尸体浇水	机翻	0	0
รดับ	等级	机翻	0	0
รดี	拉迪	机翻	0	0
รติ	爱	机翻	0	0
รติไฟ	拉蒂辉	机翻	0	0
รถกระบะ	皮卡车	机翻	0	0
รถเก๋ง	轿车	机翻	0	0
รถขนขยะ	垃圾车	机翻	0	0
รถขนของ	运输车	机翻	0	0
รถขุด	挖掘机	机翻	0	0
รถแข่ง	赛车	机翻	0	0
รถโคช	教练	机翻	0	0
รถจักร	机车	机翻	0	0
รถจิ๊ป	吉普车	机翻	0	0
รถเจ๊ก	脸颊车	机翻	0	0
รถชน	车祸	机翻	0	0
รถด่วน	高速巴士	机翻	0	0
รถโดยสาร	公共汽车	机翻	0	0
รถตำรวจ	警车	机翻	0	0
รถถัง	坦克	机翻	0	0
รถถีบ	自行车	机翻	0	0
รถทัวร์	旅游巴士	机翻	0	0
รถบดถนน	压路机	机翻	0	0
รถบ้าน	房车	机翻	0	0
รถป๊อป	流行车	机翻	0	0
รถพ่วง	拖车	机翻	0	0
รถม้า	马车	机翻	0	0
รถยก	叉车	机翻	0	0
รถยา	药品车	机翻	0	0
รถร่วม	共享汽车	机翻	0	0
รถราง	电车	机翻	0	0
รถลาก	黄包车	机翻	0	0
รถเวียน	圆形车	机翻	0	0
รถสวรรค์	天车	机翻	0	0
รถสองแถว	小巴	机翻	0	0
รถสิบล้อ	十轮卡车	机翻	0	0
รถหวอ	这辆车太棒了	机翻	0	0
ร่นเวลา	缩短时间	机翻	0	0
รนหาที่	寻找地方	机翻	0	0
รบกวน	惹恼	机翻	0	0
รบพุ่ง	战斗	机翻	0	0
รบรา	交兵	机翻	0	0
รบเร้า	敦促	机翻	0	0
รบาญ	拉班	机翻	0	0
ร่มเกล้า	保护者	机翻	0	0
ร่มเกศ	监护人	机翻	0	0
ร่มครึ้ม	阴凉	机翻	0	0
รมควัน	熏制	机翻	0	0
ร่มเงา	阴影	机翻	0	0
ร่มชูชีพ	降落伞	机翻	0	0
รมณี	女士	机翻	0	0
ร่มธง	横幅	机翻	0	0
ร่มผ้า	伞布	机翻	0	0
ร่มไม้	遮荫树	机翻	0	0
รมย์	只读存储器	机翻	0	0
ร่มเย็น	和平	机翻	0	0
ร่มรื่น	阴凉	机翻	0	0
รยางค์	附属物	机翻	0	0
รฦก	ฦกฦก	机翻	0	0
รวงข้าว	稻穗	机翻	0	0
รวงผึ้ง	蜂窝	机翻	0	0
ร่วงรุ้ง	杰出的	机翻	0	0
ร่วงโรย	枯萎的	机翻	0	0
ร่วงหล่น	落下	机翻	0	0
รวดเดียว	一下子	机翻	0	0
รวดร้าว	痛苦中	机翻	0	0
รวนเร	不确定	机翻	0	0
รวบตัว	被捕	机翻	0	0
รวบยอด	收集	机翻	0	0
รวบรัด	简洁	机翻	0	0
รวบอำนาจ	集中权力	机翻	0	0
รวมกัน	一起	机翻	0	0
ร่วมกับ	与...一起	机翻	0	0
รวมความ	总结	机翻	0	0
ร่วมงาน	一起工作	机翻	0	0
ร่วมใจ	一起加入	机翻	0	0
ร่วมโต๊ะ	加入表	机翻	0	0
ร่วมท้อง	同孕	机翻	0	0
ร่วมทาง	加入方式	机翻	0	0
รวมไปถึง	包括	机翻	0	0
รวมพวก	聚集在一起	机翻	0	0
ร่วมเพศ	同性恋者	机翻	0	0
รวมมิตร	聚会	机翻	0	0
รวมยอด	全部的	机翻	0	0
ร่วมรัก	做爱	机翻	0	0
ร่วมแรง	联手	机翻	0	0
รวมเล่ม	卷集	机翻	0	0
ร่วมวง	加入乐队	机翻	0	0
ร่วมสุข	加入幸福	机翻	0	0
รวมหมู่	聚集在一起	机翻	0	0
รวมหัว	团结	机翻	0	0
ร่วมหัว	携手并进	机翻	0	0
ร่วมหุ้น	合股	机翻	0	0
รวมอำนาจ	巩固权力	机翻	0	0
ร่วมอุทร	有同一个母亲	机翻	0	0
รวยริน	温和地	机翻	0	0
รวยรื่น	很好地	机翻	0	0
รวันดา	卢旺达	机翻	0	0
รวิ	拉维	机翻	0	0
รวิวาร	星期日	机翻	0	0
รสเค็ม	咸味	机翻	0	0
รสจืด	无味	机翻	0	0
รสชาด	品尝	机翻	0	0
รสเด็ด	味道鲜美	机翻	0	0
รสนา	品尝	机翻	0	0
รสนิยม	品尝	机翻	0	0
รสายนเวท	罗刹那吠陀	机翻	0	0
รหัส	代码	机翻	0	0
รหัสย์	代码	机翻	0	0
รหัสลับ	密码	机翻	0	0
รโหฐาน	私人的	机翻	0	0
ร็อก	岩石	机翻	0	0
รอเก้อ	我在等	机翻	0	0
รอคอย	等待	机翻	0	0
รองคณบดี	副院长	机翻	0	0
รองเง็ง	荣庚舞	机翻	0	0
ร่องจมูก	鼻沟	机翻	0	0
รองจ่าย	二次支付	机翻	0	0
ร้องฎีกา	请愿	机翻	0	0
ร้องถาม	问	机翻	0	0
รองทรง	胸罩	机翻	0	0
รองท้อง	怀孕	机翻	0	0
ร้องทัก	问好	机翻	0	0
รองทุน	二次资本	机翻	0	0
ร่องน้ำ	渠道	机翻	0	0
รองบ่อน	附属于赌场	机翻	0	0
ร่องผัก	蔬菜槽	机翻	0	0
รองพื้น	基础	机翻	0	0
ร้องเพลง	唱歌	机翻	0	0
ร่องรอย	线索	机翻	0	0
รองรัง	巢	机翻	0	0
ร่องแร่ง	摇曳地	机翻	0	0
ร้องส่ง	发送请求	机翻	0	0
ร่องสวน	花园沟	机翻	0	0
รอดชีวิต	存活	机翻	0	0
รอดตัว	得救	机翻	0	0
รอดตาย	存活	机翻	0	0
รอเดี๋ยว	等一下	机翻	0	0
รอท่า	等待位置	机翻	0	0
ร้อนจี๋	太热了	机翻	0	0
ร้อนใจ	焦虑的	机翻	0	0
ร้อนตัว	担心	机翻	0	0
ร้อนใน	里面很热	机翻	0	0
ร้อนผ่าว	太热了	机翻	0	0
ร้อนรน	不安	机翻	0	0
ร้อนระอุ	灼热	机翻	0	0
ร้อนรุ่ม	热的	机翻	0	0
ร่อนเร่	流浪汉	机翻	0	0
รอนแรม	搭便车	机翻	0	0
ร้อนลน	我很慌张	机翻	0	0
รอบกาย	我周围	机翻	0	0
รอบข้าง	周围	机翻	0	0
รอบจัด	非常彻底	机翻	0	0
รอบตัว	大约	机翻	0	0
รอบนอก	周边	机翻	0	0
รอบเอว	腰围	机翻	0	0
รอมชอม	达成协议	机翻	0	0
รอมฎอน	斋月	机翻	0	0
รอมร่อ	几乎	机翻	0	0
รอมะฎอน	斋月	机翻	0	0
ร้อยกรอง	诗	机翻	0	0
ร้อยแก้ว	散文	机翻	0	0
รอยขีด	划痕	机翻	0	0
รอยคราบ	污渍	机翻	0	0
ร้อยชั่ง	八千泰铢	机翻	0	0
รอยด่าง	瑕疵	机翻	0	0
ร้อยตรี	少尉	机翻	0	0
รอยตัด	切	机翻	0	0
รอยตีน	爪印	机翻	0	0
รอยแตก	裂缝	机翻	0	0
รอยเท้า	脚印	机翻	0	0
ร้อยโท	中尉	机翻	0	0
รอยบาด	切	机翻	0	0
ร้อยแปด	一百零八	机翻	0	0
รอยยิ้ม	微笑	机翻	0	0
รอยแยก	裂缝	机翻	0	0
ร้อยรัด	细绳	机翻	0	0
รอยร้าว	中断	机翻	0	0
รอยโรค	病变	机翻	0	0
ร้อยละ	百分比	机翻	0	0
ร้อยลิ้น	圆滑地	机翻	0	0
รอยสัก	纹身	机翻	0	0
ร่อยหรอ	恶化	机翻	0	0
ร้อยหวาย	跟腱	机翻	0	0
รอยไหม้	烧伤痕迹	机翻	0	0
ร้อยเอก	队长	机翻	0	0
ร้อยเอ็ด	黎逸府	机翻	0	0
รอรี	罗里	机翻	0	0
ร่อแร่	边缘	机翻	0	0
รอหน้า	接下来等待	机翻	0	0
ระกะ	罗卡	机翻	0	0
ระกา	公鸡	机翻	0	0
ระกาศก	公告	机翻	0	0
ระกำ	冬至	机翻	0	0
ระคน	混合	机翻	0	0
ระคนกัน	混合在一起	机翻	0	0
ระแคะ	托词	机翻	0	0
ระฆัง	钟	机翻	0	0
ระงม	喧闹地	机翻	0	0
ระงับใจ	冷静下来	机翻	0	0
ระชวย	轻轻地吹	机翻	0	0
ระดมพล	动员	机翻	0	0
ระดะ	充足地	机翻	0	0
ระดับน้ำ	水位	机翻	0	0
ระดับโลก	世界一流	机翻	0	0
ระดับสูง	高级	机翻	0	0
ระดู	经期	机翻	0	0
ระดูขาว	白带	机翻	0	0
ระเด่น	公主	机翻	0	0
ระทก	伤心	机翻	0	0
ระทด	伤心	机翻	0	0
ระทม	陷入困境	机翻	0	0
ระทึก	惊险	机翻	0	0
ระทึกใจ	惊险	机翻	0	0
ระแทะ	啃	机翻	0	0
ระนอง	拉廊府	机翻	0	0
ระนาด	木琴	机翻	0	0
ระนาดเอก	阿尔托	机翻	0	0
ระนาบ	飞机	机翻	0	0
ระนาว	丰富	机翻	0	0
ระแนง	板条	机翻	0	0
ระบบปิด	封闭系统	机翻	0	0
ระบอบ	政权	机翻	0	0
ระบัด	芽	机翻	0	0
ระบับ	手稿	机翻	0	0
ระบาญ	战斗	机翻	0	0
ระบายสี	画	机翻	0	0
ระบำ	舞蹈	机翻	0	0
ระบิ	标签	机翻	0	0
ระบือ	广为人知	机翻	0	0
ระบุชื่อ	指定名称	机翻	0	0
ระเบง	像鼓一样敲击	机翻	0	0
ระเบิด	爆炸	机翻	0	0
ระเบียน	记录	机翻	0	0
ระฟ้า	摩天大楼	机翻	0	0
ระมาด	麋鹿	机翻	0	0
ระย่อ	害怕	机翻	0	0
ระยอง	罗勇府	机翻	0	0
ระยะ	阶段	机翻	0	0
ระยะใกล้	近距离	机翻	0	0
ระยะไกล	偏僻的	机翻	0	0
ระยะนี้	现阶段	机翻	0	0
ระยะยาว	长期	机翻	0	0
ระยะแรก	第一阶段	机翻	0	0
ระยะสั้น	短期	机翻	0	0
ระยะหลัง	最近	机翻	0	0
ระยะห่าง	距离	机翻	0	0
ระยับ	微光	机翻	0	0
ระย้า	枝形吊灯	机翻	0	0
ระยาบ	闪闪发光的	机翻	0	0
ระยำ	性交	机翻	0	0
ระยิบ	杰出的	机翻	0	0
ระโยง	索具	机翻	0	0
ระรวย	轻轻地	机翻	0	0
ระรัว	悸	机翻	0	0
ระราน	欺负	机翻	0	0
ระริก	拉克里克	机翻	0	0
ระรี่	稀有的	机翻	0	0
ระรื่น	愉快	机翻	0	0
ระเริง	麾	机翻	0	0
ระเรื่อ	轻微	机翻	0	0
ระลอก	波纹	机翻	0	0
ระลึก	纪念性的	机翻	0	0
ระลึกถึง	记住	机翻	0	0
ระเลียด	一点一点	机翻	0	0
ระฦก	ฦก	机翻	0	0
ระวัง	当心	机翻	0	0
ระวังตัว	当心	机翻	0	0
ระวาง	运输	机翻	0	0
ระวางโทษ	应受惩罚的	机翻	0	0
ระวิง	线轴	机翻	0	0
ระหง	袅袅的	机翻	0	0
ระเห็จ	逃跑	机翻	0	0
ระเหย	易挥发的	机翻	0	0
ระเหระหน	漫步	机翻	0	0
ระเหิด	升华	机翻	0	0
ระแหง	裂痕	机翻	0	0
ระโหย	精疲力尽	机翻	0	0
ระอา	受够了	机翻	0	0
ระอุ	爆发	机翻	0	0
รักใคร่	亲热	机翻	0	0
รักชาติ	爱国	机翻	0	0
รักเดียว	唯一的爱	机翻	0	0
รักแท้	真正的爱情	机翻	0	0
รักบี้	橄榄球	机翻	0	0
รักยม	爱你	机翻	0	0
รักเร่	大丽花	机翻	0	0
รักแร้	腋窝	机翻	0	0
รักแรก	初恋	机翻	0	0
รักษ์	拉克	机翻	0	0
รักษาการ	演戏	机翻	0	0
รักษาตัว	照顾好你自己	机翻	0	0
รักษาโรค	治疗疾病	机翻	0	0
รักษาศีล	持守戒律	机翻	0	0
รังเกียจ	头脑	机翻	0	0
รังแก	欺负	机翻	0	0
รังไข่	子房	机翻	0	0
รังควาน	纠缠	机翻	0	0
รังแค	头皮	机翻	0	0
รังดุม	扣眼	机翻	0	0
รั้งท้าย	最后的	机翻	0	0
รังนก	鸟巢	机翻	0	0
รังบวบ	丝瓜络	机翻	0	0
รังผึ้ง	蜂窝	机翻	0	0
รังมด	蚁巢	机翻	0	0
รั้งรอ	犹豫	机翻	0	0
รังรักษ์	治理	机翻	0	0
รังวัด	测量	机翻	0	0
รังสรรค์	创造	机翻	0	0
รังสฤษฏ์	委	机翻	0	0
รัชกาล	在位	机翻	0	0
รัชชกาล	在位	机翻	0	0
รัชทายาท	法定继承人	机翻	0	0
รัชนี	夜间	机翻	0	0
รัชนีกร	月亮	机翻	0	0
รัชสมัย	在位	机翻	0	0
รัญจวน	向往	机翻	0	0
รัฐกันชน	缓冲状态	机翻	0	0
รัฐชาติ	民族国家	机翻	0	0
รัฐทูต	国家大使	机翻	0	0
รัฐนิยม	国家主义	机翻	0	0
รัฐบุรุษ	政治家	机翻	0	0
รัดกุม	简洁的	机翻	0	0
รัดเกล้า	皇冠	机翻	0	0
รัดตัว	紧身胸衣	机翻	0	0
รัดประคด	窗扇	机翻	0	0
รัดรึง	紧紧地爱抚	机翻	0	0
รัดรูป	紧身	机翻	0	0
รัตณะ	珠宝	机翻	0	0
รัตติ	拉蒂	机翻	0	0
รัตติกาล	夜晚	机翻	0	0
รัตน	藤	机翻	0	0
รัตน์	鼠	机翻	0	0
รัตนชาติ	宝石	机翻	0	0
รัตนตรัย	三宝	机翻	0	0
รัตนะ	拉塔纳	机翻	0	0
รัตนา	拉达那	机翻	0	0
รัตนากร	珠宝	机翻	0	0
รัตมณี	红宝石	机翻	0	0
รัติฟาย	批准	机翻	0	0
รัถยา	小路	机翻	0	0
รันทด	郁闷	机翻	0	0
รับขวัญ	安慰	机翻	0	0
รับแขก	接待客人	机翻	0	0
รับคำ	接受这个词	机翻	0	0
รับเงิน	得到钱	机翻	0	0
รับจ้าง	受雇工作	机翻	0	0
รับเชิญ	邀请	机翻	0	0
รับใช้	服务	机翻	0	0
รับได้	可以接受	机翻	0	0
รับโทษ	接受惩罚吧	机翻	0	0
รับน้อง	接受弟弟妹妹	机翻	0	0
รับบท	担当角色	机翻	0	0
รับบาป	接受罪恶	机翻	0	0
รับผิด	承担责任	机翻	0	0
รับฝาก	接受存款	机翻	0	0
รับภาระ	担起重担	机翻	0	0
รับมรดก	继承	机翻	0	0
รับลม	兜风	机翻	0	0
รับศีล	受戒	机翻	0	0
รับสมัคร	招聘	机翻	0	0
รับสั่ง	说	机翻	0	0
รับสินบน	受贿	机翻	0	0
รับเสด็จ	迎接陛下	机翻	0	0
รับหน้า	面朝上	机翻	0	0
รับเหมา	承包商	机翻	0	0
รับไหว้	接受致敬	机翻	0	0
รับอาสา	志愿者	机翻	0	0
รัมมี่	拉米纸牌	机翻	0	0
รัวใส่	狠狠地打吧	机翻	0	0
รัศมี	半径	机翻	0	0
รัสเซีย	俄罗斯	机翻	0	0
รัสสระ	短元音	机翻	0	0
รากแก้ว	直根	机翻	0	0
รากฐาน	基础	机翻	0	0
รากดิน	蚯蚓	机翻	0	0
รากผม	发根	机翻	0	0
รากฝอย	须根	机翻	0	0
รากไม้	树根	机翻	0	0
รากเลือด	血根	机翻	0	0
รากศัพท์	推导	机翻	0	0
รากษส	罗刹刹	机翻	0	0
รากสาด	伤寒	机翻	0	0
รากหญ้า	草根	机翻	0	0
รากเหง้า	祖先	机翻	0	0
ราข้อ	关节真菌	机翻	0	0
ราคะ	肉欲	机翻	0	0
ราคาขาย	售价	机翻	0	0
ราคาคุย	议价	机翻	0	0
ราคาตลาด	市价	机翻	0	0
ราคาถูก	价格便宜	机翻	0	0
ราคาทุน	成本价	机翻	0	0
ราคาปลีก	零售价	机翻	0	0
ราคาส่ง	批发价	机翻	0	0
ราคิน	缺点	机翻	0	0
ร่างกุ้ง	仰光	机翻	0	0
รางจืด	让杜阿	机翻	0	0
ร่างทรง	中等的	机翻	0	0
รางน้ำ	槽	机翻	0	0
รางรถไฟ	铁轨	机翻	0	0
ร่างร้าน	店铺概要	机翻	0	0
ร่างแห	纱布	机翻	0	0
ราชกิจจา	政府公报	机翻	0	0
ราชครู	梵	机翻	0	0
ราชญี	拉吉尼	机翻	0	0
ราชทัณฑ์	更正	机翻	0	0
ราชทูต	使者	机翻	0	0
ราชธรรม	皇家法	机翻	0	0
ราชธานี	拉差他尼	机翻	0	0
ราชธิดา	皇后的女儿	机翻	0	0
ราชนาวี	皇家海军	机翻	0	0
ราชนิกุล	皇家后裔	机翻	0	0
ราชบุรี	叻丕府	机翻	0	0
ราชบุรุษ	皇室男人	机翻	0	0
ราชปะแตน	皇家图案	机翻	0	0
ราชพฤกษ์	拉差普鲁	机翻	0	0
ราชพิธี	皇家仪式	机翻	0	0
ราชภัฏ	国王	机翻	0	0
ราชมัล	拉贾马尔	机翻	0	0
ราชย์	版税	机翻	0	0
ราชยาน	皇家车辆	机翻	0	0
ราชรถ	战车	机翻	0	0
ราชรัฐ	公国	机翻	0	0
ราชวงศ์	王朝	机翻	0	0
ราชสถาน	拉贾斯坦邦	机翻	0	0
ราชสาสน์	官方皇室讯息	机翻	0	0
ราชสำนัก	宫廷	机翻	0	0
ราชสีห์	狮子	机翻	0	0
ราชะ	神秘主义写作	机翻	0	0
ราชัน	主权	机翻	0	0
ราชันย์	国王	机翻	0	0
ราชัย	君主制	机翻	0	0
ราชา	国王	机翻	0	0
ราชาคณะ	王室成员	机翻	0	0
ราชาฤกษ์	吉时	机翻	0	0
ราชาวดี	拉贾瓦迪	机翻	0	0
ราชาวลี	皇室血统	机翻	0	0
ราชินี	女王	机翻	0	0
ราชูปโภค	皇家用品	机翻	0	0
ราเชนทร์	强大的国王	机翻	0	0
ราโชงการ	皇家的	机翻	0	0
ราโชวาท	皇家建议	机翻	0	0
ราญรอน	战斗	机翻	0	0
ราดหน้า	浇头	机翻	0	0
ราตรี	晚上	机翻	0	0
ราตรีกาล	当晚	机翻	0	0
ร้านทำผม	美发沙龙	机翻	0	0
ร้านรวง	店铺	机翻	0	0
ร้านสุรา	酒类商店	机翻	0	0
ราบคาบ	彻底的	机翻	0	0
ราบเรียบ	光滑的	机翻	0	0
ราบลุ่ม	清楚的	机翻	0	0
ราบัต	拉巴特	机翻	0	0
ร้าบาน	店里正开着花呢	机翻	0	0
ราปีก	拉皮克	机翻	0	0
ราพณ์	巨大的	机翻	0	0
ราพณาสูร	罗波那苏茹阿	机翻	0	0
ราพันเซล	长发公主	机翻	0	0
รามเมศวร	拉梅斯瓦拉	机翻	0	0
รามสูร	雷霆巨人	机翻	0	0
รามัญ	周一	机翻	0	0
รามา	罗摩	机翻	0	0
รามายณะ	罗摩衍那	机翻	0	0
รามือ	拉穆埃	机翻	0	0
ราเม็ง	拉面	机翻	0	0
ราเมศวร	拉梅苏安	机翻	0	0
ร้ายกาจ	阴险	机翻	0	0
รายชื่อ	姓名列表	机翻	0	0
รายตัว	个别地	机翻	0	0
รายทาง	一路上	机翻	0	0
รายนาม	姓名列表	机翻	0	0
รายปักษ์	半月刊	机翻	0	0
ร่ายมนต์	施展咒语	机翻	0	0
รายย่อย	少数民族	机翻	0	0
ร่ายยาว	长投	机翻	0	0
รายรอบ	包围	机翻	0	0
ร่ายรำ	舞蹈	机翻	0	0
รายเรียง	已排序	机翻	0	0
รายล้อม	包围	机翻	0	0
รายใหญ่	主要的	机翻	0	0
ร่าเริง	快乐	机翻	0	0
ราวกับ	作为	机翻	0	0
ร้าวฉาน	不团结的	机翻	0	0
ราวบันได	楼梯栏杆	机翻	0	0
ราวป่า	丛林的边界	机翻	0	0
ร้าวราน	有害的	机翻	0	0
ราวี	骚扰	机翻	0	0
ราศี	十二生肖	机翻	0	0
ราศีกรกฎ	癌症	机翻	0	0
ราศีตุล	天秤座	机翻	0	0
ราศีธนู	射手座	机翻	0	0
ราศีพฤษภ	金牛座	机翻	0	0
ราศีมกร	摩羯座	机翻	0	0
ราศีมีน	双鱼座	机翻	0	0
ราศีเมษ	白羊座	机翻	0	0
ราษฎร	人们	机翻	0	0
ราษฎร์	人们	机翻	0	0
ราสี	拉西	机翻	0	0
ราหู	罗睺	机翻	0	0
รำคาญใจ	生气	机翻	0	0
รำคาญตา	碍眼	机翻	0	0
รำงับ	减弱	机翻	0	0
รำจวน	激动	机翻	0	0
รำไทย	泰国舞蹈	机翻	0	0
รำบาญ	玩得开心	机翻	0	0
ร่ำไป	一般来说	机翻	0	0
รำพาย	吹	机翻	0	0
รำพึง	沉思	机翻	0	0
รำแพน	舞蹈	机翻	0	0
รำไพ	美丽的	机翻	0	0
รำมะนา	铃鼓	机翻	0	0
รำมะนาด	脓漏	机翻	0	0
รำมะร่อ	迫在眉睫	机翻	0	0
ร่ำร้อง	哭	机翻	0	0
รำรำ	几乎	机翻	0	0
ร่ำเรียน	学习	机翻	0	0
รำไร	依稀	机翻	0	0
ร่ำไร	利润	机翻	0	0
ร่ำลา	告别	机翻	0	0
รำลึก	夺回	机翻	0	0
รำลึกถึง	记住	机翻	0	0
รำฦก	舞蹈	机翻	0	0
รำวง	拉姆旺	机翻	0	0
ร่ำไห้	哀号	机翻	0	0
ริงกิต	林吉特	机翻	0	0
ริดรอน	剥夺	机翻	0	0
ริดสีดวง	痔疮	机翻	0	0
ริบบิ้น	丝带	机翻	0	0
ริบหรี่	微光	机翻	0	0
ริมตลิ่ง	河岸	机翻	0	0
ริมถนน	路边	机翻	0	0
ริมทะเล	在海边	机翻	0	0
ริมทาง	沿路	机翻	0	0
ริมน้ำ	在水边	机翻	0	0
ริ้วรอย	皱纹	机翻	0	0
ริษยา	嫉妒	机翻	0	0
ริอ่าน	读	机翻	0	0
รีกา	里加	机翻	0	0
รีดเงิน	滚钱	机翻	0	0
รีดไถ	勒索	机翻	0	0
รีดนม	挤奶	机翻	0	0
รีดผ้า	铁衣服	机翻	0	0
รีดลูก	中止	机翻	0	0
รีเนียม	铼	机翻	0	0
รีบร้อน	匆忙	机翻	0	0
รีบรุด	迅速地	机翻	0	0
รีบเร่ง	匆忙	机翻	0	0
รี้พล	营	机翻	0	0
รียาด	利雅得	机翻	0	0
รีรอ	延迟	机翻	0	0
รี้ริก	高兴地	机翻	0	0
รีวกีว	雷乌克夫	机翻	0	0
รีสอร์ท	采取	机翻	0	0
รื่นรมย์	令人愉快的	机翻	0	0
รื่นเริง	节日	机翻	0	0
รื่นหู	可口的	机翻	0	0
รื้อ	拆除	机翻	0	0
รื้อฟื้น	复活	机翻	0	0
รุกขชาติ	植物园	机翻	0	0
รุกคืบ	进步	机翻	0	0
รุกฆาต	将死	机翻	0	0
รุกร้น	短跑	机翻	0	0
รุกล้ำ	侵犯	机翻	0	0
รุ่งขึ้น	第二天	机翻	0	0
รุ่งเช้า	黎明	机翻	0	0
รุ้งพราย	虹彩	机翻	0	0
รุงรัง	蓬头垢面	机翻	0	0
รุ่งริ่ง	破烂	机翻	0	0
รุ่งสาง	黎明	机翻	0	0
รุ่งอรุณ	黎明	机翻	0	0
รุจิเรข	图案鲜艳	机翻	0	0
รุดหน้า	进步	机翻	0	0
รุ่นเก่า	旧型号	机翻	0	0
รุ่นน้อง	年轻一代	机翻	0	0
รุ่นพี่	高级的	机翻	0	0
รุ่นยาย	奶奶那一代	机翻	0	0
รุ่นหลัง	后人	机翻	0	0
รุ่นใหม่	新型号	机翻	0	0
รุบรู่	模糊	机翻	0	0
รุมไข้	退烧	机翻	0	0
รุมทึ้ง	挤	机翻	0	0
รุมไฟ	放火烧	机翻	0	0
รุ่มรวย	非常富有	机翻	0	0
รุ่มร้อน	热的	机翻	0	0
รุ่มร่าม	笨拙地	机翻	0	0
รุมเร้า	困扰	机翻	0	0
รุมล้อม	包围着	机翻	0	0
รุมสกรัม	蜂群	机翻	0	0
รุ่ยร่าย	安排得很糟糕	机翻	0	0
รู้กัน	我们互相认识	机翻	0	0
รู้แก่ใจ	了解你的心	机翻	0	0
รู้แกว	有预感	机翻	0	0
รูขุมขน	毛囊	机翻	0	0
รู้ความ	知道	机翻	0	0
รู้คิด	知道并思考	机翻	0	0
รู้คุณ	认识你	机翻	0	0
รูจมูก	鼻孔	机翻	0	0
รู้จัก	知道	机翻	0	0
รูจี	辉煌	机翻	0	0
รู้แจ้ง	开明	机翻	0	0
รู้ใจ	了解你的心	机翻	0	0
รู้ฉลาด	知识渊博的	机翻	0	0
รู้ซึ้ง	理解	机翻	0	0
รู้ดี	我很清楚	机翻	0	0
รู้ตัว	意识到的	机翻	0	0
รู้ทัน	意识到的	机翻	0	0
รู้ที	我知道	机翻	0	0
รู้เท่า	知道那么多	机翻	0	0
รูเบิล	卢布	机翻	0	0
รูปกรวย	锥	机翻	0	0
รูปกาย	外貌	机翻	0	0
รูปการณ์	情况	机翻	0	0
รูปเขียน	绘画	机翻	0	0
รูปไข่	椭圆形	机翻	0	0
รูปคดี	案例图片	机翻	0	0
รูปคน	一个人的肖像	机翻	0	0
รูปคลื่น	波形	机翻	0	0
รูปเคารพ	偶像	机翻	0	0
รูปงาม	美丽的	机翻	0	0
รูปจำลอง	肖像	机翻	0	0
รูปโฉม	外貌	机翻	0	0
รูปด้าน	哑光图片	机翻	0	0
รูปตัด	切割形状	机翻	0	0
รูปทรง	形状	机翻	0	0
รูปแทน	头像	机翻	0	0
รูปธรรม	具体的	机翻	0	0
รูปบูชา	偶像	机翻	0	0
รูปปั้น	雕像	机翻	0	0
รูปพรรณ	描述	机翻	0	0
รูปลอก	贴花	机翻	0	0
รูปวาด	绘画	机翻	0	0
รูปสระ	元音图片	机翻	0	0
รูปหน้า	脸型	机翻	0	0
รูปหล่อ	英俊的	机翻	0	0
รูปี	卢比	机翻	0	0
รู้มาก	知道很多	机翻	0	0
รูม่านตา	瞳孔	机翻	0	0
รูเล็ตต์	轮盘赌	机翻	0	0
รู้สำนึก	意识到	机翻	0	0
รู้ไส้	清楚地知道	机翻	0	0
รูหนอน	虫洞	机翻	0	0
รูหนู	老鼠洞	机翻	0	0
รูหู	耳孔	机翻	0	0
รู้เห็น	证人	机翻	0	0
รู้อยู่	我知道	机翻	0	0
เรขา	画	机翻	0	0
เรขาคณิต	几何学	机翻	0	0
เร่ขาย	叫卖	机翻	0	0
เรคยาวิก	雷克雅未克	机翻	0	0
เร่งมือ	趋	机翻	0	0
เร่งร้อน	匆忙	机翻	0	0
เร่งรีบ	喧嚣	机翻	0	0
เร่งรุด	赶快	机翻	0	0
เร่งเร้า	咄咄逼人的	机翻	0	0
เรณู	花粉	机翻	0	0
เรดอน	氡	机翻	0	0
เรดาร์	雷达	机翻	0	0
เรเดียน	弧度	机翻	0	0
เรเดียม	镭	机翻	0	0
เร้นลับ	秘密	机翻	0	0
เรฟูจี	避难所	机翻	0	0
เรรวน	不确定	机翻	0	0
เรไร	蚱蜢	机翻	0	0
เร็วจี๋	非常快	机翻	0	0
เรวดี	雷瓦迪	机翻	0	0
เรวต	快速地	机翻	0	0
เร็วไว	快点，快点	机翻	0	0
เร่อร่า	尴尬地	机翻	0	0
เร้าใจ	挑衅	机翻	0	0
เราเตอร์	路由器	机翻	0	0
เร่าร้อน	慷慨激昂	机翻	0	0
เราะซูล	信使	机翻	0	0
เราะร้าย	出言不逊	机翻	0	0
เริงใจ	快乐	机翻	0	0
เริงรมย์	快乐	机翻	0	0
เริงร่า	愉快地	机翻	0	0
เริงรื่น	快乐	机翻	0	0
เริดร้าง	荒凉	机翻	0	0
เริ่มต้น	开始	机翻	0	0
เริ่มแรก	一开始	机翻	0	0
เริศร้าง	远离	机翻	0	0
เรียกขาน	大喊	机翻	0	0
เรียกตัว	被召唤	机翻	0	0
เรียกว่า	被称为	机翻	0	0
เรียกหา	呼吁	机翻	0	0
เรียงตัว	排队	机翻	0	0
เรียงแถว	排队	机翻	0	0
เรียงรัน	排序运行	机翻	0	0
เรียงราย	衬里	机翻	0	0
เรียนจบ	毕业	机翻	0	0
เรียนต่อ	继续学习	机翻	0	0
เรียนถาม	请询问	机翻	0	0
เรียนรู้	学习	机翻	0	0
เรียบวุธ	一无所有	机翻	0	0
เรี่ยราด	滴	机翻	0	0
เรี่ยราย	散乱地	机翻	0	0
เรี่ยไร	征求	机翻	0	0
เรี้ยวรก	杂乱的	机翻	0	0
เรือกสวน	耕地	机翻	0	0
เรือขนาน	平行状态驳船	机翻	0	0
เรืองนาม	著名	机翻	0	0
เรืองรอง	出色地	机翻	0	0
เรืองแสง	辉光	机翻	0	0
เรือจ้าง	租船	机翻	0	0
เรือแจว	贡多拉	机翻	0	0
เรือดไม้	竹虫	机翻	0	0
เรือด่วน	快艇	机翻	0	0
เรือตรี	见习官	机翻	0	0
เรือโท	中尉	机翻	0	0
เรือธง	旗舰	机翻	0	0
เรือนจำ	监狱	机翻	0	0
เรือนแฝด	平行建造的房子	机翻	0	0
เรือนแพ	船屋	机翻	0	0
เรือนไฟ	烟道	机翻	0	0
เรือนหอ	新房	机翻	0	0
เรือบิน	飞艇	机翻	0	0
เรือใบ	帆船	机翻	0	0
เรือพ่วง	儿子或女儿	机翻	0	0
เรือพาย	划艇	机翻	0	0
เรือไฟ	汽船	机翻	0	0
เรือยนต์	摩托艇	机翻	0	0
เรื่อยไป	继续前进	机翻	0	0
เรือโยง	拖船	机翻	0	0
เรือรบ	战列舰	机翻	0	0
เรือเหาะ	飞艇	机翻	0	0
เรือใหญ่	大船	机翻	0	0
เรือเอก	中尉	机翻	0	0
แร็กเกต	球拍	机翻	0	0
แรกเกิด	新生	机翻	0	0
แร็กคูน	狸	机翻	0	0
แรกนา	第一次	机翻	0	0
แรกรุ่น	第一代	机翻	0	0
แรกเริ่ม	一开始	机翻	0	0
แรกเห็น	第一眼看到	机翻	0	0
แรคคูน	狸	机翻	0	0
แรงกล้า	强的	机翻	0	0
แรงกาย	体力	机翻	0	0
แรงขับ	推力	机翻	0	0
แรงใจ	意志	机翻	0	0
แรงฉุด	牵引力	机翻	0	0
แรงดลใจ	灵感	机翻	0	0
แรงดัน	压力	机翻	0	0
แรงเทียน	烛光	机翻	0	0
แรงบิด	扭矩	机翻	0	0
แรงม้า	马力	机翻	0	0
แรงลม	风力	机翻	0	0
แรงสูง	高功率	机翻	0	0
แร่งไหม	金丝	机翻	0	0
แรงอัด	抗压强度	机翻	0	0
แรเงา	阴影	机翻	0	0
แรมคืน	夜色渐弱	机翻	0	0
แรมเดือน	亏月	机翻	0	0
แรมปี	存在年限	机翻	0	0
แรมรอน	住宿一晚	机翻	0	0
แรมรา	已经很长时间了	机翻	0	0
แรมโรย	远离爱情	机翻	0	0
แร่ใยหิน	石棉	机翻	0	0
แรเส้น	雷伊线	机翻	0	0
โรคกลัว	恐怖症	机翻	0	0
โรคจิต	精神障碍	机翻	0	0
โรคตับ	肝脏疾病	机翻	0	0
โรคตาแดง	结膜炎	机翻	0	0
โรคแทรก	侵袭性疾病	机翻	0	0
โรคบิด	痢	机翻	0	0
โรคภัย	疾病	机翻	0	0
โรคระบาด	流行性	机翻	0	0
โรคเลือด	血液病	机翻	0	0
โรคศิลปะ	艺术疾病	机翻	0	0
โรคสมอง	踉踉跄跄	机翻	0	0
โรคหวัด	感冒	机翻	0	0
โรคหัวใจ	心脏病	机翻	0	0
โรคหู	耳病	机翻	0	0
โรคา	疾病	机翻	0	0
โรงกลั่น	酒厂	机翻	0	0
โรงจำนำ	当铺	机翻	0	0
โรงเชือด	屠宰场	机翻	0	0
โรงตึ๊ง	荣通	机翻	0	0
โรงทหาร	军营	机翻	0	0
โรงทาน	济贫院	机翻	0	0
โรงนา	谷仓	机翻	0	0
โรงน้ำชา	茶馆	机翻	0	0
โรงบาล	医院	机翻	0	0
โรงพัก	警察局	机翻	0	0
โรงพิมพ์	印刷厂	机翻	0	0
โรงไฟฟ้า	发电厂	机翻	0	0
โรงม้า	稳定的	机翻	0	0
โรงยิม	健身房	机翻	0	0
โรงรถ	车库	机翻	0	0
โรงสี	磨	机翻	0	0
โรงแสง	灯塔	机翻	0	0
โรงหนัง	电影	机翻	0	0
โรงหล่อ	铸造厂	机翻	0	0
โรงเหล้า	啤酒厂	机翻	0	0
โรจน์	明亮的	机翻	0	0
โรเดียม	铑	机翻	0	0
โรตี	罗蒂	机翻	0	0
โรเนียว	复印机	机翻	0	0
โรมโบราณ	古罗马	机翻	0	0
โรมะจิ	罗马字	机翻	0	0
โรมัน	罗马	机翻	0	0
โรมาจิ	罗马字	机翻	0	0
โรมาเนีย	罗马尼亚	机翻	0	0
โรแมนติก	浪漫的	机翻	0	0
โรยรา	枯萎	机翻	0	0
โรยแรง	用力撒	机翻	0	0
โรยหน้า	装饰	机翻	0	0
โรหิณี	罗希尼	机翻	0	0
โรหิต	罗希特	机翻	0	0
โรฮิงญา	罗兴亚人	机翻	0	0
โรฮิงยา	罗兴亚人	机翻	0	0
โรฮีนจา	罗兴亚人	机翻	0	0
ไร้ค่า	毫无价值的	机翻	0	0
ไรเดอร์	骑士	机翻	0	0
ไร่นา	稻田	机翻	0	0
ไรผม	发际线	机翻	0	0
ไร้ผล	无效	机翻	0	0
ไรฟัน	牙螨	机翻	0	0
ไรเฟิล	步枪	机翻	0	0
ไร้มารยา	毫无狡诈	机翻	0	0
ไรย์	黑麦	机翻	0	0
ไร้ราคี	无欲	机翻	0	0
ไรแว้	什么？	机翻	0	0
ไรแว๊	到底是什么？	机翻	0	0
ไร้สติ	无意识	机翻	0	0
ไร้สาย	无线的	机翻	0	0
ไร้สาระ	废话	机翻	0	0
ไร้สีสัน	无色	机翻	0	0
ฤ	右	机翻	0	0
ฤกษ์	场合	机翻	0	0
ฤกษณะ	克里希纳	机翻	0	0
ฤกษ์ดี	好时光	机翻	0	0
ฤกษ์บน	吉祥时节	机翻	0	0
ฤกษ์ล่าง	吉时	机翻	0	0
ฤชา	茹查	机翻	0	0
ฤณ	凛	机翻	0	0
ฤดูแล้ง	旱季	机翻	0	0
ฤทธา	力量	机翻	0	0
ฤทธิ์	实力	机翻	0	0
ฤทธิ์เดช	力量	机翻	0	0
ฤทธี	力量	机翻	0	0
ฤทัย	鲁泰	机翻	0	0
ฤษี	隐士	机翻	0	0
ฤๅ	ๅ	机翻	0	0
ฤๅทัย	鲁泰	机翻	0	0
ฤาษี	隐士	机翻	0	0
ฤๅษี	隐士	机翻	0	0
ฤๅสาย	晚的	机翻	0	0
ล	L	机翻	0	0
ฯลฯ	ETC	机翻	0	0
ลงกลอน	诗	机翻	0	0
ลงขัน	贡献	机翻	0	0
ลงข่าว	发布新闻	机翻	0	0
ลงแขก	轮奸	机翻	0	0
ลงคอ	无耻地	机翻	0	0
ลงเงิน	把钱放下	机翻	0	0
ลงชื่อ	符号	机翻	0	0
ลงดาบ	付诸刀剑	机翻	0	0
ลงแดง	红色的	机翻	0	0
ลงตัว	完美的	机翻	0	0
ลงถนน	沿着路	机翻	0	0
ลงทอง	镀金的	机翻	0	0
ลงท้อง	患有腹泻	机翻	0	0
ลงทัณฑ์	惩罚	机翻	0	0
ลงท่า	降落	机翻	0	0
ลงท้าย	结束	机翻	0	0
ลงนรก	去地狱吧	机翻	0	0
ลงนอน	躺	机翻	0	0
ลงนั่ง	坐下	机翻	0	0
ลงนา	开始种植水稻	机翻	0	0
ลงบัญชี	帐户	机翻	0	0
ลงบัตร	注册卡	机翻	0	0
ลงบันทึก	记录	机翻	0	0
ลงโบสถ์	下楼去教堂	机翻	0	0
ลงแป้ง	扑粉	机翻	0	0
ลงไป	下去	机翻	0	0
ลงฝัก	进入吊舱	机翻	0	0
ลงพื้น	主要的	机翻	0	0
ลงพุง	大腹便便的	机翻	0	0
ลงมา	坠落	机翻	0	0
ลงมีด	把刀放下	机翻	0	0
ลงมือ	采取行动	机翻	0	0
ลงมือทำ	采取行动	机翻	0	0
ลงเม็ด	串珠	机翻	0	0
ลงยา	搪瓷	机翻	0	0
ลงรถ	下车	机翻	0	0
ลงรอย	按照步骤操作	机翻	0	0
ลงรอยกัน	全等	机翻	0	0
ลงรัก	涂漆的	机翻	0	0
ลงราก	根	机翻	0	0
ลงรายการ	列表	机翻	0	0
ลงเรือ	上船	机翻	0	0
ลงแรง	消耗能量	机翻	0	0
ลงโรง	去剧院	机翻	0	0
ล้งเล้ง	热闹地	机翻	0	0
ลงวันที่	过时的	机翻	0	0
ลงสนาม	输入字段	机翻	0	0
ลงสมัคร	申请	机翻	0	0
ลงสรง	洗澡	机翻	0	0
ลงแส้	放下鞭子	机翻	0	0
ลงหิน	顺着石头下来	机翻	0	0
ลงหุ้น	投资股票	机翻	0	0
ลงอาชญา	惩戒	机翻	0	0
ลงอาญา	惩治	机翻	0	0
ลงอุโบสถ	下楼去教堂	机翻	0	0
ลงเอย	得出结论	机翻	0	0
ลดขั้น	降级	机翻	0	0
ลดเขื่อน	降低大坝	机翻	0	0
ลดตัว	放低自己	机翻	0	0
ลดโทษ	减刑	机翻	0	0
ลดน้อยลง	减少	机翻	0	0
ลดราคา	折扣	机翻	0	0
ลดละ	松开	机翻	0	0
ลดเลี้ยว	之字形	机翻	0	0
ลดหย่อน	扣除	机翻	0	0
ลดหลั่น	按降序排列	机翻	0	0
ลดเหลือ	减少到	机翻	0	0
ลดแหลก	减肥	机翻	0	0
ลดา	藤	机翻	0	0
ลนควัน	抽烟	机翻	0	0
ล้นตลาด	市场泛滥	机翻	0	0
ล้นพ้น	不可估量地	机翻	0	0
ล้นมือ	超载	机翻	0	0
ลนลาน	疾走	机翻	0	0
ล้นหลาม	压倒	机翻	0	0
ล้นเหลือ	满溢	机翻	0	0
ลบคม	去毛刺	机翻	0	0
ลบทิ้ง	删除	机翻	0	0
ลบรอย	诽谤	机翻	0	0
ลบล้าง	反驳	机翻	0	0
ลบเลือน	健忘的	机翻	0	0
ลบศักราช	更改日历	机翻	0	0
ลบหลู่	不尊重	机翻	0	0
ลพบุรี	华富里府	机翻	0	0
ลพบุรีย	华富里府	机翻	0	0
ลพบูรี	华富里府	机翻	0	0
ลมกรด	旋风	机翻	0	0
ล้มกลิ้ง	翻滚	机翻	0	0
ลมโกรก	风吹过	机翻	0	0
ลมขึ้น	上链	机翻	0	0
ล้มคว่ำ	绊倒	机翻	0	0
ลมค้า	信风	机翻	0	0
ลมงวง	龙卷风	机翻	0	0
ล่มจม	坏了	机翻	0	0
ลมจับ	头晕的	机翻	0	0
ล้มเจ็บ	犯病	机翻	0	0
ลมชัก	癫痫发作	机翻	0	0
ลมโชย	风吹过	机翻	0	0
ลมแดง	红风	机翻	0	0
ล้มตาย	摔死	机翻	0	0
ลมทะเล	海风	机翻	0	0
ลมบก	陆风	机翻	0	0
ลมบ้าหมู	癫痫	机翻	0	0
ลมปราณ	气息	机翻	0	0
ลมปาก	字	机翻	0	0
ล้มแผละ	坍塌	机翻	0	0
ล้มพับ	坍塌	机翻	0	0
ลมพายุ	风暴	机翻	0	0
ลมพิษ	荨麻疹	机翻	0	0
ลมมรสุม	季风	机翻	0	0
ลมล่อง	风顺河而下	机翻	0	0
ล้มล้าง	颠覆	机翻	0	0
ล้มลุก	双年展	机翻	0	0
ล้มเลิก	放弃	机翻	0	0
ลมแล้ง	帽子干燥风	机翻	0	0
ลมวน	旋风	机翻	0	0
ลมว่าว	风筝	机翻	0	0
ล่มสลาย	坍塌	机翻	0	0
ลมสินค้า	产品风	机翻	0	0
ลมสุริยะ	太阳风	机翻	0	0
ลมเสีย	碎风	机翻	0	0
ลมหนาว	冷风	机翻	0	0
ลมหายใจ	气息	机翻	0	0
ล่วงเกิน	侵入	机翻	0	0
ลวงตา	伪装	机翻	0	0
ล่วงรู้	预见	机翻	0	0
ล่วงลับ	经过	机翻	0	0
ล่วงล้ำ	侵扰性	机翻	0	0
ล้วงลึก	深入研究	机翻	0	0
ล่วงเลย	失效	机翻	0	0
ลวงโลก	欺骗世界	机翻	0	0
ล่วงเวลา	随着时间的推移	机翻	0	0
ลวดลาย	图案	机翻	0	0
ลวดสปริง	春天	机翻	0	0
ลวดหนัง	丁字裤	机翻	0	0
ลวดหนาม	倒钩	机翻	0	0
ล้วนแต่	全部	机翻	0	0
ลวนลาม	骚扰	机翻	0	0
ล่วมยา	吸毒成瘾	机翻	0	0
ลแวก	拉夸克	机翻	0	0
ลหุ	迅速的	机翻	0	0
ลหุโทษ	轻罪	机翻	0	0
ลอกคราบ	蜕皮	机翻	0	0
ลอกแบบ	复制	机翻	0	0
ลอกลาย	复制图案	机翻	0	0
ลอกเลน	疏通泥土	机翻	0	0
ลอกเลียน	复制	机翻	0	0
ลอกแลก	鬼鬼祟祟	机翻	0	0
ล่อกแล่ก	诱惑	机翻	0	0
ล็อค	锁	机翻	0	0
ลองกอง	龙空	机翻	0	0
ลองของ	尝试一些事情	机翻	0	0
ลองจิจูด	经度	机翻	0	0
ลองใจ	测试你的心	机翻	0	0
ลองเชิง	尝试一下	机翻	0	0
ล่องซุง	顺着日志往下走	机翻	0	0
ลองดี	尝试一下	机翻	0	0
ลองดู	尝试一下	机翻	0	0
ล่องใต้	向南航行	机翻	0	0
ลองไน	有时间试试吧	机翻	0	0
ล่องแพ	漂流	机翻	0	0
ลองภูมิ	测试知识	机翻	0	0
ล่องลอย	漂浮的	机翻	0	0
ลองเสื้อ	试穿一件衬衫	机翻	0	0
ล่องหน	变得隐形	机翻	0	0
ล่อใจ	诱惑	机翻	0	0
ลอดช่อง	洛冲	机翻	0	0
ลอดผ่าน	通过	机翻	0	0
ล่อนจ้อน	裸	机翻	0	0
ลอนดอน	伦敦	机翻	0	0
ล่อนหลุด	剥落	机翻	0	0
ลอบกัด	背后咬人	机翻	0	0
ลอบฆ่า	暗杀	机翻	0	0
ลอบทำ	秘密完成	机翻	0	0
ลอบฟัง	窃听	机翻	0	0
ลอบหนี	偷偷溜走	机翻	0	0
ล้อมกรอบ	框架	机翻	0	0
ล้อมคอก	括	机翻	0	0
ลอมชอม	达成协议	机翻	0	0
ลอมพอก	圆锥形帽子	机翻	0	0
ล้อมรอบ	环绕	机翻	0	0
ล้อมรั้ว	栅栏	机翻	0	0
ล้อมวง	涵盖	机翻	0	0
ลอยกระทง	水灯节	机翻	0	0
ลอยแก้ว	糖浆水果	机翻	0	0
ลอยคว้าง	漫无目的的漂浮	机翻	0	0
ลอยคอ	漂浮	机翻	0	0
ลอยช้อน	浮勺	机翻	0	0
ลอยชาย	悠闲	机翻	0	0
ลอยตัว	漂浮的	机翻	0	0
ลอยนวล	逍遥法外	机翻	0	0
ลอยน้ำ	漂浮的	机翻	0	0
ลอยบาป	远离罪恶	机翻	0	0
ลอยแพ	下岗	机翻	0	0
ลอยฟ่อง	漂浮的	机翻	0	0
ลอยฟ้า	漂浮在天空中	机翻	0	0
ลอยลำ	压倒性地	机翻	0	0
ลอยลิ่ว	翱翔	机翻	0	0
ลอยหน้า	向前漂浮	机翻	0	0
ล้อรถ	汽车车轮	机翻	0	0
ล่อลวง	欺骗	机翻	0	0
ล้อเล่น	孩子	机翻	0	0
ล้อเลียน	戏仿	机翻	0	0
ล้อหน้า	前轮	机翻	0	0
ล้อหมุน	纺车	机翻	0	0
ล่อหลอก	技巧	机翻	0	0
ล้อหลัง	后轮	机翻	0	0
ล่อแหลม	不稳定的	机翻	0	0
ลออ	公平的	机翻	0	0
ละก์ซา	叻沙	机翻	0	0
ละครทีวี	电视剧	机翻	0	0
ละครนอก	外国剧	机翻	0	0
ละครใน	戏剧中	机翻	0	0
ละครพูด	话剧	机翻	0	0
ละครร้อง	声乐剧	机翻	0	0
ละครรำ	舞剧	机翻	0	0
ละครลิง	猴戏	机翻	0	0
ละติจูด	纬度	机翻	0	0
ละติน	拉丁	机翻	0	0
ละทิ้ง	放弃	机翻	0	0
ละบือ	被传言	机翻	0	0
ละโบม	中风	机翻	0	0
ละม่อม	亲切地	机翻	0	0
ละมั่ง	羚羊	机翻	0	0
ละม้าย	类似	机翻	0	0
ละมุด	人心果	机翻	0	0
ละมุน	温和的	机翻	0	0
ละเมอ	梦游	机翻	0	0
ละเมาะ	矮林	机翻	0	0
ละเมียด	亲切地	机翻	0	0
ละโมบ	贪婪的	机翻	0	0
ละไม	拉迈	机翻	0	0
ละลด	减少	机翻	0	0
ละลวย	感到困惑	机翻	0	0
ละลอก	酒窝	机翻	0	0
ละลาน	惊讶	机翻	0	0
ละลานตา	眼花缭乱	机翻	0	0
ละลาย	熔化	机翻	0	0
ละเลง	涂抹	机翻	0	0
ละเลย	忽视	机翻	0	0
ละเลิง	忘记那些	机翻	0	0
ละเลียด	轻轻地	机翻	0	0
ละเลียบ	沿着	机翻	0	0
ละว้า	拉瓦	机翻	0	0
ละวาง	留下	机翻	0	0
ละเว้น	避免	机翻	0	0
ละแวก	邻里	机翻	0	0
ละสายตา	把你的眼睛移开	机翻	0	0
ละหมาด	祷告	机翻	0	0
ละห้อย	可悲地	机翻	0	0
ละหาน	溪流	机翻	0	0
ละหุ่ง	蓖麻	机翻	0	0
ละเหี่ย	憔悴	机翻	0	0
ละออ	老挝	机翻	0	0
ละออง	灰尘	机翻	0	0
ละอองฝน	细雨	机翻	0	0
ละอองลอย	气雾剂	机翻	0	0
ละอายใจ	羞愧	机翻	0	0
ลักเค้า	偷	机翻	0	0
ลักตัว	被绑架	机翻	0	0
ลักพาตัว	绑架	机翻	0	0
ลักเพศ	不自然的	机翻	0	0
ลักยิ้ม	酒窝	机翻	0	0
ลักลอบ	走私	机翻	0	0
ลักลั่น	重叠	机翻	0	0
ลักษณ์	外貌	机翻	0	0
ลักษณนาม	分类器	机翻	0	0
ลักษมี	拉克斯米	机翻	0	0
ลังกา	兰卡	机翻	0	0
ลังถึง	到达的	机翻	0	0
ลังเลใจ	犹豫不决	机翻	0	0
ลัชชี	卢奇	机翻	0	0
ลัญจกร	海豹	机翻	0	0
ลัดเลาะ	旅行	机翻	0	0
ลัตซีโย	拉齐奥	机翻	0	0
ลัตเต	拿铁	机翻	0	0
ลัตเวีย	拉脱维亚	机翻	0	0
ลัทธิ	教义	机翻	0	0
ลั่นไก	扣动扳机	机翻	0	0
ลั่นคำ	说出这个词	机翻	0	0
ลั่นดาล	闩锁	机翻	0	0
ลั่นทม	兰汤姆	机翻	0	0
ลั่นนก	叽叽喳喳的鸟儿	机翻	0	0
ลั่นปาก	发表声明	机翻	0	0
ลั่นวาจา	说话	机翻	0	0
ลับตา	看不见	机翻	0	0
ลับแล	屏幕	机翻	0	0
ลับสายตา	看不见	机翻	0	0
ลับหลัง	在后面	机翻	0	0
ลัพธ์	结果	机翻	0	0
ลากจูง	拖带	机翻	0	0
ลากเส้น	中风	机翻	0	0
ลากเสียง	拖动声音	机翻	0	0
ลาก่อย	再见	机翻	0	0
ล้าค่า	我累了	机翻	0	0
ล้างแค้น	报仇	机翻	0	0
ล้างจาน	洗碗	机翻	0	0
ลางดี	吉兆	机翻	0	0
ลางที	也许	机翻	0	0
ล้างน้ำ	用水清洗	机翻	0	0
ล้างบาง	清除一些	机翻	0	0
ล้างบาป	施洗	机翻	0	0
ล้างปาก	漱口	机翻	0	0
ล้างผลาญ	毁灭	机翻	0	0
ล้างแผล	清洗伤口	机翻	0	0
ล้างไพ่	随机播放	机翻	0	0
ล้างมือ	洗手	机翻	0	0
ล้างรถ	洗车	机翻	0	0
ลางร้าย	不祥之兆	机翻	0	0
ล้างรูป	清晰的照片	机翻	0	0
ล้างสมอง	洗脑	机翻	0	0
ลางสาด	兰卫星	机翻	0	0
ลาจาก	告别	机翻	0	0
ลาซัญญา	烤宽面条	机翻	0	0
ลาดชัน	陡坡	机翻	0	0
ลาดพร้าว	叻抛县	机翻	0	0
ลาดเลา	痕迹	机翻	0	0
ลาดหน้า	前面有斜坡	机翻	0	0
ลาดเอียง	坡	机翻	0	0
ลาตาย	再见	机翻	0	0
ล่าถอย	撤退	机翻	0	0
ลานจอดรถ	停车场	机翻	0	0
ล้านช้าง	兰昌	机翻	0	0
ลานตา	万花筒	机翻	0	0
ล้านนา	兰纳	机翻	0	0
ลานบ้าน	庭院	机翻	0	0
ลานบิน	简易机场	机翻	0	0
ลานวัด	寺庙庭院	机翻	0	0
ลานีญา	拉尼娜现象	机翻	0	0
ลาบวช	离开圣职	机翻	0	0
ลาบวน	纳闽岛	机翻	0	0
ลาปาซ	拉巴斯	机翻	0	0
ลาผนวช	离开接受圣职	机翻	0	0
ลาพรรษา	四旬斋假	机翻	0	0
ลาพัก	离开	机翻	0	0
ลาเพศ	屁股性爱	机翻	0	0
ลาภผล	财富	机翻	0	0
ลาภลอย	横财	机翻	0	0
ลามก	色情	机翻	0	0
ล่ามโซ่	链式	机翻	0	0
ลามปาม	涉及	机翻	0	0
ลามะ	骆驼	机翻	0	0
ลามา	骆驼	机翻	0	0
ล่าแม่มด	猎巫	机翻	0	0
ลายฉลุ	模版	机翻	0	0
ลายตา	眼花缭乱	机翻	0	0
ลายแทง	雕刻图案	机翻	0	0
ลายไทย	泰式花纹	机翻	0	0
ลายน้ำ	水印	机翻	0	0
ลายพร้อย	花色图案	机翻	0	0
ลายมือ	手写	机翻	0	0
ลายสือ	信笺	机翻	0	0
ลายเส้น	线条艺术	机翻	0	0
ลาลับ	秘密告别	机翻	0	0
ลาโลก	离开这个世界	机翻	0	0
ลาวเทิง	老腾	机翻	0	0
ลาวเบิ้ง	老崩	机翻	0	0
ลาวลุ่ม	老林	机翻	0	0
ลาวสูง	高老挝	机翻	0	0
ลาวหล่ม	老挝隆	机翻	0	0
ลาวัณย์	美丽	机翻	0	0
ลาสิกขา	出家	机翻	0	0
ล่าสุด	最新的	机翻	0	0
ล้าหลัง	落后	机翻	0	0
ลำกล้อง	桶	机翻	0	0
ลำแข้ง	胫	机翻	0	0
ลำแขน	手臂	机翻	0	0
ลำคลอง	运河	机翻	0	0
ลำคอ	喉	机翻	0	0
ลำเค็ญ	生活贫困	机翻	0	0
ล่ำซำ	肌肉发达的	机翻	0	0
ลำดวน	兰都安	机翻	0	0
ลำดับ	数字	机翻	0	0
ลำต้น	树干	机翻	0	0
ลำตัด	对歌	机翻	0	0
ลำตัว	躯干	机翻	0	0
ลำนำ	韵律	机翻	0	0
ลำน้ำ	河	机翻	0	0
ลำเนาไพร	林那帕莱	机翻	0	0
ลำบาก	难的	机翻	0	0
ลำบากใจ	尴尬的	机翻	0	0
ลำปาง	南邦府	机翻	0	0
ลำพอง	疯狂地	机翻	0	0
ลำพองใจ	我很满足	机翻	0	0
ลำพัง	独自的	机翻	0	0
ลำพูน	南奔	机翻	0	0
ลำยอง	漂亮的	机翻	0	0
ล้ำยุค	小说	机翻	0	0
ลำใย	龙眼	机翻	0	0
ลำไย	龙眼	机翻	0	0
ลำลอง	随意的	机翻	0	0
ล้ำลึก	深的	机翻	0	0
ล้ำเลิศ	天上	机翻	0	0
ลำเลียง	运输	机翻	0	0
ล้ำสมัย	最先进的	机翻	0	0
ล่ำสัน	运动的	机翻	0	0
ล้ำเส้น	越线	机翻	0	0
ลำแสง	光束	机翻	0	0
ลำใส้	肠子	机翻	0	0
ล้ำหน้า	越位	机翻	0	0
ลำเหมือง	林孟	机翻	0	0
ลิเก	音乐民间戏剧	机翻	0	0
ลิขิต	脚本	机翻	0	0
ลิควิด	液体	机翻	0	0
ลิงค์	关联	机翻	0	0
ลิงจุ่น	懒猴	机翻	0	0
ลิงซ์	山猫	机翻	0	0
ลิงลม	懒猴	机翻	0	0
ลิงโลด	我很兴奋	机翻	0	0
ลิงโลดใจ	猴子很高兴	机翻	0	0
ลิงแสม	猕猴	机翻	0	0
ลิดรอน	剥夺	机翻	0	0
ลิเทียม	锂	机翻	0	0
ลิเธียม	锂	机翻	0	0
ลิ้นไก่	小舌	机翻	0	0
ลิ้นทะเล	海舌	机翻	0	0
ลิ้นลม	油嘴滑舌	机翻	0	0
ลิบลิ่ว	高昂	机翻	0	0
ลิเบีย	利比亚	机翻	0	0
ลิปดา	分钟	机翻	0	0
ลิ่มนิ้ว	指楔	机翻	0	0
ลิ้มรส	品尝	机翻	0	0
ลิ้มลอง	品尝	机翻	0	0
ลิลลี่	百合	机翻	0	0
ลิ่วล้อ	豺狼	机翻	0	0
ลิสง	列表	机翻	0	0
ลิสบอน	里斯本	机翻	0	0
ลีมูซีน	豪华轿车	机翻	0	0
ลีเมอร์	狐猴	机翻	0	0
ลีโม	豪华轿车	机翻	0	0
ลียง	里昂	机翻	0	0
ลี้ลับ	神秘	机翻	0	0
ลีลา	风格	机翻	0	0
ลีลาวดี	鸡蛋花	机翻	0	0
ลีลาศ	跳舞	机翻	0	0
ลีสู่	李苏	机翻	0	0
ลึกลับ	神秘	机翻	0	0
ลึกล้ำ	有力	机翻	0	0
ลึงค์	迪克	机翻	0	0
ลื่นไถล	滑倒	机翻	0	0
ลื่นล้ม	滑倒	机翻	0	0
ลื่นไหล	光滑的	机翻	0	0
ลืมตา	睁开你的眼睛	机翻	0	0
ลืมเลือน	忘记	机翻	0	0
ลืมสนิท	完全忘记了	机翻	0	0
ลือ	谣言	机翻	0	0
ลื่อ	谣言	机翻	0	0
ลื้อ	你	机翻	0	0
ลือชา	值得庆祝	机翻	0	0
ลือชื่อ	著名的	机翻	0	0
ลือนาม	值得庆祝	机翻	0	0
ลุกโชน	火焰	机翻	0	0
ลุกลน	恍	机翻	0	0
ลุกลาม	传播	机翻	0	0
ลุกไหม้	烧伤	机翻	0	0
ลุกฮือ	反叛	机翻	0	0
ลุ่มน้ำ	流域	机翻	0	0
ลุ่มลึก	深的	机翻	0	0
ลุ่มหลง	痴情	机翻	0	0
ลุล่วง	完成的	机翻	0	0
ลูกกก	布罗德	机翻	0	0
ลูกกบ	蝌蚪	机翻	0	0
ลูกกรง	格栅	机翻	0	0
ลูกกรุง	陆恭	机翻	0	0
ลูกกลิ้ง	滚筒	机翻	0	0
ลูกกวาด	糖果	机翻	0	0
ลูกกุญแจ	钥匙	机翻	0	0
ลูกแก้ว	大理石	机翻	0	0
ลูกแกะ	羊肉	机翻	0	0
ลูกไก่	小鸡	机翻	0	0
ลูกขนไก่	羽毛球	机翻	0	0
ลูกข่าง	顶部	机翻	0	0
ลูกข้าว	饭团	机翻	0	0
ลูกขุน	陪审员	机翻	0	0
ลูกเขย	女婿	机翻	0	0
ลูกครึ่ง	半种姓	机翻	0	0
ลูกคลื่น	起伏的	机翻	0	0
ลูกความ	客户	机翻	0	0
ลูกคอ	颤音	机翻	0	0
ลูกคัน	球痒	机翻	0	0
ลูกคำ	陆康	机翻	0	0
ลูกคิด	算盘	机翻	0	0
ลูกคู่	避免	机翻	0	0
ลูกฆ้อง	锣	机翻	0	0
ลูกจาก	孩子从	机翻	0	0
ลูกจีน	中国孩子	机翻	0	0
ลูกช้าง	小牛	机翻	0	0
ลูกชิ้น	肉丸	机翻	0	0
ลูกซัด	胎儿	机翻	0	0
ลูกโซ่	互锁	机翻	0	0
ลูกดก	多产	机翻	0	0
ลูกดอก	飞镖	机翻	0	0
ลูกดิ่ง	垂直	机翻	0	0
ลูกเดือย	粟	机翻	0	0
ลูกตา	眼球	机翻	0	0
ลูกตุ้ม	摆	机翻	0	0
ลูกเต้า	接待	机翻	0	0
ลูกเต๋า	骰子	机翻	0	0
ลูกแตก	断球	机翻	0	0
ลูกทัวร์	游客	机翻	0	0
ลูกทีม	全体人员	机翻	0	0
ลูกทุ่ง	陆童	机翻	0	0
ลูกโทษ	罚球	机翻	0	0
ลูกธนู	箭	机翻	0	0
ลูกเธอ	你的孩子	机翻	0	0
ลูกนา	陆娜	机翻	0	0
ลูกน้ำ	逗号	机翻	0	0
ลูกบท	脚本	机翻	0	0
ลูกบอล	球	机翻	0	0
ลูกบ้าน	居民	机翻	0	0
ลูกบาศก์	立方体	机翻	0	0
ลูกบิด	旋钮	机翻	0	0
ลูกปะกน	雕花木隔断	机翻	0	0
ลูกปัด	珠子	机翻	0	0
ลูกปา	五彩纸屑	机翻	0	0
ลูกปืน	滚珠轴承	机翻	0	0
ลูกโป่ง	气球	机翻	0	0
ลูกผสม	杂交种	机翻	0	0
ลูกฝาแฝด	双胞胎	机翻	0	0
ลูกแฝด	双	机翻	0	0
ลูกพรรค	党员	机翻	0	0
ลูกแพร์	梨	机翻	0	0
ลูกไฟ	火花	机翻	0	0
ลูกมะนาว	柠檬	机翻	0	0
ลูกม้า	驹	机翻	0	0
ลูกมือ	猫爪	机翻	0	0
ลูกแมว	小猫	机翻	0	0
ลูกไม้	蕾丝	机翻	0	0
ลูกระนาด	木琴	机翻	0	0
ลูกเรือ	全体人员	机翻	0	0
ลูกลา	驴驹	机翻	0	0
ลูกเล่น	技巧	机翻	0	0
ลูกโลก	球体	机翻	0	0
ลูกไล่	傀儡	机翻	0	0
ลูกวัว	小牛	机翻	0	0
ลูกศร	箭	机翻	0	0
ลูกศิษย์	瞳孔	机翻	0	0
ลูกสมุน	养老金领取者	机翻	0	0
ลูกสะใภ้	媳妇	机翻	0	0
ลูกสิงโต	幼狮	机翻	0	0
ลูกสูบ	活塞	机翻	0	0
ลูกเสือ	童子军	机翻	0	0
ลูกหนู	二头肌	机翻	0	0
ลูกหมา	小狗	机翻	0	0
ลูกหมี	小熊	机翻	0	0
ลูกหมู	小猪	机翻	0	0
ลูกหลง	交叉火力	机翻	0	0
ลูกหลวง	陆銮	机翻	0	0
ลูกหลาน	孙子	机翻	0	0
ลูกหัวปี	长子	机翻	0	0
ลูกหิน	弹珠	机翻	0	0
ลูกเห็บ	冰雹	机翻	0	0
ลูกเหม็น	樟脑丸	机翻	0	0
ลูกแหง่	小牛	机翻	0	0
ลูกอ๊อด	蝌蚪	机翻	0	0
ลูกอัณฑะ	睾丸	机翻	0	0
ลู่ทาง	大道	机翻	0	0
ลูบคลำ	爪子	机翻	0	0
ลูบตัว	擦自己	机翻	0	0
ลูบไล้	挲	机翻	0	0
ลูพิน	羽扇豆	机翻	0	0
เลกวัด	湖寺	机翻	0	0
เลขกล	幻数	机翻	0	0
เลขคณิต	算术	机翻	0	0
เลขคี่	奇数	机翻	0	0
เลขคู่	偶数	机翻	0	0
เลขจำนวน	数字	机翻	0	0
เลขเด็ด	幸运数字	机翻	0	0
เลขโดด	数字	机翻	0	0
เลขท้าย	最后一个号码	机翻	0	0
เลขยันต์	神秘数字	机翻	0	0
เลขโรมัน	罗马数字	机翻	0	0
เลขลำดับ	序数	机翻	0	0
เลขหน้า	页码	机翻	0	0
เลขหมาย	数字	机翻	0	0
เลขา	秘书	机翻	0	0
เลเซอร์	激光	机翻	0	0
เลโซโท	莱索托	机翻	0	0
เล็ดลอด	蠕变	机翻	0	0
เล่นกล	技巧	机翻	0	0
เล่นคำ	玩文字游戏	机翻	0	0
เล่นงาน	玩	机翻	0	0
เล่นแง่	耍花招	机翻	0	0
เล่นชู้	通奸	机翻	0	0
เล่นตลก	恶作剧	机翻	0	0
เล่นตัว	不择手段	机翻	0	0
เล่นตา	玩你的眼睛	机翻	0	0
เล่นพระ	打佛	机翻	0	0
เล่นพวก	与人玩耍	机翻	0	0
เล่นไพ่	扑克牌	机翻	0	0
เล่นลิ้น	狡辩	机翻	0	0
เลนส์	镜片	机翻	0	0
เลนส์นูน	凸透镜	机翻	0	0
เล่นสวาท	鸡奸	机翻	0	0
เล่นหัว	玩头	机翻	0	0
เล่นหาง	草书	机翻	0	0
เล่นหุ้น	玩转股市	机翻	0	0
เล่นใหญ่	玩大	机翻	0	0
เลนิน	列宁	机翻	0	0
เล็บขบ	脚趾甲向内生长	机翻	0	0
เล็บเท้า	脚趾甲	机翻	0	0
เล็บมือ	指甲	机翻	0	0
เลบานอน	黎巴嫩	机翻	0	0
เลยกำหนด	逾期	机翻	0	0
เลยเถิด	积极地	机翻	0	0
เลยไป	超过	机翻	0	0
เลยเวลา	已经过去了	机翻	0	0
เลวทราม	卑鄙的	机翻	0	0
เลวร้าย	坏的	机翻	0	0
เลศนัย	狡猾	机翻	0	0
เลสเบียน	女同性恋	机翻	0	0
เล่ห์	诡计	机翻	0	0
เล่ห์กล	诡计	机翻	0	0
เลหลัง	减少	机翻	0	0
เลอเลิศ	出色的	机翻	0	0
เลอเวือะ	哇！	机翻	0	0
เลอะเทอะ	马虎的	机翻	0	0
เละเทะ	凌乱的	机翻	0	0
เล่าขาน	叙事	机翻	0	0
เล่าจื๊อ	老子	机翻	0	0
เล่าลือ	谣言	机翻	0	0
เล้าโลม	哄	机翻	0	0
เล่าฦๅ	告诉	机翻	0	0
เลิกคบ	拆散	机翻	0	0
เลิกร้าง	拆散	机翻	0	0
เลิกล้ม	废除	机翻	0	0
เลิกลั่ก	别再疯狂了	机翻	0	0
เลินเล่อ	粗心	机翻	0	0
เลิศเลอ	出色的	机翻	0	0
เลิศหรู	出色的	机翻	0	0
เลียไข่	舔蛋	机翻	0	0
เลียงผา	麂皮	机翻	0	0
เลี้ยงผี	养鬼	机翻	0	0
เลี้ยงลา	养驴	机翻	0	0
เลียนแบบ	模拟	机翻	0	0
เลี้ยวลด	弯曲	机翻	0	0
เลือกคัด	选择	机翻	0	0
เลือกคู่	选择合作伙伴	机翻	0	0
เลือกสรร	选择	机翻	0	0
เลื่องฦๅ	著名的	机翻	0	0
เลือดนก	鸟血	机翻	0	0
เลือดฝาด	健康肤色	机翻	0	0
เลือดหมู	猪血	机翻	0	0
เลือดออก	出血	机翻	0	0
เลื่อนยศ	晋升职级	机翻	0	0
เลือนราง	褪色了	机翻	0	0
เลือนลาง	褪色了	机翻	0	0
เลือนหาย	消失	机翻	0	0
เลื่อมใส	钦佩	机翻	0	0
แล็กโตส	乳糖	机翻	0	0
แลกหมัด	交换拳	机翻	0	0
แลดู	看看它	机翻	0	0
แล่นฉิว	迅速地	机翻	0	0
แล่นแฉลบ	转向	机翻	0	0
แลนทานัม	镧	机翻	0	0
แล็บ	实验室	机翻	0	0
แลมบ์ดา	拉姆达	机翻	0	0
แล้วก็	进而	机翻	0	0
แล้วจึง	然后	机翻	0	0
แล้วแต่	由你决定	机翻	0	0
แล้วไป	然后走	机翻	0	0
แลเห็น	看	机翻	0	0
และเล็ม	蚕食	机翻	0	0
โลกเก่า	旧世界	机翻	0	0
โลกทัศน์	世界观	机翻	0	0
โลกธรรม	世俗本质	机翻	0	0
โลกวัชชะ	洛卡瓦查	机翻	0	0
โลกวิทยา	世界科学	机翻	0	0
โลกสวย	世界是美丽的	机翻	0	0
โลกเสรี	自由世界	机翻	0	0
โลกหน้า	下一个世界	机翻	0	0
โลกใหม่	新大陆	机翻	0	0
โลกันตร์	地狱深渊	机翻	0	0
โลกา	世界	机翻	0	0
โลกิยะ	世俗	机翻	0	0
โลกีย์	平凡的	机翻	0	0
โล่งแจ้ง	清除	机翻	0	0
โล่งโจ้ง	清晰明确	机翻	0	0
โล้งโต้ง	裸	机翻	0	0
โล่งโถง	宽敞	机翻	0	0
โลงศพ	棺材	机翻	0	0
โลงหิน	石棺	机翻	0	0
โล่งอก	宽慰	机翻	0	0
โลดเต้น	跳	机翻	0	0
โลดโผน	铆	机翻	0	0
โลดแล่น	匆忙	机翻	0	0
โลโต	乐透	机翻	0	0
โลภมาก	贪婪的	机翻	0	0
โลภะ	贪婪的	机翻	0	0
โลมเล้า	抚摸	机翻	0	0
โลลิ	萝莉	机翻	0	0
โลเล	善变的	机翻	0	0
โล่ห์	盾	机翻	0	0
โลหะเจือ	合金	机翻	0	0
โลหะผสม	合金	机翻	0	0
โลหะหนัก	重金属	机翻	0	0
โลหิต	血	机翻	0	0
โลหิตจาง	贫血	机翻	0	0
โลหิตแดง	红血	机翻	0	0
โละทิ้ง	丢弃	机翻	0	0
ไล่กวด	打猎	机翻	0	0
ไลเคน	地衣	机翻	0	0
ไล่ช้าง	短暂而突然的大雨	机翻	0	0
ไล่ต้อน	角落	机翻	0	0
ไล่ตาม	追赶	机翻	0	0
ไล่ทัน	赶上	机翻	0	0
ไล่ที่	驱逐	机翻	0	0
ไล่น้ำ	排斥水	机翻	0	0
ไลบีเรีย	利比里亚	机翻	0	0
ไล่เบี้ย	测验	机翻	0	0
ไล่ผี	驱鬼	机翻	0	0
ไลลัก	紫丁香	机翻	0	0
ไล่เลี่ย	几乎	机翻	0	0
ไล่เลียง	问题	机翻	0	0
ไลแล็ค	紫丁香	机翻	0	0
ไล่หลัง	追赶	机翻	0	0
ฦกซึ้ง	深受感动	机翻	0	0
ฦๅ	হๅ	机翻	0	0
ฦๅชา	茶	机翻	0	0
ว	瓦	机翻	0	0
วกกลับ	回转	机翻	0	0
วกไปวนมา	一圈又一圈	机翻	0	0
วกวน	凌乱的	机翻	0	0
วกเวียน	圆	机翻	0	0
วงกต	迷宫	机翻	0	0
วงกบ	门框	机翻	0	0
วงกลม	圆圈	机翻	0	0
วงกว้าง	宽圈	机翻	0	0
วงการ	圆圈	机翻	0	0
วงการทูต	外交界	机翻	0	0
วงการบิน	航空圈	机翻	0	0
วงโคจร	轨道	机翻	0	0
วงงาน	工作组	机翻	0	0
วงเงิน	限制	机翻	0	0
วงจร	循环	机翻	0	0
วงจรปิด	中央电视台	机翻	0	0
วงจำกัด	有限圈子	机翻	0	0
วงดนตรี	乐队	机翻	0	0
วงแตก	乐队解散了	机翻	0	0
วงนอก	外部	机翻	0	0
วงใน	内圈	机翻	0	0
วงประชุม	会议圈	机翻	0	0
วงพาด	乐队	机翻	0	0
วงราชการ	政府圈子	机翻	0	0
วงรี	椭圆	机翻	0	0
วงล้อม	警戒线	机翻	0	0
วงเล็บ	括号	机翻	0	0
วงวาร	圆圈	机翻	0	0
วงศ์	家庭	机翻	0	0
วงศ์วาน	祖先	机翻	0	0
วงศ์สกุล	家族血统	机翻	0	0
วงศัพท์	词汇	机翻	0	0
วงศา	亲属	机翻	0	0
วงสังคม	社交圈子	机翻	0	0
วงหน้า	前带	机翻	0	0
วงแหวน	戒指	机翻	0	0
วจนะ	字	机翻	0	0
วจี	发声	机翻	0	0
วจีกรรม	言语行动	机翻	0	0
วจีเภท	语调	机翻	0	0
วจีวิภาค	词类	机翻	0	0
วชิราวุธ	因陀罗	机翻	0	0
วณิชย์	商业	机翻	0	0
วณิพก	瓦尼波克	机翻	0	0
วดี	干河	机翻	0	0
วนเกษตร	农林业	机翻	0	0
วนเวียน	圆圈	机翻	0	0
วนศาสตร์	林业	机翻	0	0
วนอุทยาน	公园	机翻	0	0
วนาลัย	森林	机翻	0	0
วนาลี	森林小路	机翻	0	0
วนาวาส	森林住宅	机翻	0	0
วนาศรม	森林住宅	机翻	0	0
วนาสณฑ์	森林	机翻	0	0
วนิดา	瓦尼达	机翻	0	0
วนิพก	乞丐	机翻	0	0
วยัคฆ์	夜叉	机翻	0	0
วยัสย์	哇！	机翻	0	0
วรงค์	头	机翻	0	0
วรนุช	沃拉努奇	机翻	0	0
วรรค	空间	机翻	0	0
วรรคตอน	标点	机翻	0	0
วรรณ	万	机翻	0	0
วรรณคดี	文学	机翻	0	0
วรรณนา	描写	机翻	0	0
วรรณะ	种姓	机翻	0	0
วรรษ	世纪	机翻	0	0
วรสาร	杂志	机翻	0	0
วรัญญู	开明的人	机翻	0	0
วรางกูร	瓦朗昆	机翻	0	0
วลัย	手镯	机翻	0	0
วลี	短语	机翻	0	0
วสันต์	春天	机翻	0	0
วอกแวก	摇晃	机翻	0	0
ว่องไว	灵活	机翻	0	0
วอชิงตัน	华盛顿	机翻	0	0
วอดก้า	伏特加酒	机翻	0	0
วอดวาย	被毁掉	机翻	0	0
วอนขอ	求	机翻	0	0
วอมแบต	袋熊	机翻	0	0
วอร์ซอ	华沙	机翻	0	0
วอลรัส	海象	机翻	0	0
วอแว	哇！	机翻	0	0
วักกะ	瓦卡	机翻	0	0
วังช้าง	昌宫	机翻	0	0
วังวน	漩涡	机翻	0	0
วังหน้า	王娜	机翻	0	0
วัจน	字	机翻	0	0
วัจมรรค	生活方式	机翻	0	0
วัชพืช	杂草	机翻	0	0
วัฏจักร	循环	机翻	0	0
วัฏภาค	循环	机翻	0	0
วัฏสงสาร	轮回的存在	机翻	0	0
วัฒน	瓦他那	机翻	0	0
วัฒนะ	瓦塔纳	机翻	0	0
วัฒนาการ	文化	机翻	0	0
วัณโรค	结核	机翻	0	0
วัดใจ	测试你的心	机翻	0	0
วัดชีพจร	测量您的心率	机翻	0	0
วัดดวง	衡量你的财富	机翻	0	0
วัดวา	等于	机翻	0	0
วัตต์	瓦	机翻	0	0
วัตถุ	目的	机翻	0	0
วัตถุดำ	黑色物体	机翻	0	0
วัตร	常规	机翻	0	0
วันก่อน	前一天	机翻	0	0
วันเกิด	生日	机翻	0	0
วันโกน	剃须日	机翻	0	0
วันฉลอง	庆祝日	机翻	0	0
วันชาติ	国庆	机翻	0	0
วันใด	哪一天？	机翻	0	0
วันทำงาน	工作日	机翻	0	0
วันที่	日期	机翻	0	0
วันพระ	佛教圣日	机翻	0	0
วันพรุ่ง	明天	机翻	0	0
วันพฤหัส	周四	机翻	0	0
วันเพ็ญ	满月日	机翻	0	0
วันแม่	母亲节	机翻	0	0
วันวาน	昨天	机翻	0	0
วันสำคัญ	重要的日子	机翻	0	0
วันหน้า	第二天	机翻	0	0
วันหนึ่ง	一天	机翻	0	0
วันหลัง	第二天	机翻	0	0
วับวาม	闪烁地	机翻	0	0
วับแวม	闪烁地	机翻	0	0
วัยกำดัด	青春期	机翻	0	0
วัยคะนอง	狂野时代	机翻	0	0
วัยโจ๋	青少年	机翻	0	0
วัยชรา	晚年	机翻	0	0
วัยดึก	晚年	机翻	0	0
วัยเด็ก	童年	机翻	0	0
วัยทอง	绝经	机翻	0	0
วัยทารก	婴儿期	机翻	0	0
วัยทำงาน	工作年龄	机翻	0	0
วัยเยาว์	青年	机翻	0	0
วัยเรียน	学龄	机翻	0	0
วัยวุฒิ	资历	机翻	0	0
วัยสาว	青年	机翻	0	0
วัลย์	藤	机翻	0	0
วัลลี	藤	机翻	0	0
วัลเลตตา	瓦莱塔	机翻	0	0
วัวควาย	牛	机翻	0	0
วัวแดง	红牛	机翻	0	0
วัวตอน	阉割的牛	机翻	0	0
วัวทะเล	海牛	机翻	0	0
วัสดุ	材料	机翻	0	0
ว่ากล่าว	谏	机翻	0	0
ว่าการ	州长	机翻	0	0
ว่าขาน	说	机翻	0	0
ว่าความ	提倡	机翻	0	0
วางก้าม	预兆	机翻	0	0
วางเกณฑ์	设定标准	机翻	0	0
วางข้อ	提出问题	机翻	0	0
วางขาย	发售中	机翻	0	0
วางไข่	产卵	机翻	0	0
วางเงิน	地方钱	机翻	0	0
วางใจ	相信	机翻	0	0
วางเฉย	粘液质的	机翻	0	0
วางซ้อน	覆盖	机翻	0	0
วางตน	居高临下	机翻	0	0
วางตลาด	市场	机翻	0	0
วางตัว	居高临下的	机翻	0	0
วางตา	睁大眼睛	机翻	0	0
วางโต	大	机翻	0	0
วางท่า	姿势	机翻	0	0
วางโทษ	惩治	机翻	0	0
วางธุระ	预留业务	机翻	0	0
วางบ่วง	设置圈套	机翻	0	0
วางเบ็ด	设置挂钩	机翻	0	0
วางแผง	设置	机翻	0	0
วางฟอร์ม	放置表格	机翻	0	0
วางมวย	打起来	机翻	0	0
วางมัดจำ	订金	机翻	0	0
วางมือ	放下你的双手	机翻	0	0
วางยา	用药	机翻	0	0
วางยาพิษ	中毒	机翻	0	0
วางวาย	死	机翻	0	0
ว่างเว้น	避免	机翻	0	0
วางหน้า	面对面	机翻	0	0
วางหู	挂断	机翻	0	0
วางอำนาจ	暴君	机翻	0	0
ว่าง่าย	容易服从	机翻	0	0
วาจา	演讲	机翻	0	0
ว่าจ้าง	聘请	机翻	0	0
วาซาบิ	芥末	机翻	0	0
วาณิช	商	机翻	0	0
วาณิชย์	商业	机翻	0	0
วาณี	言语女神	机翻	0	0
วาดเขียน	绘画	机翻	0	0
วาดภาพ	画一幅画	机翻	0	0
วาดรูป	画一幅画	机翻	0	0
ว่าด้วย	关于	机翻	0	0
วาดหวัง	希望	机翻	0	0
วาดุซ	瓦杜兹	机翻	0	0
วาตภัย	风暴	机翻	0	0
ว่าต่าง	说是不一样	机翻	0	0
วาติกัน	教廷	机翻	0	0
ว่าแต่	顺便一提	机翻	0	0
วาทก	修辞	机翻	0	0
วาทกรรม	话语	机翻	0	0
วาทยกร	导体	机翻	0	0
วาทศิลป์	演讲	机翻	0	0
วาทะกรรม	话语	机翻	0	0
วาที	音乐家	机翻	0	0
ว่าที่	预期	机翻	0	0
วานซืน	前天	机翻	0	0
ว่านน้ำ	芦荟	机翻	0	0
วานร	猴	机翻	0	0
วานิลลา	香草	机翻	0	0
วานูอาตู	瓦努阿图	机翻	0	0
วาบหวาม	性吸引力	机翻	0	0
วาปี	沼泽	机翻	0	0
วามแวม	闪烁	机翻	0	0
ว๊าย	哇！	机翻	0	0
วายชนม์	屈服	机翻	0	0
วายทูเค	千年虫	机翻	0	0
ว่ายน้ำ	游泳	机翻	0	0
วายปราณ	死	机翻	0	0
วายร้าย	恶棍	机翻	0	0
วายวอด	被摧毁	机翻	0	0
วายวาง	为什么？	机翻	0	0
ว่ายาก	棘手的	机翻	0	0
วายุ	风暴	机翻	0	0
วารดิถี	假期	机翻	0	0
วาร์ป	经	机翻	0	0
วารวาริ	瓦瓦里	机翻	0	0
วาระ	学期	机翻	0	0
ว่าร้าย	诽谤	机翻	0	0
วารุณ	花蜜	机翻	0	0
วารุณี	瓦鲁尼	机翻	0	0
วาล์ว	阀门	机翻	0	0
ว้าวซ่า	哇！	机翻	0	0
วาววับ	闪闪发光的	机翻	0	0
วาสนา	晕	机翻	0	0
วาสลีน	凡士林	机翻	0	0
วาสุกรี	娜迦	机翻	0	0
วาสุกี	瓦苏基	机翻	0	0
วาหนะ	字	机翻	0	0
ว้าเหว่	孤独	机翻	0	0
วิกรม	维克拉姆	机翻	0	0
วิกฤติ	危机	机翻	0	0
วิกล	疯狂	机翻	0	0
วิกลจริต	疯狂的	机翻	0	0
วิกาล	夜晚	机翻	0	0
วิกิ	维基百科	机翻	0	0
วิ่งกวด	追赶	机翻	0	0
วิ่งแข่ง	种族	机翻	0	0
วิ่งควาย	水牛跑	机翻	0	0
วิ่งเต้น	职业	机翻	0	0
วิ่งผลัด	接力赛	机翻	0	0
วิ่งม้า	赛马	机翻	0	0
วิ่งรอก	忙碌	机翻	0	0
วิ่งราว	跑来跑去	机翻	0	0
วิ่งเล่น	跑来跑去	机翻	0	0
วิ่งไล่	追赶	机翻	0	0
วิงวอน	恳求	机翻	0	0
วิ่งว่าว	放风筝	机翻	0	0
วิงเวียน	晕眩的	机翻	0	0
วิจิตร	美好的	机翻	0	0
วิจิน	选择	机翻	0	0
วิชชา	超越	机翻	0	0
วิชชุ	闪电	机翻	0	0
วิชญ์	魔法	机翻	0	0
วิชญะ	智慧	机翻	0	0
วิชัย	威猜	机翻	0	0
วิชาการ	学术的	机翻	0	0
วิชาช่าง	技术科目	机翻	0	0
วิชาเลข	数学	机翻	0	0
วิชาอาคม	魔法	机翻	0	0
วิเชียร	闪电	机翻	0	0
วิซิกอท	西哥特人	机翻	0	0
วิญญาณ	精神	机翻	0	0
วิญญู	圣人	机翻	0	0
วิญญูชน	聪明人	机翻	0	0
วิญญูภาพ	精神形象	机翻	0	0
วิฑูรย์	青金石	机翻	0	0
วิดเจ็ต	小部件	机翻	0	0
วิดน้ำ	水打捆机	机翻	0	0
วิตก	焦虑的	机翻	0	0
วิตกจริต	害怕	机翻	0	0
วิตถาร	怪诞的	机翻	0	0
วิถี	方式	机翻	0	0
วิถีทาง	方式	机翻	0	0
วิทยฐานะ	学术地位	机翻	0	0
วิทยา	科学	机翻	0	0
วิทยากร	讲师	机翻	0	0
วิทยาการ	科学	机翻	0	0
วิทยาเขต	校园	机翻	0	0
วิทยาคม	咒语	机翻	0	0
วิทยาคาร	学校	机翻	0	0
วิทยาทาน	施舍	机翻	0	0
วิทยาธร	天使音乐家	机翻	0	0
วิทวัส	学者	机翻	0	0
วิทัศน์	想象	机翻	0	0
วิทิต	圣人	机翻	0	0
วิทู	圣人	机翻	0	0
วิเทศ	外国的	机翻	0	0
วิธาน	维丹	机翻	0	0
วิธีใช้	如何使用	机翻	0	0
วิธีฝึก	如何训练	机翻	0	0
วิธีวัด	如何测量	机翻	0	0
วิธู	月亮	机翻	0	0
วินาศ	被消灭	机翻	0	0
วินิจ	诊断	机翻	0	0
วินิต	祸害	机翻	0	0
วิบวับ	闪烁	机翻	0	0
วิบัติ	灾难	机翻	0	0
วิบาก	越野摩托车	机翻	0	0
วิปครีม	生奶油	机翻	0	0
วิปโยค	悲惨	机翻	0	0
วิปริต	经	机翻	0	0
วิปลาส	反常的	机翻	0	0
วิปักษ์	对面的	机翻	0	0
วิปัสสนา	内省	机翻	0	0
วิปัสสี	毗婆尸	机翻	0	0
วิภัตติ	分类	机翻	0	0
วิภา	辉煌	机翻	0	0
วิภาค	想象	机翻	0	0
วิภาษ	辩证法	机翻	0	0
วิภาส	减轻	机翻	0	0
วิภู	强大的	机翻	0	0
วิภูษณะ	服饰	机翻	0	0
วิภูษา	服饰	机翻	0	0
วิภูษิต	装饰过的	机翻	0	0
วิมล	完美无瑕	机翻	0	0
วิมังสา	审查	机翻	0	0
วิมัติ	怀疑	机翻	0	0
วิมาน	城堡	机翻	0	0
วิมุข	维穆克	机翻	0	0
วิมุต	被释放	机翻	0	0
วิมุตติ	解放	机翻	0	0
วิโมกข์	涅槃	机翻	0	0
วิโยค	丧亲之痛	机翻	0	0
วิรงรอง	百合	机翻	0	0
วิรัช	维拉特	机翻	0	0
วิรัติ	维拉特	机翻	0	0
วิริยภาพ	勤奋	机翻	0	0
วิริยะ	坚持	机翻	0	0
วิโรจ	照亮的	机翻	0	0
วิโรธ	愤怒	机翻	0	0
วิลนีอุส	维尔纽斯	机翻	0	0
วิลันดา	威兰达	机翻	0	0
วิลาด	邪恶	机翻	0	0
วิลาป	哀叹	机翻	0	0
วิลาศ	维拉斯	机翻	0	0
วิลาส	美丽的	机翻	0	0
วิโลม	逆	机翻	0	0
วิไล	美丽的	机翻	0	0
วิไลวรรณ	美丽的肤色	机翻	0	0
วิวรณ์	启示	机翻	0	0
วิวัฒน์	发展	机翻	0	0
วิวาท	争吵	机翻	0	0
วิวาห์	婚礼	机翻	0	0
วิวิธ	多重的	机翻	0	0
วิศรุต	著名的	机翻	0	0
วิศวกรรม	工程	机翻	0	0
วิศาขา	维沙卡	机翻	0	0
วิศาล	广泛的	机翻	0	0
วิเศษ	魔法	机翻	0	0
วิเศษณ์	副词	机翻	0	0
วิษณุ	毗湿奴	机翻	0	0
วิษณุโลก	维什努洛克	机翻	0	0
วิษณุเวท	歌颂毗湿奴的颂歌	机翻	0	0
วิษุวัต	春分	机翻	0	0
วิสกี้	威士忌酒	机翻	0	0
วิสัชนา	回答	机翻	0	0
วิสัญญี	麻醉	机翻	0	0
วิสัย	自然	机翻	0	0
วิสา	签证	机翻	0	0
วิสาข	维沙卡	机翻	0	0
วิสาขะ	维沙卡	机翻	0	0
วิสามัญ	非凡的	机翻	0	0
วิสามัญฯ	非凡的	机翻	0	0
วิสารท	大胆的	机翻	0	0
วิสาล	广阔	机翻	0	0
วิสาสะ	非正式地	机翻	0	0
วิสิฐ	派拉蒙	机翻	0	0
วิสูตร	维苏塔	机翻	0	0
วิเสท	维塞特	机翻	0	0
วิหค	鸟	机翻	0	0
วิหาร	避难所	机翻	0	0
วิฬา	维拉	机翻	0	0
วิฬาร	别墅	机翻	0	0
วิฬาร์	猫	机翻	0	0
วิโอลา	中提琴	机翻	0	0
วีซา	签证	机翻	0	0
วีซีดี	光盘	机翻	0	0
วี้ดว้าย	叹！	机翻	0	0
วี๊ดว้าย	嗖嗖！	机翻	0	0
วีดิโอ	视频	机翻	0	0
วีดีโอ	视频	机翻	0	0
วีร	英雄	机翻	0	0
วีรกรรม	勇敢	机翻	0	0
วีรชน	英雄	机翻	0	0
วีรบุรุษ	英雄	机翻	0	0
วีรยุทธ	维拉育	机翻	0	0
วีรสตรี	女主角	机翻	0	0
วีระกรรม	英雄主义	机翻	0	0
วีเอสโอ	VSO	机翻	0	0
วีไอพี	贵宾	机翻	0	0
วุฒิ	资质	机翻	0	0
วุฒิบัตร	文凭	机翻	0	0
วุฒิภาวะ	到期	机翻	0	0
วุลแฟรม	钨	机翻	0	0
วูบวาบ	燃烧	机翻	0	0
วู่วาม	动火	机翻	0	0
เวกเตอร์	向量	机翻	0	0
เวคิน	威金	机翻	0	0
เวจมรรค	唯佳道	机翻	0	0
เว็จมรรค	维贾马克	机翻	0	0
เวชกรรม	药品	机翻	0	0
เวชภัณฑ์	医疗用品	机翻	0	0
เวชยันต์	维吉安特拉	机翻	0	0
เวณิก	鲁特琴演奏者	机翻	0	0
เวตาล	吸血鬼	机翻	0	0
เวทนา	遗憾	机翻	0	0
เวทมนต์	魔法	机翻	0	0
เวทมนตร์	拼写	机翻	0	0
เวทย์	魔法	机翻	0	0
เวทีมวย	拳击场	机翻	0	0
เว้นแต่	除非	机翻	0	0
เว้นระยะ	保持距离	机翻	0	0
เวนิส	威尼斯	机翻	0	0
เวเนโต	威尼托	机翻	0	0
เวไนย	受教的人	机翻	0	0
เว็บแคม	摄像头	机翻	0	0
เว็บเพจ	网页	机翻	0	0
เวรกรรม	业力	机翻	0	0
เวรมณี	沃拉马尼	机翻	0	0
เวรัมภ	维拉姆巴	机翻	0	0
เวรัมภะ	韦兰巴	机翻	0	0
เวรัมภา	维伦帕	机翻	0	0
เวรี	对手	机翻	0	0
เวโรจน์	光辉	机翻	0	0
เวลส์	威尔士	机翻	0	0
เวลาจริง	即时的	机翻	0	0
เวลานอน	就寝时间	机翻	0	0
เวลานัด	预约时间	机翻	0	0
เวลานี้	这次	机翻	0	0
เวลาปิด	关门时间	机翻	0	0
เวลาเปิด	开放时间	机翻	0	0
เวลาเย็น	晚上时间	机翻	0	0
เวลาเล่น	游玩时间	机翻	0	0
เวศยา	妓女	机翻	0	0
เวสน์	住所	机翻	0	0
เวสสภู	维萨·富	机翻	0	0
เวสสันดร	维桑塔拉	机翻	0	0
เวสสุวัณ	北德瓦	机翻	0	0
เวหะ	天空	机翻	0	0
เวหา	苍穹	机翻	0	0
เว่อร์	太多了	机翻	0	0
เว้าวอน	求	机翻	0	0
เวิ้งน้ำ	海湾	机翻	0	0
เวียดนาม	越南	机翻	0	0
เวียตนาม	越南	机翻	0	0
เวียนขวา	右转	机翻	0	0
เวียนนา	维也纳	机翻	0	0
เวียนวน	圆圈	机翻	0	0
แว้งกัด	转身咬	机翻	0	0
แวดล้อม	周围	机翻	0	0
แวดวง	圆圈	机翻	0	0
แว๊น	车皮	机翻	0	0
แว่นขยาย	放大镜	机翻	0	0
แว่นดำ	墨镜	机翻	0	0
แว่นตาดำ	墨镜	机翻	0	0
แวบเดียว	只是一瞥	机翻	0	0
แวบวับ	闪烁	机翻	0	0
แวบวาบ	闪光	机翻	0	0
แวมไพร์	吸血鬼	机翻	0	0
แววตา	眼中闪过一丝	机翻	0	0
แวววับ	微光	机翻	0	0
แวววาม	热心	机翻	0	0
แวววาว	闪耀	机翻	0	0
โวยวาย	疯狂的	机翻	0	0
โวลต์	伏特	机翻	0	0
โวลเตจ	电压	机翻	0	0
โว้เว้	喊	机翻	0	0
โวหาร	短语	机翻	0	0
ไว้ใจ	相信	机翻	0	0
ไว้ใจได้	值得信赖	机翻	0	0
ไว้ชีวิต	幸免于难	机翻	0	0
ไว้ตัว	保持安全	机翻	0	0
ไวตามิน	维生素	机翻	0	0
ไวทย์	医生	机翻	0	0
ไว้ท่า	摆姿势	机翻	0	0
ไว้ทุกข์	丧	机翻	0	0
ไว้ธุระ	我正在出差	机翻	0	0
ไวน์ขาว	白葡萄酒	机翻	0	0
ไวน์แดง	红葡萄酒	机翻	0	0
ไวพจน์	代名词	机翻	0	0
ไว้ยศ	退休	机翻	0	0
ไว้ลาย	有条纹的	机翻	0	0
ไว้หนวด	长出小胡子	机翻	0	0
ไว้หน้า	在...前面	机翻	0	0
ไว้อาลัย	纪念	机翻	0	0
ไวโอมิง	怀俄明州	机翻	0	0
ไวโอลิน	小提琴	机翻	0	0
ไวโอเล็ต	紫色	机翻	0	0
ศ	教授	机翻	0	0
ศกนี้	今年	机翻	0	0
ศกหน้า	明年	机翻	0	0
ศกุน	鸟	机翻	0	0
ศกุนต์	鸟	机翻	0	0
ศงกา	宋卡	机翻	0	0
ศตภาค	世纪	机翻	0	0
ศตภิษัช	萨他披萨	机翻	0	0
ศตวรรษ	世纪	机翻	0	0
ศรดำ	黑箭	机翻	0	0
ศรวณะ	萨拉瓦纳	机翻	0	0
ศรัณย์	支持	机翻	0	0
ศรัณยู	后卫	机翻	0	0
ศรัทธา	信仰	机翻	0	0
ศรีราชา	是拉差	机翻	0	0
ศรีลังกา	斯里兰卡	机翻	0	0
ศรีสะเกษ	四色菊	机翻	0	0
ศรีโสภณ	斯里索丰	机翻	0	0
ศฤคาล	萨鲁卡尔	机翻	0	0
ศฤงคาร	死亡	机翻	0	0
ศลิษา	抚摸	机翻	0	0
ศวา	泽	机翻	0	0
ศวาน	萨万	机翻	0	0
ศศะ	莎莎	机翻	0	0
ศศิ	萨西	机翻	0	0
ศศิธร	沙西通	机翻	0	0
ศักดา	活力	机翻	0	0
ศักดิ	神圣	机翻	0	0
ศักดิ์	神	机翻	0	0
ศักดินา	封建	机翻	0	0
ศักย	潜在的	机翻	0	0
ศักย์	潜在的	机翻	0	0
ศักราช	时代	机翻	0	0
ศังกา	怀疑	机翻	0	0
ศังข์	僧伽	机翻	0	0
ศัตรู	敌人	机翻	0	0
ศัตรูพืช	害虫	机翻	0	0
ศันสนีย์	桑萨尼	机翻	0	0
ศัพท์	术语	机翻	0	0
ศัพทมูล	词汇	机翻	0	0
ศัพท์สูง	高词汇量	机翻	0	0
ศัพท์แสง	行话	机翻	0	0
ศัลย	外科手术	机翻	0	0
ศัลย์	外科手术	机翻	0	0
ศัลยกรรม	外科手术	机翻	0	0
ศานต์	和平	机翻	0	0
ศานติ	和平	机翻	0	0
ศานติภาพ	和平	机翻	0	0
ศานติสุข	安心	机翻	0	0
ศารท	科学	机翻	0	0
ศารทจีน	中国科学	机翻	0	0
ศารทูล	老虎	机翻	0	0
ศาลแขวง	地方法院	机翻	0	0
ศาลเจ้า	神社	机翻	0	0
ศาลฎีกา	最高法院	机翻	0	0
ศาลเด็ก	儿童法庭	机翻	0	0
ศาลตำรวจ	警察法庭	机翻	0	0
ศาลเตี้ย	袋鼠球场	机翻	0	0
ศาลทหาร	军事法庭	机翻	0	0
ศาลปู่ตา	祖父神社	机翻	0	0
ศาลแพ่ง	民事法庭	机翻	0	0
ศาลสูง	最高法院	机翻	0	0
ศาลอาญา	刑事法庭	机翻	0	0
ศาลา	亭	机翻	0	0
ศาลากลาง	市政厅	机翻	0	0
ศาลาวัด	寺庙大厅	机翻	0	0
ศาสก	导师	机翻	0	0
ศาสดา	先知	机翻	0	0
ศาสตร	艺术	机翻	0	0
ศาสตร์	科学	机翻	0	0
ศาสตรา	刺刀	机翻	0	0
ศาสตราคม	宗教	机翻	0	0
ศาสนกิจ	宗教工作	机翻	0	0
ศาสนธรรม	神学	机翻	0	0
ศาสนสถาน	礼拜场所	机翻	0	0
ศาสนิกชน	宗教人士	机翻	0	0
ศิคาล	西卡尔	机翻	0	0
ศิงขร	山	机翻	0	0
ศิงขริน	山	机翻	0	0
ศิระ	首脑	机翻	0	0
ศิรา	导管	机翻	0	0
ศิริ	西里	机翻	0	0
ศิลป์	艺术	机翻	0	0
ศิลปนิยม	自由主义	机翻	0	0
ศิลปะ	艺术	机翻	0	0
ศิลปิน	艺术家	机翻	0	0
ศิลา	石头	机翻	0	0
ศิลาแลง	红土	机翻	0	0
ศิวลึงค์	希瓦林加	机翻	0	0
ศิวะ	湿婆神	机翻	0	0
ศิวิไลซ์	文明的	机翻	0	0
ศิศุ	西苏	机翻	0	0
ศิษย์	弟子	机翻	0	0
ศีขร	山	机翻	0	0
ศีขริน	山	机翻	0	0
ศีลธรรม	道德	机翻	0	0
ศีลแปด	八戒	机翻	0	0
ศีลห้า	五戒	机翻	0	0
ศีลอด	开斋饭	机翻	0	0
ศุกโขไท	素可泰	机翻	0	0
ศุกโขไทย	泰国苏克	机翻	0	0
ศุกโฃไทย	泰国住棚节	机翻	0	0
ศุกร์	星期五	机翻	0	0
ศุขี	快乐的	机翻	0	0
ศุโขไท	素可泰	机翻	0	0
ศุโขไทย	素可泰泰语	机翻	0	0
ศุนัก	狗	机翻	0	0
ศุภชัย	素帕猜	机翻	0	0
ศุภนิมิต	前兆	机翻	0	0
ศุภมัสดุ	苏帕马斯杜	机翻	0	0
ศุภมาส	吉祥月	机翻	0	0
ศุภอักษร	诸侯王的信	机翻	0	0
ศุภางค์	素攀	机翻	0	0
ศุลก	海关	机翻	0	0
ศูทร	首陀罗种姓	机翻	0	0
เศรษฐ	经济学	机翻	0	0
เศรษฐินี	财富	机翻	0	0
เศรษฐี	百万富翁	机翻	0	0
เศรษฐีนี	百万富翁	机翻	0	0
เศร้าใจ	伤心	机翻	0	0
เศร้าซึม	郁闷	机翻	0	0
เศร้าโศก	悲伤	机翻	0	0
เศร้าสลด	伤心	机翻	0	0
เศวต	白色的	机翻	0	0
เศวตฉัตร	雪花石膏	机翻	0	0
เศษเกิน	奇怪的	机翻	0	0
เศษผ้า	抹布	机翻	0	0
เศษไม้	废木料	机翻	0	0
เศษเล็บ	指甲屑	机翻	0	0
เศษส่วน	分数	机翻	0	0
เศษสิบ	十分之几	机翻	0	0
เศษเหล็ก	废铁	机翻	0	0
เศษเหลือ	剩	机翻	0	0
เศษอาหาร	食物残渣	机翻	0	0
โศกเศร้า	伤心	机翻	0	0
โศกสลด	伤心	机翻	0	0
โศกา	哀叹	机翻	0	0
โศกาดูร	痛哭	机翻	0	0
โศถะ	索塔	机翻	0	0
โศผะ	索法	机翻	0	0
โศภา	索帕	机翻	0	0
โศภิต	漂亮的	机翻	0	0
ษ	ก	机翻	0	0
ษุกโขไท	素可泰	机翻	0	0
ส	S	机翻	0	0
สก	索克	机翻	0	0
สกรู	拧紧	机翻	0	0
สกล	左近	机翻	0	0
สกลนคร	沙功那空	机翻	0	0
สก็อต	斯科特	机翻	0	0
สก๊อย	舀	机翻	0	0
สกังก์	臭鼬	机翻	0	0
สกี	滑雪	机翻	0	0
สกุณ	鸟	机翻	0	0
สกุณา	鸟	机翻	0	0
สกุนต์	鸟	机翻	0	0
สกุล	姓	机翻	0	0
สกุลย่อย	亚属	机翻	0	0
สเกต	滑冰	机翻	0	0
สเก็ต	溜冰	机翻	0	0
สเก๊ตช์	草图	机翻	0	0
สเกตลีลา	花样滑冰	机翻	0	0
สโกเปีย	斯科普里	机翻	0	0
สคริปท์	脚本	机翻	0	0
สแควร์	正方形	机翻	0	0
สงกรานต์	宋干节	机翻	0	0
ส่งกลับ	发回	机翻	0	0
สงกา	怀疑	机翻	0	0
สงขลา	宋卡府	机翻	0	0
ส่งข้าม	发送过去	机翻	0	0
ส่งข่าว	发送	机翻	0	0
สงคราม	战争	机翻	0	0
ส่งคืน	返回	机翻	0	0
สงฆ์	修道院的	机翻	0	0
ส่งจูบ	飞吻	机翻	0	0
ส่งดอก	送花	机翻	0	0
ส่งเดช	随意地	机翻	0	0
ส่งท้าย	告别	机翻	0	0
สงบเงียบ	冷静的	机翻	0	0
สงบใจ	冷静下来	机翻	0	0
สงบนิ่ง	冷静的	机翻	0	0
สงบศึก	停战	机翻	0	0
สงบสุข	和平	机翻	0	0
ส่งผ่าน	通过	机翻	0	0
ส่งภาษา	发送语言	机翻	0	0
สงวน	预订的	机翻	0	0
สงวนที่	预留位置	机翻	0	0
ส่งวิทยุ	发送广播	机翻	0	0
ส่งส่วย	致敬	机翻	0	0
ส่งสายตา	看看	机翻	0	0
สงสาร	感到抱歉	机翻	0	0
ส่งสาร	发送消息	机翻	0	0
สงสารวัฏ	生命周期	机翻	0	0
ส่งเสีย	发送	机翻	0	0
ส่งเสียง	发出噪音	机翻	0	0
สงัด	安静的	机翻	0	0
สง่า	优雅的	机翻	0	0
สจ๊วต	管家	机翻	0	0
สดชื่น	新鲜的	机翻	0	0
สดมภ์	柱子	机翻	0	0
สดใส	明亮的	机翻	0	0
สดับ	听到	机翻	0	0
สดุดี	称赞	机翻	0	0
สตรี	女性	机翻	0	0
สตรีนิยม	女权主义	机翻	0	0
สตรีเพศ	女权主义	机翻	0	0
สตอ	库存	机翻	0	0
สตางค์	萨当	机翻	0	0
สตาลิน	斯大林	机翻	0	0
สติปัญญา	智力	机翻	0	0
สตูดิโอ	工作室	机翻	0	0
สตูล	沙敦	机翻	0	0
สเต็ก	牛排	机翻	0	0
สเต๊ก	牛排	机翻	0	0
สแตนเลส	不锈钢	机翻	0	0
สแตมป์	邮票	机翻	0	0
สไตล์	风格	机翻	0	0
สถบดี	非常好	机翻	0	0
สถล	沙吞	机翻	0	0
สถาน	地方	机翻	0	0
สถานภาพ	地位	机翻	0	0
สถานะ	地位	机翻	0	0
สถานีงาน	工作站	机翻	0	0
สถาบก	研究所	机翻	0	0
สถาบัน	机构	机翻	0	0
สถาปนา	建立	机翻	0	0
สถาปัตย์	建筑学	机翻	0	0
สถิต	静止的	机翻	0	0
สถุน	击晕	机翻	0	0
สถุล	粗俗的	机翻	0	0
สถูป	宝塔	机翻	0	0
สท	星期六	机翻	0	0
สทุม	萨图姆	机翻	0	0
สนเข็ม	线针	机翻	0	0
สนใจไยดี	无私	机翻	0	0
สนด้าย	线	机翻	0	0
สนตะพาย	将一根绳子穿过某人的鼻子	机翻	0	0
ส้นตีน	脚跟	机翻	0	0
สนเทศ	告密者	机翻	0	0
สนเท่ห์	怀疑	机翻	0	0
ส้นเท้า	脚跟	机翻	0	0
สนธยา	暮	机翻	0	0
สนธิ	交界处	机翻	0	0
สนน	我有兴趣	机翻	0	0
สนนราคา	价格	机翻	0	0
สนม	妾	机翻	0	0
สนมเอก	一妃	机翻	0	0
ส้นสูง	高跟鞋	机翻	0	0
สนองไข	回应	机翻	0	0
สนองคุณ	满足你	机翻	0	0
สนองตอบ	回应	机翻	0	0
สนั่น	大声	机翻	0	0
สนับ	支持	机翻	0	0
สนับแข้ง	绑腿	机翻	0	0
สนับมือ	指关节	机翻	0	0
สนามมวย	拳击场	机翻	0	0
สนามม้า	赛马场	机翻	0	0
สนามรบ	战场	机翻	0	0
สนามสอบ	考试场	机翻	0	0
สนามหญ้า	草地	机翻	0	0
สนามหลวง	萨南銮	机翻	0	0
สนิท	亲密的	机翻	0	0
สนิทใจ	贴近心	机翻	0	0
สนิทสนม	亲密的	机翻	0	0
สนิม	锈	机翻	0	0
สนุกปาก	玩得开心	机翻	0	0
สบง	和平	机翻	0	0
สบตา	进行目光接触	机翻	0	0
สบถ	发誓	机翻	0	0
สบประมาท	诽谤	机翻	0	0
สบเหมาะ	合适的	机翻	0	0
สบอารมณ์	我很沮丧	机翻	0	0
สบโอกาส	机会	机翻	0	0
สบายกาย	舒适的机身	机翻	0	0
สบายดี	美好的	机翻	0	0
สบู่เหลว	液体肥皂	机翻	0	0
สไบ	窗扇	机翻	0	0
สไบเฉียง	斜腰带	机翻	0	0
สปริง	春天	机翻	0	0
สปอร์	孢子	机翻	0	0
สปอร์ต	运动型	机翻	0	0
สปา	温泉	机翻	0	0
สปาเกตตี	意大利细面条	机翻	0	0
สปาย	间谍	机翻	0	0
สปิริต	精神	机翻	0	0
สปีชีส์	物种	机翻	0	0
สปุตนิก	人造卫星	机翻	0	0
สเปกตรัม	光谱	机翻	0	0
สเปค	规格	机翻	0	0
สเปน	西班牙	机翻	0	0
สเปรย์	喷	机翻	0	0
สเปอร์ม	精子	机翻	0	0
สเปิร์ม	精子	机翻	0	0
สผ	SP	机翻	0	0
สพร	斯波恩	机翻	0	0
สฟิงซ์	狮身人面像	机翻	0	0
สภา	理事会	机翻	0	0
สภากาชาด	红十字会	机翻	0	0
สภากาแฟ	咖啡馆	机翻	0	0
สภาจาร	秘书处理事会	机翻	0	0
สภานายก	主席	机翻	0	0
สภาบดี	理事会	机翻	0	0
สภาล่าง	下议院	机翻	0	0
สภาวะ	状态	机翻	0	0
สภาสูง	上议院	机翻	0	0
สมกัน	兼容的	机翻	0	0
สมการ	方程	机翻	0	0
ส้มกุ่ย	橙奎	机翻	0	0
สมคบ	阴谋	机翻	0	0
สมคบคิด	阴谋	机翻	0	0
สมควร	合适的	机翻	0	0
สมจริง	现实地	机翻	0	0
ส้มจี๊ด	索姆吉德	机翻	0	0
สมใจ	使满意	机翻	0	0
สมใจคิด	如你所愿	机翻	0	0
สมใจนึก	满意	机翻	0	0
สมใจอยาก	满足你的愿望	机翻	0	0
สมชาย	颂猜	机翻	0	0
ส้มเช้ง	郑颂	机翻	0	0
สมญา	标题	机翻	0	0
สมญานาม	代号	机翻	0	0
สมฐานะ	适合身份	机翻	0	0
สมณ	僧	机翻	0	0
สมณเจ้า	僧	机翻	0	0
สมณเพศ	牧师	机翻	0	0
สมณมนตรี	牧师	机翻	0	0
สมณสารูป	僧	机翻	0	0
สมณะ	僧	机翻	0	0
สมณะทบวง	文书办公室	机翻	0	0
สมดุลย์	平衡	机翻	0	0
สมเดจ์	颂德	机翻	0	0
สมเด็จ	陛下	机翻	0	0
สมตน	认为	机翻	0	0
สมตัว	合适的	机翻	0	0
สมถะ	明明白白地	机翻	0	0
สมทบ	联系	机翻	0	0
สมทบทุน	资金贡献	机翻	0	0
สมทรง	索蒙	机翻	0	0
สมนัย	对应	机翻	0	0
สมนาคุณ	报酬	机翻	0	0
สมบัติ	财产	机翻	0	0
สมบุญ	优点	机翻	0	0
สมบูรณ	完美的	机翻	0	0
สมประกอบ	完好无损的	机翻	0	0
สมประดี	失去知觉	机翻	0	0
สมปฤดี	桑普鲁迪	机翻	0	0
ส้มป่อย	松波伊	机翻	0	0
สมพรปาก	愿事情如你所说！	机翻	0	0
สมเพช	遗憾	机翻	0	0
ส้มฟัก	酸鱼酒酿	机翻	0	0
สมภพ	出生	机翻	0	0
สมภาพ	合适的	机翻	0	0
สมภาร	方丈	机翻	0	0
สมโภช	庆祝	机翻	0	0
สมมต	如果	机翻	0	0
สมมาตร	对称	机翻	0	0
สมมุติ	认为	机翻	0	0
สมมูล	相等的	机翻	0	0
สมยอม	纵容	机翻	0	0
สมรภูมิ	战场	机翻	0	0
สมรรถ	有能力的	机翻	0	0
สมรรถภาพ	容量	机翻	0	0
สมราคา	值得这个价格	机翻	0	0
สมรู้	同案犯	机翻	0	0
สมฤดี	意识	机翻	0	0
สมวัย	适当地	机翻	0	0
สมส่วน	苗条的	机翻	0	0
สมสู่	意识	机翻	0	0
สมเสร็จ	貘	机翻	0	0
สมหมาย	索马伊	机翻	0	0
ส้มหล่น	橙色滴	机翻	0	0
สมอ	锚	机翻	0	0
สมองกล	机械大脑	机翻	0	0
สมองตาย	脑死亡	机翻	0	0
สมองทึบ	脑雾	机翻	0	0
สมองฝ่อ	脑雾	机翻	0	0
สมองใส	清晰的大脑	机翻	0	0
สมองไหล	人才流失	机翻	0	0
สมอจีน	中国主播	机翻	0	0
สมอพิเภก	锚	机翻	0	0
สมอเรือ	锚	机翻	0	0
ส้มโอ	柚	机翻	0	0
สมัครงาน	申请工作	机翻	0	0
สมัชชา	集会	机翻	0	0
สมัน	太好了	机翻	0	0
สมัย	时期	机翻	0	0
สมัยกรีก	希腊时期	机翻	0	0
สมัยกลาง	中世纪	机翻	0	0
สมัยก่อน	在过去	机翻	0	0
สมัยเก่า	旧时光	机翻	0	0
สมัยนิยม	时尚	机翻	0	0
สมัยนี้	如今	机翻	0	0
สมัยหิน	石器时代	机翻	0	0
สมัยใหม่	现代的	机翻	0	0
สมา	萨玛	机翻	0	0
สมาจาร	行为	机翻	0	0
สมาทาน	奉献	机翻	0	0
สมาน	愈合	机翻	0	0
สมานแผล	伤口愈合	机翻	0	0
สมาพันธ์	联盟	机翻	0	0
สมาร์ท	聪明的	机翻	0	0
สมาส	大量的	机翻	0	0
สมิง	三明	机翻	0	0
สมี	萨米	机翻	0	0
สมุดข่อย	科伊书	机翻	0	0
สมุดฉีก	笔记本	机翻	0	0
สมุดไทย	泰文书	机翻	0	0
สมุดพก	钱包	机翻	0	0
สมุดภาพ	照片书	机翻	0	0
สมุทร	海洋	机翻	0	0
สมุทัย	原因	机翻	0	0
สมุน	奴才	机翻	0	0
สมุห	平民	机翻	0	0
สมุหนาม	集体名词	机翻	0	0
สโมสร	俱乐部	机翻	0	0
สยง	可怕	机翻	0	0
สยดสยอง	可怕	机翻	0	0
สยบ	击败	机翻	0	0
สยอง	可怕	机翻	0	0
สยองขวัญ	恐怖	机翻	0	0
สยาม	暹	机翻	0	0
สยาย	解开	机翻	0	0
สยิว	性感	机翻	0	0
สรง	沐浴	机翻	0	0
สรงน้ำ	沐浴	机翻	0	0
สรณังกร	沙拉南功	机翻	0	0
สรท	内容	机翻	0	0
สรทะ	萨莎	机翻	0	0
สรภัญญะ	萨拉帕尼亚	机翻	0	0
สรรค์	有创造力的	机翻	0	0
สรรพ	全部	机翻	0	0
สรรพ์	所有的事情	机翻	0	0
สรรพคุณ	特性	机翻	0	0
สรรพนาม	代词	机翻	0	0
สรรพสิ่ง	事物	机翻	0	0
สรรพากร	收入	机翻	0	0
สรรพางค์	全身	机翻	0	0
สรรพาวุธ	武器	机翻	0	0
สรรเสริญ	称赞	机翻	0	0
สรวง	崇拜	机翻	0	0
สรวล	笑	机翻	0	0
สรเสริญ	萨兰·塞伦	机翻	0	0
สร้อย	项链	机翻	0	0
สระแก้ว	沙缴	机翻	0	0
สระน้ำ	池塘	机翻	0	0
สระบุรี	北标府	机翻	0	0
สระประสม	复合元音	机翻	0	0
สระผม	洗头发	机翻	0	0
สระผสม	混合元音	机翻	0	0
สระลดรูป	缩元音	机翻	0	0
สระอะ	一个泳池	机翻	0	0
สระเอ	元音A	机翻	0	0
สรั่ง	考克斯	机翻	0	0
สร่าง	恢复	机翻	0	0
สร่างไข้	退烧吧	机翻	0	0
สร้างงาน	创建工作	机翻	0	0
สร้างตัว	打造你自己	机翻	0	0
สร้างภาพ	创建图像	机翻	0	0
สรีระ	身体	机翻	0	0
สรีสฤบ	斯里萨鲁布	机翻	0	0
สรุปผล	结果总结	机翻	0	0
สโรชะ	萨罗查	机翻	0	0
สโรชา	萨罗查	机翻	0	0
สฤคาล	萨鲁卡尔	机翻	0	0
สลด	伤心	机翻	0	0
สลดใจ	伤心	机翻	0	0
สลน	乐趣	机翻	0	0
สลบ	昏倒了	机翻	0	0
สลบไสล	头晕的	机翻	0	0
สลวย	光滑	机翻	0	0
สลอด	巴豆	机翻	0	0
สลอธ	树懒	机翻	0	0
สลอน	丰富	机翻	0	0
สละ	放弃	机翻	0	0
สละเวลา	慢慢来	机翻	0	0
สละสลวย	精制	机翻	0	0
สลัก	闩锁	机翻	0	0
สลักหลัง	赞同	机翻	0	0
สลังงอร์	雪兰莪州	机翻	0	0
สลัดทิ้ง	甩掉它	机翻	0	0
สลับ	备用	机翻	0	0
สลับฉาก	插曲	机翻	0	0
สลับสี	交替颜色	机翻	0	0
สลัม	贫民窟	机翻	0	0
สลัว	暗淡	机翻	0	0
สลาก	很多	机翻	0	0
สลาฟ	斯拉夫	机翻	0	0
สลาย	崩溃	机翻	0	0
สลายตัว	衰变	机翻	0	0
สลิป	滑	机翻	0	0
สลิ่ม	楔	机翻	0	0
สลึง	一毛钱	机翻	0	0
สลุต	致敬	机翻	0	0
สลุบ	单桅帆船	机翻	0	0
สแลง	俚语	机翻	0	0
สโลแกน	口号	机翻	0	0
สโลธ	树懒	机翻	0	0
สไลด์	滑动	机翻	0	0
สวดมนต์	祈祷	机翻	0	0
สวนกระแส	逆潮流而行	机翻	0	0
ส่วนกลาง	中央	机翻	0	0
ส่วนกุศล	慈善事业	机翻	0	0
สวนเกษตร	农业花园	机翻	0	0
ส่วนเกิน	过量的	机翻	0	0
สวนครัว	厨房花园	机翻	0	0
ส่วนโค้ง	弧	机翻	0	0
ส่วนงาน	分配	机翻	0	0
สวนงู	蛇园	机翻	0	0
ส่วนต่อ	扩大	机翻	0	0
สวนตอบ	苏安回复了	机翻	0	0
สวนทาง	在相反的方向	机翻	0	0
สวนนก	飞禽公园	机翻	0	0
ส่วนนอก	外部	机翻	0	0
ส่วนน้อย	小部分	机翻	0	0
สวนน้ำ	水上乐园	机翻	0	0
ส่วนบุญ	部分功绩	机翻	0	0
ส่วนแบ่ง	分享	机翻	0	0
สวนป่า	森林花园	机翻	0	0
สวนผสม	混合花园	机翻	0	0
ส่วนผสม	成分	机翻	0	0
สวนผัก	菜园	机翻	0	0
ส่วนย่อย	细分	机翻	0	0
สวนยาง	橡胶种植园	机翻	0	0
ส่วนรอง	次要部分	机翻	0	0
ส่วนล่าง	下部	机翻	0	0
ส่วนลึก	深的	机翻	0	0
สวนสนาม	游行	机翻	0	0
สวนสนุก	主题公园	机翻	0	0
ส่วนสัด	作品	机翻	0	0
ส่วนหน้า	前部	机翻	0	0
สวนหย่อม	花园	机翻	0	0
ส่วนหลัง	后部	机翻	0	0
ส่วนหัว	标头	机翻	0	0
สวนอาหาร	食品花园	机翻	0	0
สวมกอด	拥抱	机翻	0	0
สวมเขา	穿他	机翻	0	0
ส้วมซึม	化粪池	机翻	0	0
สวมบทบาท	角色扮演	机翻	0	0
สวมมงกุฎ	戴上皇冠	机翻	0	0
สวมมงคล	穿上吉祥的衣服	机翻	0	0
สวมรอย	欺骗	机翻	0	0
สวมใส่	穿	机翻	0	0
สวยงาม	美丽的	机翻	0	0
สวยหรู	美丽的	机翻	0	0
สวรรค์	天堂	机翻	0	0
สวรรคต	死了	机翻	0	0
สวรรคบดี	天堂	机翻	0	0
สวะ	垃圾	机翻	0	0
สวะสังคม	社会垃圾	机翻	0	0
สวัสดิ์	你好	机翻	0	0
สวัสติกะ	卍	机翻	0	0
สว่าง	明亮的	机翻	0	0
สว่างจ้า	明亮的	机翻	0	0
สว่างไสว	明亮的	机翻	0	0
สวาด	扫	机翻	0	0
สวาดิ	早上好	机翻	0	0
สวาท	可爱	机翻	0	0
สว่าน	钻头	机翻	0	0
สวาปาม	狼	机翻	0	0
สวามี	斯瓦米	机翻	0	0
สวาย	斯瓦伊	机翻	0	0
สวิง	网	机翻	0	0
สวิงกิ้ง	摇摆	机翻	0	0
สวิตซ์	转变	机翻	0	0
สวิส	瑞士人	机翻	0	0
สวีดัด	瑞典	机翻	0	0
สวีเดน	瑞典	机翻	0	0
สสาร	事情	机翻	0	0
สสารมืด	暗物质	机翻	0	0
สห	团结的	机翻	0	0
สหการ	萨哈卡恩	机翻	0	0
สหชาติ	胎盘	机翻	0	0
สหบาทา	萨哈巴塔	机翻	0	0
สหพัน	联邦	机翻	0	0
สหพันธ์	联邦	机翻	0	0
สหรัฐ	美国	机翻	0	0
สหรัฐฯ	美国	机翻	0	0
สหศึกษา	男女同校	机翻	0	0
สหัส	萨哈斯	机翻	0	0
สหัสวรรษ	千年	机翻	0	0
สหาย	伴侣	机翻	0	0
ส่อเค้า	隐含的	机翻	0	0
สองใจ	两颗心	机翻	0	0
สองแถว	两排	机翻	0	0
สองเท่า	双倍的	机翻	0	0
สองฤดู	两个季节	机翻	0	0
สองสาม	二三	机翻	0	0
ส่องแสง	闪耀	机翻	0	0
สอดแทรก	插	机翻	0	0
สอดแนม	间谍	机翻	0	0
สอดรู้	撬	机翻	0	0
สอดส่อง	间谍	机翻	0	0
สอดส่าย	间谍	机翻	0	0
สอดเสือก	多管闲事	机翻	0	0
สอดใส่	注入	机翻	0	0
สอดไส้	东西	机翻	0	0
สอนใจ	教导心	机翻	0	0
สอนพิเศษ	家教	机翻	0	0
สอนสั่ง	教导与命令	机翻	0	0
สอบค้น	搜索	机翻	0	0
สอบซ่อม	重考	机翻	0	0
สอบตก	考试失败	机翻	0	0
สอบปากคำ	审问	机翻	0	0
สอบไล่	期末考试	机翻	0	0
สอพลอ	油滑的	机翻	0	0
ส่อพิรุธ	看起来很可疑	机翻	0	0
ส่อแวว	出现迹象	机翻	0	0
ส่อเสียด	偷偷摸摸的	机翻	0	0
ส่อแสดง	展示	机翻	0	0
สะกด	拼写	机翻	0	0
สะกดจิต	催眠	机翻	0	0
สะกดใจ	催眠	机翻	0	0
สะกดทัพ	拼出一支军队	机翻	0	0
สะกดรอย	跟踪	机翻	0	0
สะกิด	惹	机翻	0	0
สะเก็ด	碎片	机翻	0	0
สะใจ	满足	机翻	0	0
สะดึง	框架	机翻	0	0
สะดือ	脐	机翻	0	0
สะดุ้ง	退缩	机翻	0	0
สะดุด	绊倒	机翻	0	0
สะดุดใจ	提醒	机翻	0	0
สะดุดตา	引人注目的	机翻	0	0
สะเด็ด	流走	机翻	0	0
สะเดา	印楝	机翻	0	0
สะเดาะ	挑选	机翻	0	0
สะตอ	鳄鱼	机翻	0	0
สะเต๊ะ	沙爹	机翻	0	0
สะท้าน	大力	机翻	0	0
สะเทิ้น	被摧毁的	机翻	0	0
สะเทือน	地震	机翻	0	0
สะบัด	轻弹	机翻	0	0
สะบั้น	疯狂地	机翻	0	0
สะบ้า	髌骨	机翻	0	0
สะบาโต	安息日	机翻	0	0
สะพรั่ง	盛开	机翻	0	0
สะพัง	毁了	机翻	0	0
สะพัด	广泛	机翻	0	0
สะพานปลา	码头	机翻	0	0
สะพานไฟ	光桥	机翻	0	0
สะพานไม้	木桥	机翻	0	0
สะพานลอย	立交桥	机翻	0	0
สะพาย	吊带	机翻	0	0
สะเพร่า	疏忽	机翻	0	0
สะโพน	萨芬	机翻	0	0
สะใภ้	媳妇	机翻	0	0
สะระแหน่	薄荷	机翻	0	0
สะสวย	没事	机翻	0	0
สะสาง	清理	机翻	0	0
สะเหล่อ	马虎	机翻	0	0
สะอึก	打嗝	机翻	0	0
สะอื้น	抱怨	机翻	0	0
สะเอว	腰部	机翻	0	0
สะเออะ	无礼的	机翻	0	0
สักกะ	一阵子	机翻	0	0
สักการะ	崇拜	机翻	0	0
สักขี	目击者	机翻	0	0
สักครั้ง	就一次	机翻	0	0
สักครู่	一会儿	机翻	0	0
สักที	就一次	机翻	0	0
สักนิด	只要一点点	机翻	0	0
สักพัก	一阵子	机翻	0	0
สักวัน	有一天	机翻	0	0
สักวา	有一段时间	机翻	0	0
สักหน่อย	一点点	机翻	0	0
สักหลาด	绒布	机翻	0	0
สังกะตัง	无光泽的	机翻	0	0
สังกะสี	锌	机翻	0	0
สังกัด	联系	机翻	0	0
สั่งการ	发号施令	机翻	0	0
สังข	僧伽	机翻	0	0
สังข์	海螺壳	机翻	0	0
สังขยา	蒸蛋奶冻	机翻	0	0
สั่งของ	命令	机翻	0	0
สังขาร	身体	机翻	0	0
สังเขป	简要地	机翻	0	0
สังค์	桑	机翻	0	0
สังคัง	桑康	机翻	0	0
สังคายนา	整理	机翻	0	0
สังคีต	音乐会	机翻	0	0
สังเค็ด	银团	机翻	0	0
สังฆกรรม	僧伽	机翻	0	0
สังฆทาน	僧伽达那	机翻	0	0
สังฆนายก	圣公会	机翻	0	0
สังฆเภท	佛教僧侣之间的分裂	机翻	0	0
สังฆราช	教皇	机翻	0	0
สังฆาวาส	修道院	机翻	0	0
สั่งงาน	订单工作	机翻	0	0
สั่งจอง	立即订购	机翻	0	0
สั่งจ่าย	下单付款	机翻	0	0
สั่งตัด	定制	机翻	0	0
สั่งทำ	定制	机翻	0	0
สั่งย้ำ	重复该顺序	机翻	0	0
สั่งลา	告别	机翻	0	0
สังวาล	桑湾	机翻	0	0
สังวาส	他妈的	机翻	0	0
สังเวช	悲惨的	机翻	0	0
สังเวย	牺牲	机翻	0	0
สังเวียน	竞技场	机翻	0	0
สังสนทนา	讲话	机翻	0	0
สั่งสม	积累	机翻	0	0
สังสรรค์	社交	机翻	0	0
สั่งสอน	教	机翻	0	0
สั่งเสีย	命令	机翻	0	0
สังหรณ์	预感	机翻	0	0
สั่งห้าม	禁止	机翻	0	0
สังหาร	杀	机翻	0	0
สัจจะ	誓言	机翻	0	0
สัจธรรม	真相	机翻	0	0
สัจนิยม	现实主义	机翻	0	0
สัจพจน์	公理	机翻	0	0
สัญจร	旅行	机翻	0	0
สัญญานไฟ	火警信号	机翻	0	0
สัณฐาน	配置	机翻	0	0
สัณฑ์	桑	机翻	0	0
สัตตบรรณ	莲花	机翻	0	0
สัตบุรุษ	好人	机翻	0	0
สัตย์	诚实	机翻	0	0
สัตยาบัน	批准	机翻	0	0
สัตว	动物	机翻	0	0
สัตว์นรก	地狱兽	机翻	0	0
สัตว์น้ำ	水生动物	机翻	0	0
สัตว์บก	陆地动物	机翻	0	0
สัตวบาล	畜牧业	机翻	0	0
สัตว์ปีก	家禽	机翻	0	0
สัตว์โลก	动物世界	机翻	0	0
สัทวิทยา	音韵学	机翻	0	0
สัทอักษร	拼音字母	机翻	0	0
สันเขา	岭	机翻	0	0
สั่นคลอน	摇摇欲坠	机翻	0	0
สันจมูก	鼻梁	机翻	0	0
สันดร	土地	机翻	0	0
สันดอน	三角洲	机翻	0	0
สันดาน	特征	机翻	0	0
สันดาบ	剑的脊椎	机翻	0	0
สันดาป	燃烧	机翻	0	0
สันดาร	自然	机翻	0	0
สันดาล	自然	机翻	0	0
สันโดษ	超然的	机翻	0	0
สันตาลี	桑塔利	机翻	0	0
สันติบาล	特别分行	机翻	0	0
สันติสุข	和平	机翻	0	0
สันทัด	卓越	机翻	0	0
สั่นเทา	发抖	机翻	0	0
สันธาน	连词	机翻	0	0
สันนิบาต	联盟	机翻	0	0
สันสกฤต	梵文	机翻	0	0
สันหลัง	鞍	机翻	0	0
สั่นหัว	摇头	机翻	0	0
สับไก	扣动扳机	机翻	0	0
สับตัว	随机播放	机翻	0	0
สับปลับ	不可靠的	机翻	0	0
สับไพ่	洗牌	机翻	0	0
สับราง	随机播放	机翻	0	0
สับหลีก	错开	机翻	0	0
สัปคับ	豪达	机翻	0	0
สัปดน	庸俗	机翻	0	0
สัปดศก	周末	机翻	0	0
สัปตศก	萨普塔萨克	机翻	0	0
สัปทน	每周	机翻	0	0
สัปปะ	菠萝	机翻	0	0
สัปเยก	悲惨的	机翻	0	0
สัปเยกต์	致敬	机翻	0	0
สัปหงก	点头	机翻	0	0
สัปเหร่อ	承办人	机翻	0	0
สัพพัญญู	无所不知	机翻	0	0
สัพยอก	非难	机翻	0	0
สัพเยก	各种各样的	机翻	0	0
สัมทับ	萨姆塔布	机翻	0	0
สัมนา	研讨会	机翻	0	0
สัมบูรณ์	绝对	机翻	0	0
สัมปทาน	让步	机翻	0	0
สัมผัส	触碰	机翻	0	0
สัมผัสใน	触摸	机翻	0	0
สัมพจนัย	解释	机翻	0	0
สัมพัทธ์	相对地	机翻	0	0
สัมภเวสี	圣餐	机翻	0	0
สัมมาชีพ	诚实的生活	机翻	0	0
สัมมาสติ	正念	机翻	0	0
สัมฤทธิ์	青铜	机翻	0	0
สัสดี	招聘官员	机翻	0	0
สากล	国际的	机翻	0	0
สากลนิยม	普遍主义	机翻	0	0
สากลโลก	全世界	机翻	0	0
สาเก	面包果	机翻	0	0
สาแก่ใจ	使满意	机翻	0	0
ส่าไข้	唇疱疹	机翻	0	0
สาคร	沙空	机翻	0	0
สาคเรศ	萨哈雷什	机翻	0	0
สางห่า	真是一团糟！	机翻	0	0
สาใจ	使满意	机翻	0	0
สาดโคลน	污渍	机翻	0	0
สาดส่อง	闪耀	机翻	0	0
สาโท	麦芽汁	机翻	0	0
สาธารณ	民众	机翻	0	0
สาธารณ์	可鄙	机翻	0	0
สาธารณชน	民众	机翻	0	0
สาธิต	示范	机翻	0	0
สาธุ	阿门	机翻	0	0
สาธุการ	阿门	机翻	0	0
สาธุชน	正义的人	机翻	0	0
สานต่อ	继续	机翻	0	0
สาบสูญ	丢失的	机翻	0	0
สาบาน	发誓	机翻	0	0
สาปแช่ง	被诅咒的	机翻	0	0
สาปส่ง	被诅咒的	机翻	0	0
สาปสูญ	被诅咒的	机翻	0	0
สามเกลอ	三个朋友	机翻	0	0
สามง่าม	叉	机翻	0	0
สามเณร	新手	机翻	0	0
สามล้อ	三轮车	机翻	0	0
สามสิบหก	三十六	机翻	0	0
สามเส้า	三角形的	机翻	0	0
สามหาว	不择手段	机翻	0	0
สามัญ	普通的	机翻	0	0
สามัญชน	平民	机翻	0	0
สามัญนาม	通用名	机翻	0	0
สามานย์	邪恶	机翻	0	0
สายกลาง	中线	机翻	0	0
สายงาน	工作线	机翻	0	0
สายชู	表带	机翻	0	0
สายโซ่	链	机翻	0	0
สายด่วน	热线	机翻	0	0
สายดิน	地线	机翻	0	0
สายดือ	脐带	机翻	0	0
สายตรวจ	巡逻	机翻	0	0
สายตะพาย	水牛鼻子里的绳子	机翻	0	0
สายตัว	身体线条	机翻	0	0
สายตา	视线	机翻	0	0
ส่ายตา	摇晃你的眼睛	机翻	0	0
ส่ายตาดู	摇晃你的眼睛	机翻	0	0
สายตายาว	远视	机翻	0	0
สายธาร	溪流	机翻	0	0
สายน้ำ	河	机翻	0	0
สายบัว	莲花茎	机翻	0	0
สายเบ็ด	钓鱼线	机翻	0	0
สายเบรก	刹车线	机翻	0	0
สายป่าน	亚麻布	机翻	0	0
สายเปย์	支付线	机翻	0	0
สายฝน	雨	机翻	0	0
สายพาน	腰带	机翻	0	0
สายฟ้า	雷	机翻	0	0
สายไฟฟ้า	电线	机翻	0	0
สายยาง	软管	机翻	0	0
สายยู	U线	机翻	0	0
สายระยาง	停留	机翻	0	0
สายระโยง	停留	机翻	0	0
สายรุ้ง	彩虹	机翻	0	0
สายลับ	秘密	机翻	0	0
สายเลือด	谱系	机翻	0	0
สายโลหิต	血统	机翻	0	0
สายวัด	卷尺	机翻	0	0
สายสกุล	家族血统	机翻	0	0
สายส่ง	传输线	机翻	0	0
สายสมร	女士	机翻	0	0
สายสร้อย	链	机翻	0	0
สายสวาท	亲爱的	机翻	0	0
สายสะดือ	脐带	机翻	0	0
สายสะพาย	窗扇	机翻	0	0
สายสืบ	间谍	机翻	0	0
ส่ายหน้า	摇头	机翻	0	0
สายเหนือ	北线	机翻	0	0
สายไหม	棉花糖	机翻	0	0
สายอากาศ	天线	机翻	0	0
สายเอก	第一个字符串	机翻	0	0
สายัณห์	晚上	机翻	0	0
สายา	萨亚	机翻	0	0
สารขัณฑ์	撒拉坎德邦	机翻	0	0
สารตรา	乐器	机翻	0	0
สารถี	战车御者	机翻	0	0
สารท	物质	机翻	0	0
สารทิศ	所有方面	机翻	0	0
สารนิเทศ	信息	机翻	0	0
สารบบ	目录	机翻	0	0
สารบรรณ	一致	机翻	0	0
สารบัญ	内容清单	机翻	0	0
สารบาญ	目录	机翻	0	0
สารบาญชี	征兵	机翻	0	0
สารพัด	各种各样的	机翻	0	0
สารพัน	什锦	机翻	0	0
สารพางค์	身体作为一个整体	机翻	0	0
สารพิษ	毒素	机翻	0	0
สารภี	沙拉披	机翻	0	0
สารระเหย	挥发性物质	机翻	0	0
สารรูป	物质形态	机翻	0	0
สารละลาย	解决方案	机翻	0	0
สารเลว	恶棍	机翻	0	0
สารวัด	测定物质	机翻	0	0
สารวัตร	督察	机翻	0	0
สารสนเทศ	信息	机翻	0	0
สารส้ม	明矾	机翻	0	0
สารหนู	砷	机翻	0	0
สาระแน	篡改	机翻	0	0
สาระวอน	赢的内容	机翻	0	0
สารัตถะ	本质	机翻	0	0
สาโรช	萨罗杰	机翻	0	0
สาละวน	独占	机翻	0	0
สาลินี	萨利尼	机翻	0	0
สาลี	小麦	机翻	0	0
สาลี่	手推车	机翻	0	0
สาวก	弟子	机翻	0	0
สาวก้าว	行进	机翻	0	0
สาวแก่	老处女	机翻	0	0
สาวคนรัก	女孩情人	机翻	0	0
สาวงาม	美丽的女人	机翻	0	0
สาวใช้	女佣	机翻	0	0
สาวด้าย	线程女孩	机翻	0	0
สาวดุ้น	扶他成	机翻	0	0
สาวเท้า	跨步	机翻	0	0
สาวน้อย	小女孩	机翻	0	0
สาวรุ่น	十几岁的女孩	机翻	0	0
สาวแว่น	戴眼镜的女孩	机翻	0	0
สาวแส้	姑娘	机翻	0	0
สาวไส้	赛姑娘	机翻	0	0
สาวเหนือ	北方姑娘	机翻	0	0
สาวิกา	女孩	机翻	0	0
สาสน์	信息	机翻	0	0
สาสม	充分地	机翻	0	0
สาสมใจ	我很满意	机翻	0	0
สาหร่าย	海藻	机翻	0	0
ส่าหรี	纱丽	机翻	0	0
สาหัส	严肃的	机翻	0	0
สาฬุระ	萨鲁拉	机翻	0	0
สำแดง	显现	机翻	0	0
สำทับ	迭代	机翻	0	0
สำนึก	感觉	机翻	0	0
สำนึกตัว	请注意	机翻	0	0
สำนึกผิด	悔改	机翻	0	0
สำปะหลัง	木薯	机翻	0	0
สำเภา	垃圾	机翻	0	0
สำมะโน	人口普查	机翻	0	0
สำรวจหา	探索	机翻	0	0
สำรวมใจ	撰写	机翻	0	0
สำรวย	花花公子	机翻	0	0
สำรวล	傻笑	机翻	0	0
สำรอก	呕吐	机翻	0	0
สำรอง	预订	机翻	0	0
สำรับ	甲板	机翻	0	0
สำราก	射精	机翻	0	0
สำราญ	兴高采烈地	机翻	0	0
สำราญใจ	乐趣	机翻	0	0
สำริด	青铜	机翻	0	0
สำเร็จผล	成功的	机翻	0	0
สำเริง	兴奋	机翻	0	0
สำลัก	窒息	机翻	0	0
สำลี	棉布	机翻	0	0
สำแลง	有损健康的东西	机翻	0	0
สำส่อน	淫乱	机翻	0	0
ส่ำเสีย	损害	机翻	0	0
สำหรับ	为了	机翻	0	0
สำเหนียก	感知	机翻	0	0
สำออย	破坏	机翻	0	0
สำอาง	英俊的	机翻	0	0
สิกขา	美德	机翻	0	0
สิกขิม	锡金	机翻	0	0
สิขร	顶峰	机翻	0	0
สิขี	锡克希语	机翻	0	0
สิคาล	西卡尔	机翻	0	0
สิ่งของ	事物	机翻	0	0
สิงคโปร์	新加坡	机翻	0	0
สิงคาร	八月	机翻	0	0
สิงคาล	辛格哈尔	机翻	0	0
สิ่งใด	什么？	机翻	0	0
สิ่งทอ	纺织品	机翻	0	0
สิ่งร้าย	邪恶的	机翻	0	0
สิ่งเร้า	刺激	机翻	0	0
สิงสถิต	居住	机翻	0	0
สิงสู่	出没	机翻	0	0
สิงห	辛哈	机翻	0	0
สิงห์	狮子座	机翻	0	0
สิงหนาท	战斗呐喊	机翻	0	0
สิงหราช	狮子王	机翻	0	0
สิงหา	八月	机翻	0	0
สิ่งใหม่	新东西	机翻	0	0
สิตะ	西塔	机翻	0	0
สิถิล	西希尔	机翻	0	0
สิทธัตถ	悉达多	机翻	0	0
สิทธัตถะ	悉达多	机翻	0	0
สิทธิ์	正确的	机翻	0	0
สิ้นคิด	绝望的	机翻	0	0
สินจ้าง	支付	机翻	0	0
สิ้นใจ	死	机翻	0	0
สิ้นชีพ	死了	机翻	0	0
สิ้นเชิง	斯塔克	机翻	0	0
สินใช้	资产	机翻	0	0
สิ้นซาก	被毁	机翻	0	0
สิ้นดี	一切都结束了	机翻	0	0
สินเดิม	原始资产	机翻	0	0
สิ้นแต้ม	结束点	机翻	0	0
สิ้นท่า	无力	机翻	0	0
สินธี	信德语	机翻	0	0
สินธุ	辛杜	机翻	0	0
สินธุ์	辛杜	机翻	0	0
สินเธาว์	岩盐	机翻	0	0
สินน้ำใจ	报酬	机翻	0	0
สินบน	贿赂	机翻	0	0
สิ้นบุญ	发牢骚	机翻	0	0
สิ้นปี	年底	机翻	0	0
สินแร่	矿石	机翻	0	0
สิ้นแรง	筋疲力尽的	机翻	0	0
สิ้นไร้	贫困	机翻	0	0
สิ้นลม	不复存在的	机翻	0	0
สิ้นสติ	无意识	机翻	0	0
สินสมรส	夫妻财产	机翻	0	0
สิ้นสลาย	被毁	机翻	0	0
สินสอด	彩礼	机翻	0	0
สิ้นสุด	结尾	机翻	0	0
สินไหม	宣称	机翻	0	0
สิบเก้า	十九	机翻	0	0
สิบเจ็ด	十七	机翻	0	0
สิบตรี	下士	机翻	0	0
สิบโท	下士	机翻	0	0
สิบแปด	十八	机翻	0	0
สิบสอง	十二	机翻	0	0
สิบสาม	十三	机翻	0	0
สิบสี่	十四	机翻	0	0
สิบหก	十六	机翻	0	0
สิบห้า	十五	机翻	0	0
สิบเอก	军士长	机翻	0	0
สิมิลัน	斯米兰	机翻	0	0
สิริ	手提包	机翻	0	0
สิริมงคล	吉祥如意	机翻	0	0
สิวหัวดำ	黑头	机翻	0	0
สีกา	乌鸦	机翻	0	0
สีข้าง	侧翼	机翻	0	0
สีเข้ม	深色	机翻	0	0
สีฉูดฉาด	华丽的色彩	机翻	0	0
สีชอล์ก	粉笔漆	机翻	0	0
สีชอล์ค	粉笔漆	机翻	0	0
สีชา	茶色	机翻	0	0
สีซอ	斯索	机翻	0	0
สีซีด	颜色苍白	机翻	0	0
สีตก	变色	机翻	0	0
สีตา	眼睛颜色	机翻	0	0
สีเทียน	蜡笔	机翻	0	0
สีนสอด	辛索德	机翻	0	0
สีน้ำ	水彩	机翻	0	0
สีน้ำตาล	棕色的	机翻	0	0
สีน้ำมัน	油漆	机翻	0	0
สีผม	头发颜色	机翻	0	0
สีผิว	肤色	机翻	0	0
สีผึ้ง	蜂蜜	机翻	0	0
สีฝัด	脱粒机	机翻	0	0
สีฝุ่น	粉末涂料	机翻	0	0
สีไฟ	火色	机翻	0	0
สีมา	司马	机翻	0	0
สีไม้	木色	机翻	0	0
สีย้อม	染料	机翻	0	0
สีลม	风车	机翻	0	0
สีสรร	丰富多彩的	机翻	0	0
สีสรรค์	丑角	机翻	0	0
สีสวรรค์	天堂般的色彩	机翻	0	0
สีสวาด	罗安	机翻	0	0
สีสะ	颜色	机翻	0	0
สีสัน	颜色	机翻	0	0
สี่สิบหก	四十六	机翻	0	0
สีห์	硅	机翻	0	0
สีหน้า	脸	机翻	0	0
สึกกร่อน	腐蚀	机翻	0	0
สึกหรอ	磨损	机翻	0	0
สึนามิ	海啸	机翻	0	0
สืบกันมา	遗传	机翻	0	0
สืบต่อ	继续	机翻	0	0
สืบถาม	查询	机翻	0	0
สืบพยาน	询问证人	机翻	0	0
สืบมา	调查过	机翻	0	0
สืบรู้	查出	机翻	0	0
สืบสกุล	继承家族姓氏	机翻	0	0
สืบสาน	继续	机翻	0	0
สืบสาย	继续线路	机翻	0	0
สืบสาว	调查一个女孩	机翻	0	0
สืบเสาะ	寻求	机翻	0	0
สืบหา	探明	机翻	0	0
สือ	媒体	机翻	0	0
สื่อกลาง	中等的	机翻	0	0
สื่อผสม	混合媒体	机翻	0	0
สื่อลามก	A片	机翻	0	0
สุกข์	快乐的	机翻	0	0
สุกโขใทย	泰国住棚节	机翻	0	0
สุกโขไทย	泰国住棚节	机翻	0	0
สุกงอม	成熟	机翻	0	0
สุกปลั่ง	杰出的	机翻	0	0
สุกร	猪	机翻	0	0
สุกใส	杰出的	机翻	0	0
สุกี้	寿喜烧	机翻	0	0
สุขกาย	身体健康	机翻	0	0
สุขทุกข์	幸福与痛苦	机翻	0	0
สุขภัณฑ์	卫生洁具	机翻	0	0
สุขวิทยา	卫生	机翻	0	0
สุขศาลา	疗养院	机翻	0	0
สุขศึกษา	健康教育	机翻	0	0
สุขสงบ	和平	机翻	0	0
สุขสบาย	舒服的	机翻	0	0
สุขสม	满意	机翻	0	0
สุขสันต์	快乐的	机翻	0	0
สุขา	洗手间	机翻	0	0
สุขาวดี	伊甸园	机翻	0	0
สุขี	快乐的	机翻	0	0
สุขุมวิท	素坤逸路	机翻	0	0
สุโขทย	素可泰	机翻	0	0
สุโขทัย	素可泰	机翻	0	0
สุคติ	极乐	机翻	0	0
สุคนธรส	香气	机翻	0	0
สุงสิง	挂出	机翻	0	0
สุจริตใจ	诚实的心	机翻	0	0
สุจิต	苏吉特	机翻	0	0
สุจิตรา	苏奇特拉	机翻	0	0
สุชัมบดี	苏昌巴迪	机翻	0	0
สุชาดา	苏查达	机翻	0	0
สุชาต	苏乍	机翻	0	0
สุญญากาศ	真空	机翻	0	0
สุดกำลัง	用我所有的力量	机翻	0	0
สุดกู่	很远	机翻	0	0
สุดขีด	极端	机翻	0	0
สุดคณนา	不可估量	机翻	0	0
สุดคำพูด	用我所有的话	机翻	0	0
สุดคิด	我所能想到的一切	机翻	0	0
สุดจิต	竭诚	机翻	0	0
สุดใจ	竭诚	机翻	0	0
สุดซึ้ง	很感人	机翻	0	0
สุดตัว	总而言之	机翻	0	0
สุดแต่	最好的但是	机翻	0	0
สุดถนน	路的尽头	机翻	0	0
สุดท้อง	最年轻的	机翻	0	0
สุดท้าย	最后的	机翻	0	0
สุดปัญญา	我束手无策	机翻	0	0
สุดฝีมือ	用我所有的技巧	机翻	0	0
สุดยอด	高超	机翻	0	0
สุดฤทธิ์	超强大	机翻	0	0
สุดวิสัย	不可能的	机翻	0	0
สุดสายตา	一望无际	机翻	0	0
สุดสิ้น	结束	机翻	0	0
สุดเสียง	高声	机翻	0	0
สุดหนทาง	路的尽头	机翻	0	0
สุดา	苏达	机翻	0	0
สุทธิ	网	机翻	0	0
สุธี	学者	机翻	0	0
สุนทร	顺通	机翻	0	0
สุนทรียะ	审美的	机翻	0	0
สุนัขป่า	狼	机翻	0	0
สุนีย์	苏尼	机翻	0	0
สุปรีดิ์	喜	机翻	0	0
สุพรรณ	金子	机翻	0	0
สุภา	苏帕	机翻	0	0
สุภาพชน	女士们，先生们	机翻	0	0
สุมควัน	熏	机翻	0	0
สุมทุม	衬套	机翻	0	0
สุมน	召唤	机翻	0	0
สุมนะ	让我们总结一下	机翻	0	0
สุมไฟ	生火	机翻	0	0
สุมยุง	熏	机翻	0	0
สุมหัว	有助于	机翻	0	0
สุมาตรา	苏门答腊岛	机翻	0	0
สุมิตรา	苏米特拉	机翻	0	0
สุเมธ	苏梅特	机翻	0	0
สุรคต	苏拉霍特	机翻	0	0
สุรเดช	苏拉代特	机翻	0	0
สุรทิน	苏拉廷	机翻	0	0
สุรบดี	苏拉布迪	机翻	0	0
สุรเสียง	嗓音	机翻	0	0
สุรา	烈酒	机翻	0	0
สุราบาน	喝	机翻	0	0
สุราลัย	伊甸园	机翻	0	0
สุรินทร์	苏林	机翻	0	0
สุริยการ	太阳的	机翻	0	0
สุริยกาล	白天	机翻	0	0
สุริยคติ	太阳的	机翻	0	0
สุริยน	太阳	机翻	0	0
สุริยะ	太阳的	机翻	0	0
สุริยา	苏里亚	机翻	0	0
สุรีย์	太阳	机翻	0	0
สุเรนทร์	因陀罗	机翻	0	0
สุลต่าน	苏丹	机翻	0	0
สุวรรณ	苏万	机翻	0	0
สุวาน	苏万	机翻	0	0
สุวินัย	可训练的	机翻	0	0
สุวิมล	清醒的	机翻	0	0
สุสาน	墓	机翻	0	0
สุหนัต	割礼	机翻	0	0
สุเหร่า	清真寺	机翻	0	0
สู่ขวัญ	欢迎回来	机翻	0	0
สู่ขอ	询问	机翻	0	0
สู่ขิต	下地狱	机翻	0	0
สู้คดี	打官司	机翻	0	0
สู้ความ	斗争	机翻	0	0
สูงค่า	高价值	机翻	0	0
สูงชะลูด	高的	机翻	0	0
สูงชัน	陡	机翻	0	0
สูงโปร่ง	又高又瘦	机翻	0	0
สูงระฟ้า	高大的摩天大楼	机翻	0	0
สูงลิ่ว	这么高	机翻	0	0
สูงส่ง	崇高的	机翻	0	0
สูงสุด	最大限度	机翻	0	0
สูงใหญ่	又高又大	机翻	0	0
สูงอายุ	老年	机翻	0	0
สูจิ	受伤	机翻	0	0
สูจิบัตร	程序	机翻	0	0
สูญญากาศ	真空	机翻	0	0
สูญสลาย	沦	机翻	0	0
สูญสิ้น	丢失的	机翻	0	0
สูญเสีย	失去	机翻	0	0
สูญหาย	丢失的	机翻	0	0
สูดกลิ่น	闻	机翻	0	0
สูดดม	吸入	机翻	0	0
สูตร	公式	机翻	0	0
สูตรคูณ	乘法口诀表	机翻	0	0
สูตรเคมี	化学式	机翻	0	0
สู้ตาย	战斗至死	机翻	0	0
สูติ	产科	机翻	0	0
สูติกรรม	分娩	机翻	0	0
สูติบัตร	出生证明	机翻	0	0
สู้ทน	忍受	机翻	0	0
สูบฉีด	泵	机翻	0	0
สูบน้ำ	抽水	机翻	0	0
สูบยา	吸烟毒品	机翻	0	0
สูบลม	波纹管	机翻	0	0
สูบเลือด	吸血	机翻	0	0
สู้ยิบตา	用尽全力去战斗	机翻	0	0
สู้รบ	斗争	机翻	0	0
สูรยวาร	苏里亚瓦拉	机翻	0	0
สู่รู้	知道	机翻	0	0
สู่สม	待兑现	机翻	0	0
สูสี	关闭	机翻	0	0
สู้หน้า	面对面	机翻	0	0
สู่หา	找到	机翻	0	0
เสกสรร	钻机	机翻	0	0
เสความ	有所作为	机翻	0	0
เสงี่ยม	有礼貌地	机翻	0	0
เสฉวน	四川	机翻	0	0
เสดจ์	茢	机翻	0	0
เสด็จ	来	机翻	0	0
เสโท	汗	机翻	0	0
เส้นขนาน	平行线	机翻	0	0
เส้นแข็ง	振兴	机翻	0	0
เส้นโค้ง	曲线	机翻	0	0
เสน่ง	发送	机翻	0	0
เส้นชัย	终点线	机翻	0	0
เส้นด้าย	纱	机翻	0	0
เส้นตรง	直线	机翻	0	0
เส้นตื้น	有趣	机翻	0	0
เส้นประ	虚线	机翻	0	0
เส้นใย	纤维	机翻	0	0
เส้นรุ้ง	纬度	机翻	0	0
เส้นเล็ก	细面条	机翻	0	0
เส้นแวง	经度	机翻	0	0
เส้นสาย	连接	机翻	0	0
เสน่ห์	魅力	机翻	0	0
เส้นหมี่	粉丝	机翻	0	0
เสน่หา	感情	机翻	0	0
เส้นใหญ่	缠绕	机翻	0	0
เสนอขาย	报价出售	机翻	0	0
เสนอตัว	展示你自己	机翻	0	0
เส้นเอ็น	肌腱	机翻	0	0
เสนา	塞纳	机翻	0	0
เสนาบดี	部长	机翻	0	0
เสนาะ	悠扬的	机翻	0	0
เสนียด	邪恶的	机翻	0	0
เสบียง	规定	机翻	0	0
เสพติด	令人上瘾的	机翻	0	0
เสพเมถุน	酣	机翻	0	0
เสพย์	上瘾的	机翻	0	0
เสพสุรา	饮酒	机翻	0	0
เสเพล	荒淫	机翻	0	0
เสภา	塞法	机翻	0	0
เสมหะ	痰	机翻	0	0
เสมอตัว	平等的	机翻	0	0
เสมอทุน	平等资本	机翻	0	0
เสมอนอก	总是在外面	机翻	0	0
เสมอไป	总是	机翻	0	0
เสมอมา	总是	机翻	0	0
เสมอหน้า	总是面对面	机翻	0	0
เสมา	塞玛	机翻	0	0
เสมียน	职员	机翻	0	0
เสมือน	虚拟的	机翻	0	0
เสร็จ	结束	机翻	0	0
เสร่อ	严重地	机翻	0	0
เสริม	补充	机翻	0	0
เสริมสวย	美化	机翻	0	0
เสรี	自由的	机翻	0	0
เสรีชน	自由人	机翻	0	0
เสรีไทย	免费泰语	机翻	0	0
เสรีธรรม	自由原则	机翻	0	0
เสลด	痰	机翻	0	0
เสล่อ	诱惑	机翻	0	0
เสลี่ยง	轿车	机翻	0	0
เสวก	法庭官员	机翻	0	0
เสวนา	讲话	机翻	0	0
เสวย	吃	机翻	0	0
เสวยสุข	享受	机翻	0	0
เสวียน	锅休息	机翻	0	0
เสสรวล	咯咯地笑	机翻	0	0
เสแสร้ง	假	机翻	0	0
เสาเข็ม	赌注	机翻	0	0
เสาโคม	灯柱	机翻	0	0
เสาชี้	指点杆	机翻	0	0
เสาดั้ง	国王邮报	机翻	0	0
เสาธง	旗杆	机翻	0	0
เสาไฟฟ้า	电线杆	机翻	0	0
เสาร์	周六	机翻	0	0
เสาเรือ	船桅	机翻	0	0
เสาวคนธ์	香气	机翻	0	0
เสาวธาร	香味	机翻	0	0
เสาวนี	绍瓦尼	机翻	0	0
เสาวนีย์	萨瓦尼	机翻	0	0
เสาวรส	百香果	机翻	0	0
เสาหลัก	支柱	机翻	0	0
เสาหาน	寺庙柱子	机翻	0	0
เสาอากาศ	天线	机翻	0	0
เสาเอก	主帖	机翻	0	0
เสาะด้าย	解开棉线	机翻	0	0
เสาะแสะ	脆弱的	机翻	0	0
เสาะหา	搜索	机翻	0	0
เสียกบาล	对不起	机翻	0	0
เสียกล	这是一个诡计	机翻	0	0
เสียการ	失去	机翻	0	0
เสียขวัญ	恐慌	机翻	0	0
เสียคน	失去某人	机翻	0	0
เสียงกรน	打鼾	机翻	0	0
เสียงขู่	嘶	机翻	0	0
เสียงดัง	大声	机翻	0	0
เสียงต่ำ	低声	机翻	0	0
เสียงแตก	裂缝	机翻	0	0
เสียงทอง	悠扬的声音	机翻	0	0
เสียงพูด	演讲	机翻	0	0
เสียงสวด	呻吟	机翻	0	0
เสียงหลง	尖叫	机翻	0	0
เสียงเอก	主要声音	机翻	0	0
เสียงฮา	笑声传来	机翻	0	0
เสียงาน	失去工作	机翻	0	0
เสียเงิน	浪费钱	机翻	0	0
เสียจริง	真的很糟糕	机翻	0	0
เสียจริต	发疯	机翻	0	0
เสียโฉม	毁容	机翻	0	0
เสียชื่อ	臭名昭著	机翻	0	0
เสียเชิง	完全浪费了	机翻	0	0
เสียดแทง	冲孔	机翻	0	0
เสียดใบ	把叶子戳破	机翻	0	0
เสียดฟ้า	翱翔天际	机翻	0	0
เสียดสี	讽刺的	机翻	0	0
เสียเด็ก	失去孩子	机翻	0	0
เสียตัว	失去自己	机翻	0	0
เสียแต้ม	耻辱	机翻	0	0
เสียทรง	失去形状	机翻	0	0
เสียท่า	战败	机翻	0	0
เสียที	失去它	机翻	0	0
เสียบน	输在	机翻	0	0
เสียปาก	失去你的嘴	机翻	0	0
เสียผี	失去一个鬼	机翻	0	0
เสียพนัน	赌输了	机翻	0	0
เสียภาษี	纳税	机翻	0	0
เสียภูมิ	失去你的尊严	机翻	0	0
เสียรอย	失去标记	机翻	0	0
เสียราศี	丢脸	机翻	0	0
เสียรู้	听到这个消息我很遗憾	机翻	0	0
เสียรูป	变形	机翻	0	0
เสียแรง	浪费精力	机翻	0	0
เสียวฟัน	牙齿敏感	机翻	0	0
เสียววาบ	惊险	机翻	0	0
เสียวไส้	感到惊慌	机翻	0	0
เสียเวลา	浪费时间	机翻	0	0
เสียสติ	疯狂	机翻	0	0
เสียสละ	丧失	机翻	0	0
เสียสาว	失去童贞	机翻	0	0
เสียเส้น	丢线	机翻	0	0
เสียหน้า	丢面子	机翻	0	0
เสียหลาย	失去了很多	机翻	0	0
เสือกสน	努力	机翻	0	0
เสือกไส	取代	机翻	0	0
เสื้อชุด	正装衬衫	机翻	0	0
เสือดาว	豹	机翻	0	0
เสือดำ	豹	机翻	0	0
เสื้อแดง	红衬衫	机翻	0	0
เสื้อนอก	外套	机翻	0	0
เสื้อน้ำ	水套	机翻	0	0
เสือปลา	鱼虎	机翻	0	0
เสื้อฝน	雨衣	机翻	0	0
เสื้อแสง	浅色衬衫	机翻	0	0
แสกหน้า	把你的脸分开	机翻	0	0
แสงขนาน	平行光	机翻	0	0
แสงเดือน	月光	机翻	0	0
แสงตะวัน	阳光	机翻	0	0
แสงใต้	南极光	机翻	0	0
แสงเทียน	烛光	机翻	0	0
แสงบาดตา	光线刺痛眼睛	机翻	0	0
แสงพร่า	耀眼的光芒	机翻	0	0
แสงไฟ	背光	机翻	0	0
แสงสี	彩色光	机翻	0	0
แสงเหนือ	北极光	机翻	0	0
แสงอ่อน	柔和的光线	机翻	0	0
แสดง	展示	机翻	0	0
แสดงค่า	显示价值	机翻	0	0
แสดงตน	展示你自己	机翻	0	0
แสดงนัย	暗示	机翻	0	0
แสดงนำ	带领	机翻	0	0
แสดงละคร	出演话剧	机翻	0	0
โสโครก	污秽	机翻	0	0
โสณ	声音	机翻	0	0
โสดาบัน	单身的	机翻	0	0
โสน	田菁	机翻	0	0
โสภณ	迷人的	机翻	0	0
โสภิต	索菲特	机翻	0	0
โสเภณี	妓女	机翻	0	0
โสมแดง	红参	机翻	0	0
โสมนัส	要开心	机翻	0	0
โสมม	不洁净的	机翻	0	0
โสมวาร	参	机翻	0	0
โสร่ง	纱笼	机翻	0	0
โสหุ้ย	开销	机翻	0	0
ใส่กลอน	放入一首诗	机翻	0	0
ใส่กุญแจ	挂锁	机翻	0	0
ใส่ไข่	添加鸡蛋	机翻	0	0
ใส่ความ	诽谤	机翻	0	0
ใส่ไคล้	框架	机翻	0	0
ใสแจ๋ว	清晰明了	机翻	0	0
ใส่ใจ	注意	机翻	0	0
ใส่บาตร	向僧人布施	机翻	0	0
ใส่เฝือก	戴上夹板	机翻	0	0
ใส่ไฟ	丑化	机翻	0	0
ใส่ยา	放药	机翻	0	0
ใส่รหัส	输入代码	机翻	0	0
ใส่ร้าย	诽谤	机翻	0	0
ใสศานต์	如此清晰	机翻	0	0
ไส้ไก่	线圈	机翻	0	0
ไส้แขวน	挨饿了	机翻	0	0
ไส้ดินสอ	铅笔芯	机翻	0	0
ไส้เดือน	蚯蚓	机翻	0	0
ไส้ตรง	直肠	机翻	0	0
ไส้ตัน	肠道堵塞	机翻	0	0
ไส้ติ่ง	附录	机翻	0	0
ไส้พุง	腹部	机翻	0	0
ไสยเวท	神秘主义	机翻	0	0
ไสยาสน์	睡觉	机翻	0	0
ไส้ศึก	间谍	机翻	0	0
ไส้หลอด	灯丝	机翻	0	0
ไสหัว	赶走	机翻	0	0
ไสหัวไป	克服它	机翻	0	0
ไส้แห้ง	贫困化	机翻	0	0
ไส้อั่ว	赛瓦	机翻	0	0
ห	H	机翻	0	0
หกกลับ	六回	机翻	0	0
หกคว่ำ	倾覆	机翻	0	0
หกคะเมน	拱顶	机翻	0	0
หกล้ม	落下	机翻	0	0
หกโล่	六盾	机翻	0	0
หงส์	天鹅	机翻	0	0
หงสบาท	天鹅泰铢	机翻	0	0
หงสาวดี	晚安	机翻	0	0
หงอนไก่	鸡冠	机翻	0	0
หงอยเหงา	土星	机翻	0	0
หงายท้อง	翻倒	机翻	0	0
หงายหลัง	落在你的背上	机翻	0	0
หงำเหงอะ	衰老	机翻	0	0
หงิกงอ	纠结	机翻	0	0
หญ้าทะเล	海草	机翻	0	0
หญิงสาว	年轻女子	机翻	0	0
หญิงโสด	单身女性	机翻	0	0
หดกลับ	缩回	机翻	0	0
หดหัว	缩起你的头	机翻	0	0
หดหาย	收缩	机翻	0	0
หดหู่	惨淡	机翻	0	0
หดหู่ใจ	郁闷	机翻	0	0
หทัย	心	机翻	0	0
หนวกหู	嘈杂	机翻	0	0
หนวดเครา	胡须	机翻	0	0
หนวดเสือ	虎须	机翻	0	0
หน่วยคำ	词素	机翻	0	0
หน่วยไต	肾单位	机翻	0	0
หนหน้า	下次	机翻	0	0
หนหลัง	下次	机翻	0	0
หนองคาย	廊开	机翻	0	0
หนองน้ำ	沼泽	机翻	0	0
หนองใน	淋病	机翻	0	0
หนอนน้อย	小虫子	机翻	0	0
หน่อไม้	射击	机翻	0	0
หนักข้อ	严肃地	机翻	0	0
หนักใจ	担心	机翻	0	0
หนักมือ	严厉的	机翻	0	0
หนักหนา	严重	机翻	0	0
หนักหน้า	脸上很重	机翻	0	0
หนักอก	孵化	机翻	0	0
หนักอึ้ง	重的	机翻	0	0
หนังจีน	中国电影	机翻	0	0
หนังตลก	喜剧电影	机翻	0	0
หนังตา	眼皮	机翻	0	0
หนังแท้	真皮	机翻	0	0
หนังโป๊	色情电影	机翻	0	0
หนังยาง	橡皮筋	机翻	0	0
หนังลามก	色情电影	机翻	0	0
หนังใหญ่	南艾	机翻	0	0
หน้ากีฬา	体育页面	机翻	0	0
หน้าขา	腿	机翻	0	0
หน้าแข้ง	胫	机翻	0	0
หน้าคว่ำ	强光	机翻	0	0
หน้างอ	皱眉	机翻	0	0
หน้าเง้า	皱眉	机翻	0	0
หน้าจ๋อย	苍白	机翻	0	0
หน้าจั่ว	等腰	机翻	0	0
หน้าจืด	使人难堪	机翻	0	0
หน้าซีด	苍白	机翻	0	0
หน้าด้าน	厚脸皮	机翻	0	0
หน้าเดิม	原始页面	机翻	0	0
หน้าแดง	脸红	机翻	0	0
หน้าตรง	板着脸	机翻	0	0
หน้าตัก	圈	机翻	0	0
หน้าตั้ง	脸部设定	机翻	0	0
หนาตา	塞满的	机翻	0	0
หน้าตา	外貌	机翻	0	0
หน้าตาย	面无表情	机翻	0	0
หน้าตึง	直视	机翻	0	0
หน้าตื่น	醒来的脸	机翻	0	0
หน้าตูม	芽脸	机翻	0	0
หนาเตอะ	这么厚	机翻	0	0
หน้าเตา	在炉子前面	机翻	0	0
หน้าแตก	破碎的脸	机翻	0	0
หน้าท้อง	腹部	机翻	0	0
หน้านา	稻田	机翻	0	0
หน้าเน่า	烂脸	机翻	0	0
หน้าบาง	瘦脸	机翻	0	0
หน้าบาน	宽脸	机翻	0	0
หน้าบ้าน	在房子前面	机翻	0	0
หน้าบึ้ง	皱眉	机翻	0	0
หน้าบูด	皱眉	机翻	0	0
หน้าปก	覆盖	机翻	0	0
หน้าปัด	拨号	机翻	0	0
หน้าเป็น	脸是	机翻	0	0
หน้าผาก	前额	机翻	0	0
หน้าฝน	雨季	机翻	0	0
หน้าไฟ	前灯	机翻	0	0
หนามเตย	挡板	机翻	0	0
หน้าม้า	托儿	机翻	0	0
หน้ามืด	头晕的	机翻	0	0
หน้ามุข	珍珠脸	机翻	0	0
หน้ามุ่ย	皱眉的脸	机翻	0	0
หน้าไม้	弩	机翻	0	0
หน่ายหนี	逃避	机翻	0	0
หน้าร้อน	夏天	机翻	0	0
หน้าแรก	主页	机翻	0	0
หน้าแล้ง	旱季	机翻	0	0
หนาวใจ	孤独	机翻	0	0
หนาวเย็น	寒冷的	机翻	0	0
หนาวสั่น	发冷	机翻	0	0
หน้าวัว	红掌	机翻	0	0
หน้าแว่น	眼镜前面	机翻	0	0
หน้าสลอน	瘦脸	机翻	0	0
หน้าเสีย	悲伤的脸	机翻	0	0
หน้าหนา	傲慢	机翻	0	0
หน้าหนาว	冬天	机翻	0	0
หน้าหวาน	甜甜的脸	机翻	0	0
หน้าหัก	破碎的脸	机翻	0	0
หนาหู	耳朵厚	机翻	0	0
หน้าแหก	歪脸	机翻	0	0
หน้าใหญ่	大脸	机翻	0	0
หน้าใหม่	新面孔	机翻	0	0
หน้าอัด	压脸	机翻	0	0
หนำใจ	满足	机翻	0	0
หนีงาน	逃离工作	机翻	0	0
หนีปัญหา	逃避问题	机翻	0	0
หนีภาษี	逃税	机翻	0	0
หนีรอด	逃脱	机翻	0	0
หนี้สูญ	坏账	机翻	0	0
หนี้เสีย	坏账	机翻	0	0
หนีหน้า	逃跑	机翻	0	0
หนีหนี้	逃避债务	机翻	0	0
หนีหาย	逃跑	机翻	0	0
หนึ่งออ	一奥	机翻	0	0
หนุงหนิง	农宁	机翻	0	0
หนุนหลัง	在后面	机翻	0	0
หนุ่มสาว	年轻的	机翻	0	0
หนุมาน	哈努曼	机翻	0	0
หนูตะเภา	豚鼠	机翻	0	0
หนูทดลอง	实验鼠	机翻	0	0
หนูผี	鬼鼠	机翻	0	0
หมกมุ่น	心事重重	机翻	0	0
หมกเม็ด	囤	机翻	0	0
หมกไหม้	遭受折磨	机翻	0	0
หมดเขต	过期	机翻	0	0
หมดค่า	这是毫无价值的	机翻	0	0
หมดจด	纯粹	机翻	0	0
หมดตัว	身无分文的	机翻	0	0
หมดตูด	失去了一切	机翻	0	0
หมดท่า	绝望的	机翻	0	0
หมดทาง	不碍事	机翻	0	0
หมดทางไป	不碍事	机翻	0	0
หมดทุกข์	苦难结束	机翻	0	0
หมดบุญ	死	机翻	0	0
หมดปัญญา	失去理智	机翻	0	0
หมดพยศ	别再惊慌失措了	机翻	0	0
หมดภาระ	负担消失了	机翻	0	0
หมดยุค	时代结束	机翻	0	0
หมดรูป	变形了	机翻	0	0
หมดฤทธิ์	没有效果	机翻	0	0
หมดลม	气喘吁吁	机翻	0	0
หมดวาระ	期限已满	机翻	0	0
หมดเวลา	没时间	机翻	0	0
หมดสติ	无意识	机翻	0	0
หมดสนุก	不再有乐趣	机翻	0	0
หมดสภาพ	状况不佳	机翻	0	0
หมดสมัย	过时的	机翻	0	0
หมดสัญญา	合同到期	机翻	0	0
หมดสิ้น	全部消失了	机翻	0	0
หมดหนทาง	无助	机翻	0	0
ห่มดอง	拥抱	机翻	0	0
หมดอาลัย	沮丧	机翻	0	0
หมดอำนาจ	没电了	机翻	0	0
หมดโอกาส	没有机会	机翻	0	0
หม่นหมอง	苍白	机翻	0	0
หม่นไหม้	不高兴	机翻	0	0
หมวกแจว	手柄握把	机翻	0	0
หมวดหมู่	类别	机翻	0	0
หมอความ	律师	机翻	0	0
หมองใจ	是蓝色的	机翻	0	0
หมองมัว	阴暗的	机翻	0	0
หมองหมาง	不和	机翻	0	0
หมองู	耍蛇人	机翻	0	0
หมอเฒ่า	大象的医生	机翻	0	0
หม้อดิน	陶罐	机翻	0	0
หมอดู	先知	机翻	0	0
หมอตำแย	助产士	机翻	0	0
หมอนขวาน	三角靠背枕头	机翻	0	0
หมอนข้าง	支撑垫	机翻	0	0
หมอนวด	女按摩师	机翻	0	0
หมอนอิง	靠垫	机翻	0	0
หม้อน้ำ	锅炉	机翻	0	0
หมอบคลาน	蹲伏	机翻	0	0
หมอบลง	蹲下	机翻	0	0
หม้อแปลง	变压器	机翻	0	0
หมอผี	萨满	机翻	0	0
หมอฟัน	牙医	机翻	0	0
หม้อไฟ	火锅	机翻	0	0
หม่อมฉัน	我	机翻	0	0
หมอยา	医学博士	机翻	0	0
หม้อยา	药壶	机翻	0	0
หมอลำ	莫林	机翻	0	0
หมออ้อย	大井医生	机翻	0	0
หมักดอง	腌制的	机翻	0	0
หมักบ่ม	发酵	机翻	0	0
หมักหมม	堆积	机翻	0	0
หมัดตรง	直拳	机翻	0	0
หมั่นโถว	馒头	机翻	0	0
หมั่นไส้	恼人的	机翻	0	0
หมากเก็บ	权利	机翻	0	0
หมากขาม	槟榔	机翻	0	0
หมากดิบ	生槟榔	机翻	0	0
หมากม่วง	紫槟榔	机翻	0	0
หมากรุก	棋	机翻	0	0
หมากล้อม	去	机翻	0	0
หมากสง	成熟的槟榔	机翻	0	0
หมากสุก	槟榔	机翻	0	0
หมากฮอส	跳棋	机翻	0	0
หมางใจ	不和	机翻	0	0
หมางเมิน	不和	机翻	0	0
หมาต๋า	狗	机翻	0	0
หม่านโถว	馒头	机翻	0	0
หมาใน	鬣狗	机翻	0	0
หมาบ้าน	家犬	机翻	0	0
หมาป่า	狼	机翻	0	0
หมามุ้ย	刺黧豆	机翻	0	0
หมาไม้	木狗	机翻	0	0
หมายเกาะ	岛	机翻	0	0
หมายขัง	拘留令	机翻	0	0
หมายค้น	搜查令	机翻	0	0
หมายความ	意思是	机翻	0	0
หมายจับ	逮捕证	机翻	0	0
หมายใจ	目的	机翻	0	0
หมายตัว	通缉	机翻	0	0
หมายตา	决定	机翻	0	0
หมายถึง	意思是	机翻	0	0
หมายมั่น	打算	机翻	0	0
หมายยา	医学的意义	机翻	0	0
หมายรวม	包括	机翻	0	0
หมายศาล	传票	机翻	0	0
หมายหัว	目标	机翻	0	0
หมายเหตุ	笔记	机翻	0	0
หมาวัด	寺庙狗	机翻	0	0
หมาหริ่ง	环狗	机翻	0	0
หมาหรึ่ง	半只狗	机翻	0	0
หมี่กรอบ	脆面	机翻	0	0
หมีขอ	熊问	机翻	0	0
หมีขาว	白熊	机翻	0	0
หมีคน	熊人	机翻	0	0
หมีควาย	水牛熊	机翻	0	0
หมีหมา	熊狗	机翻	0	0
หมึกสาย	线墨	机翻	0	0
หมื่นนคร	穆恩那空	机翻	0	0
หมุดย้ำ	铆钉	机翻	0	0
หมุนเงิน	推测	机翻	0	0
หมุนตัว	回转	机翻	0	0
หมุนติ้ว	旋转	机翻	0	0
หมุนรอบ	旋转	机翻	0	0
หมุบหมับ	快速地	机翻	0	0
หมุบหมิบ	关闭和打开	机翻	0	0
หมูกรอบ	脆皮猪肉	机翻	0	0
หมูกระทะ	烤猪肉	机翻	0	0
หมู่เกาะ	岛屿	机翻	0	0
หมู่คณะ	团体	机翻	0	0
หมู่ญาติ	一群亲戚	机翻	0	0
หมูแดง	红猪肉	机翻	0	0
หมูตอน	阉割猪	机翻	0	0
หมูตั้ง	猪肉汤	机翻	0	0
หมู่นี้	本组	机翻	0	0
หมูแนม	猪肉南	机翻	0	0
หมูป่า	公猪	机翻	0	0
หมูแผ่น	猪肉片	机翻	0	0
หมู่ไม้	树丛	机翻	0	0
หมูย่าง	烤猪肉	机翻	0	0
หมูสนาม	失败者	机翻	0	0
หมูสับ	猪肉碎	机翻	0	0
หมูหยอง	干肉丝	机翻	0	0
หมูหย็อง	肉松	机翻	0	0
หมูหริ่ง	猪圈	机翻	0	0
หมูหรึ่ง	半头猪	机翻	0	0
หมูหัน	烤乳猪	机翻	0	0
หมูแฮม	火腿	机翻	0	0
หยดน้ำ	水滴	机翻	0	0
หยดย้อย	精美的	机翻	0	0
หยอกเย้า	戏谑	机翻	0	0
หยอกล้อ	逗	机翻	0	0
หยอกเอิน	调情	机翻	0	0
หย็อง	切碎的	机翻	0	0
หย่อนก้น	放下你的屁股	机翻	0	0
หย่อนใจ	放松	机翻	0	0
หย่อนยาน	松弛	机翻	0	0
หยอมแหยม	很多	机翻	0	0
หยักไย่	蛛网	机翻	0	0
หยักรั้ง	被抬高	机翻	0	0
หยักศก	波浪状的	机翻	0	0
หยั่งถึง	理解	机翻	0	0
หยั่งราก	生根	机翻	0	0
หยั่งรู้	挑剔的	机翻	0	0
หยั่งลึก	深不可测	机翻	0	0
หยัดยืน	站稳	机翻	0	0
หยั่มมา	欢迎	机翻	0	0
หยากไย่	蛛网	机翻	0	0
หย่าขาด	离婚的	机翻	0	0
หยาดน้ำ	水滴	机翻	0	0
หยาดฝน	雨滴	机翻	0	0
หย่านม	断奶	机翻	0	0
หยาบช้า	庸俗	机翻	0	0
หยาบโลน	猥亵	机翻	0	0
หยาบหยาม	侮辱	机翻	0	0
หยามหน้า	侮辱	机翻	0	0
หย่าศึก	离婚战争	机翻	0	0
หยำฉ่า	饮茶	机翻	0	0
หยำเป	放荡地	机翻	0	0
หยิกงอ	卷曲	机翻	0	0
หยิกหยอง	捏	机翻	0	0
หยิ่งยโส	傲慢的	机翻	0	0
หยิบฉวย	抓住	机翻	0	0
หยิบมือ	少数	机翻	0	0
หยิบยก	提出	机翻	0	0
หยิบยื่น	携手	机翻	0	0
หยิบยืม	借	机翻	0	0
หยิบหย่ง	轻浮	机翻	0	0
หยุกหยิก	随机播放	机翻	0	0
หยุดกึก	突然停了下来	机翻	0	0
หยุดงาน	停工	机翻	0	0
หยุดนิ่ง	站着不动	机翻	0	0
หยุดพัก	休息一下	机翻	0	0
หยุดยั้ง	停止	机翻	0	0
หยุดยิง	停止拍摄	机翻	0	0
หยุมหยิม	一丝不苟的	机翻	0	0
หยุมหัว	低下头	机翻	0	0
หยูกยา	药品	机翻	0	0
หรดี	奥迪	机翻	0	0
หรยาณา	哈里亚纳邦	机翻	0	0
หรรม	该死	机翻	0	0
หรรษา	乐趣	机翻	0	0
หรือไง	或者什么？	机翻	0	0
หรือไม่	或不	机翻	0	0
หรือยัง	或者还没有？	机翻	0	0
หรือว่า	或者那个	机翻	0	0
หรุบรู่	朦胧	机翻	0	0
หรุบหรู่	阴暗的	机翻	0	0
หฤทัย	心	机翻	0	0
หฤหรรษ์	欢腾	机翻	0	0
หฤโหด	残酷地	机翻	0	0
หลงกล	被愚弄	机翻	0	0
หลงเชื่อ	相信	机翻	0	0
หลงตา	迷失在眼神里	机翻	0	0
หลงทาง	丢失的	机翻	0	0
หลงผิด	误入歧途	机翻	0	0
หลงรัก	恋爱	机翻	0	0
หลงลม	被欺骗	机翻	0	0
หลงลมปาก	我迷失在嘴里	机翻	0	0
หลงลิ้น	迷失在舌尖	机翻	0	0
หลงลืม	忘记	机翻	0	0
หลงเหลือ	保持	机翻	0	0
หลงใหล	热情的	机翻	0	0
หลงอำนาจ	痴迷于权力	机翻	0	0
หลบฉาก	逃离现场	机翻	0	0
หลบซ่อน	隐藏	机翻	0	0
หลบตา	把目光移开	机翻	0	0
หลบภัย	避难所	机翻	0	0
หลบมุม	推脱	机翻	0	0
หลบสายตา	移开你的目光	机翻	0	0
หลบหน้า	收缩	机翻	0	0
หลบหนี	逃脱	机翻	0	0
หลบหลีก	逃避	机翻	0	0
หลบหัว	隐藏你的头	机翻	0	0
หลวงจีน	中国佛教僧侣	机翻	0	0
หลวงเจ๊	銮杰	机翻	0	0
หลวงตา	銮达	机翻	0	0
หลวงปู่	祖父	机翻	0	0
หลวงพ่อ	父亲	机翻	0	0
หลวมตัว	介入	机翻	0	0
หลวมโพรก	松动的	机翻	0	0
หลอกตา	欺骗眼睛	机翻	0	0
หลอกลวง	骗取	机翻	0	0
หลอกล่อ	鳕鱼	机翻	0	0
หลอกหลอน	出没	机翻	0	0
หลอดกาแฟ	咖啡吸管	机翻	0	0
หลอดแก้ว	玻璃管	机翻	0	0
หลอดดูด	稻草	机翻	0	0
หลอดลม	气管	机翻	0	0
หลอดลมคอ	气管	机翻	0	0
หลอนหู	萦绕耳际	机翻	0	0
หลอมตัว	保险丝	机翻	0	0
หลอมเหลว	冶炼	机翻	0	0
หล่อลื่น	润滑	机翻	0	0
หล่อหลอม	锻造	机翻	0	0
หล่อเหลา	英俊的	机翻	0	0
หละหลวม	松懈	机翻	0	0
หลักเขต	界碑	机翻	0	0
หลักแจว	托勒	机翻	0	0
หลักชัย	目标	机翻	0	0
หลักธรรม	原则	机翻	0	0
หลักพยาน	证据	机翻	0	0
หลักยึด	锚	机翻	0	0
หลักลอย	浮柱	机翻	0	0
หลักแหลม	尖锐	机翻	0	0
หลังเขา	山的后面	机翻	0	0
หลังจาก	后	机翻	0	0
หลังฉาก	后台	机翻	0	0
หลังเต่า	弧形的	机翻	0	0
หลังบ้าน	房子后面	机翻	0	0
หลังมือ	手背	机翻	0	0
หลังไมค์	麦克风后面	机翻	0	0
หลังยาว	长回来	机翻	0	0
หลั่งไหล	踩踏	机翻	0	0
หลับตา	闭上你的眼睛	机翻	0	0
หลับนก	睡鸟	机翻	0	0
หลับนอน	小睡一会儿	机翻	0	0
หลับใน	打瞌睡	机翻	0	0
หลับใหล	睡觉	机翻	0	0
หลับไหล	睡觉	机翻	0	0
หลานชาย	孙子	机翻	0	0
หลานปู่	祖父的孙子	机翻	0	0
หลานสาว	孙女	机翻	0	0
หลาบจำ	受到惩罚	机翻	0	0
หลายใจ	许多心	机翻	0	0
หลายชนิด	种类很多	机翻	0	0
หลายเท่า	很多次	机翻	0	0
หลายหลาก	斑	机翻	0	0
หลิ่วตา	公鸡	机翻	0	0
หลีกทาง	走开	机翻	0	0
หลีกหนี	逃脱	机翻	0	0
หลุกหลิก	积极主动	机翻	0	0
หลุดปาก	从嘴里出来	机翻	0	0
หลุดพ้น	发布	机翻	0	0
หลุดมือ	失败	机翻	0	0
หลุดลอย	滑	机翻	0	0
หลุดลุ่ย	摇摇欲坠	机翻	0	0
หลุมดำ	黑洞	机翻	0	0
หลุมพราง	坑	机翻	0	0
หลุมยุบ	天坑	机翻	0	0
หลุมศพ	严重	机翻	0	0
หวงก้าง	挡道	机翻	0	0
หวงตัว	所有格	机翻	0	0
ห้วงน้ำ	水	机翻	0	0
ห้วงนึก	思维	机翻	0	0
ห่วงใย	关心	机翻	0	0
ห้วงเวลา	时间	机翻	0	0
หวงห้าม	受限制的	机翻	0	0
หวงแหน	珍惜	机翻	0	0
หวนกลับ	返回	机翻	0	0
หวนคิด	回想起来	机翻	0	0
หวนคืน	返回	机翻	0	0
หวนนึก	回忆	机翻	0	0
ห่วยแตก	糟透了	机翻	0	0
หวยเบอร์	彩票号码	机翻	0	0
ห้วยหนอง	淮农	机翻	0	0
หวังดี	希望好	机翻	0	0
หวังผล	希望有结果	机翻	0	0
หวังว่า	希望	机翻	0	0
หวัดดี	你好	机翻	0	0
หวั่นใจ	我很担心	机翻	0	0
หวั่นไหว	动摇	机翻	0	0
หวาดผวา	害怕	机翻	0	0
หวาดวิตก	焦虑的	机翻	0	0
หวานใจ	亲爱的	机翻	0	0
หวานฉ่ำ	甜甜多汁	机翻	0	0
หวานเย็น	又甜又凉	机翻	0	0
หวีดร้อง	尖叫	机翻	0	0
หวีดหวิว	哨	机翻	0	0
หวือ	嗖嗖	机翻	0	0
หวือหวา	引人注目	机翻	0	0
หวุดหวิด	狭窄的	机翻	0	0
หอกซัด	镖	机翻	0	0
หอกลั่น	蒸馏塔	机翻	0	0
หอการค้า	商会	机翻	0	0
ห่อของ	包裹东西	机翻	0	0
หอคอย	塔	机翻	0	0
หอคำ	镀金的房子	机翻	0	0
ห้องขัง	牢房	机翻	0	0
ห้องชุด	公寓	机翻	0	0
ห้องแถว	排屋	机翻	0	0
ห้องมืด	暗室	机翻	0	0
ห้องเย็น	冷室	机翻	0	0
ห้องส้วม	洗手间	机翻	0	0
ห้องหับ	封闭的房间	机翻	0	0
หอฉัน	我的宿舍	机翻	0	0
หอดูดาว	天文台	机翻	0	0
หอนาฬิกา	钟楼	机翻	0	0
หอบหิ้ว	捡起	机翻	0	0
หอบหืด	哮喘	机翻	0	0
ห่อพัสดุ	包裹包裹	机翻	0	0
หอมกรุ่น	香	机翻	0	0
หอมฉุย	香	机翻	0	0
หอมแดง	青葱	机翻	0	0
ห้อมล้อม	涵盖	机翻	0	0
หอมหวน	香	机翻	0	0
หอมใหญ่	洋葱	机翻	0	0
หอยโข่ง	蜗牛	机翻	0	0
หอยคราง	蛤蜊呻吟声	机翻	0	0
หอยแครง	科克尔	机翻	0	0
หอยเชลล์	扇贝	机翻	0	0
หอยทอด	炸生蚝	机翻	0	0
หอยทาก	蜗牛	机翻	0	0
ห้อยท้าย	附	机翻	0	0
หอยนางรม	牡蛎	机翻	0	0
หอยเม่น	海胆	机翻	0	0
หอยสองฝา	双壳类	机翻	0	0
หอยสังข์	海螺壳	机翻	0	0
ห้อยโหน	摆动和悬挂	机翻	0	0
หอระฆัง	钟楼	机翻	0	0
ห้อเลือด	血肿	机翻	0	0
หอศิลป์	美术馆	机翻	0	0
หอสมุด	图书馆	机翻	0	0
ห่อหมก	包裹起来	机翻	0	0
ห่อหุ้ม	信封	机翻	0	0
หอไอเฟล	埃菲尔铁塔	机翻	0	0
หักคอ	强加	机翻	0	0
หักคะแนน	扣分	机翻	0	0
หักใจ	阻碍	机翻	0	0
หักบัญชี	借方	机翻	0	0
หักมุม	偷工减料	机翻	0	0
หักราคา	扣除价格	机翻	0	0
หักร้าง	扫清道路	机翻	0	0
หักลบ	减去	机翻	0	0
หักหน้า	被背叛	机翻	0	0
หักหนี้	债务扣除	机翻	0	0
หักหลัง	勒索	机翻	0	0
หักหาญ	力量	机翻	0	0
หักห้าม	抑制	机翻	0	0
หักเห	折射	机翻	0	0
หักโหม	过度	机翻	0	0
หักอก	破碎的心	机翻	0	0
หักออก	减去	机翻	0	0
หัตถ	手工业	机翻	0	0
หัตถ์	手	机翻	0	0
หัตถการ	程序	机翻	0	0
หัตถกิจ	体力劳动	机翻	0	0
หัตถินี	哈蒂尼	机翻	0	0
หัตถี	手工业	机翻	0	0
หันกลับ	回转	机翻	0	0
หันขวับ	突然转身	机翻	0	0
หันไป	转身离开	机翻	0	0
หันมา	回转	机翻	0	0
หันหน้า	转过头	机翻	0	0
หันหลัง	转过身去	机翻	0	0
หันเห	偏航	机翻	0	0
หั่นแหลก	彻底地	机翻	0	0
หันอากาศ	转动空气	机翻	0	0
หับเผย	揭晓	机翻	0	0
หัวกะทิ	精英	机翻	0	0
หัวเก่า	化石	机翻	0	0
หัวขโมย	贼	机翻	0	0
หัวขั้ว	椎弓根	机翻	0	0
หัวขาด	无头的	机翻	0	0
หัวข่าว	新闻标题	机翻	0	0
หัวเข็ม	针头	机翻	0	0
หัวเข่า	膝盖	机翻	0	0
หัวโขน	面具	机翻	0	0
หัวควย	公鸡头	机翻	0	0
หัวคะแนน	竞选活动家	机翻	0	0
หัวค่ำ	傍晚	机翻	0	0
หัวคิด	脑	机翻	0	0
หัวคิว	队列头	机翻	0	0
หัวคุ้ง	歪头	机翻	0	0
หัวโค้ง	弯头	机翻	0	0
หัวงาน	工作组长	机翻	0	0
หัวจุก	龙头	机翻	0	0
หัวโจก	公鸡	机翻	0	0
หัวใจวาย	心脏病发作	机翻	0	0
หัวฉีด	喷嘴	机翻	0	0
หัวชนฝา	固执地	机翻	0	0
หัวเชื้อ	膨松剂	机翻	0	0
หัวซุน	狂热的	机翻	0	0
หัวดี	好头	机翻	0	0
หัวดื้อ	偏执的	机翻	0	0
หัวตอ	树桩头	机翻	0	0
หัวต่อ	连接器	机翻	0	0
หัวโต๊ะ	桌头	机翻	0	0
หัวถนน	路头	机翻	0	0
หัวแถว	顶级产品	机翻	0	0
หัวทึบ	实心头	机翻	0	0
หัวเทียน	火花塞	机翻	0	0
หัวนม	山雀	机翻	0	0
หัวนอก	外头	机翻	0	0
หัวน้ำ	水头	机翻	0	0
หัวน้ำลง	潮流的转变	机翻	0	0
หัวบันได	楼梯头	机翻	0	0
หัวเบี้ย	头的头	机翻	0	0
หัวโบราณ	墨守成规	机翻	0	0
หัวปลวก	垤	机翻	0	0
หัวปลี	香蕉花	机翻	0	0
หัวปั่น	被打扰	机翻	0	0
หัวป่า	狂野头像	机翻	0	0
หัวป่าก์	美食家	机翻	0	0
หัวปี	长子	机翻	0	0
หัวโปก	歪头	机翻	0	0
หัวมุม	角落	机翻	0	0
หัวเม็ด	装饰旋钮	机翻	0	0
หัวเมือง	省份	机翻	0	0
หัวไม้	流氓	机翻	0	0
หัวรถ	车头	机翻	0	0
หัวรอ	防波堤起点	机翻	0	0
หัวร่อ	笑	机翻	0	0
หัวร้อน	热头	机翻	0	0
หัวระแหง	到处	机翻	0	0
หัวรั้น	反叛	机翻	0	0
หัวราน้ำ	喝醉了	机翻	0	0
หัวเรือ	船头	机翻	0	0
หัวแรง	头脑坚强	机翻	0	0
หัวแร้ง	烙铁	机翻	0	0
หัวลม	风头	机翻	0	0
หัวล้าน	无毛的	机翻	0	0
หัวลูกศร	箭头	机翻	0	0
หัวแล่น	我的头已经满了	机翻	0	0
หัวโล้น	秃	机翻	0	0
หัวไว	机智敏捷	机翻	0	0
หัวสะพาน	桥头	机翻	0	0
หัวสูง	势利	机翻	0	0
หัวเสีย	疯狂的	机翻	0	0
หัวใส	头脑清醒	机翻	0	0
หัวไส้	肠子	机翻	0	0
หัวหงอก	苍老	机翻	0	0
หัวหด	退缩	机翻	0	0
หัวหน่าว	耻骨	机翻	0	0
หัวหมอ	明智的	机翻	0	0
หัวหมุน	我头晕目眩	机翻	0	0
หัวหมู	猪头	机翻	0	0
หัวหอก	矛头	机翻	0	0
หัวหาด	滩头阵地	机翻	0	0
หัวหิน	华欣	机翻	0	0
หัวเห็ด	任性的	机翻	0	0
หัวแหลม	岬角	机翻	0	0
หัวแหวน	戒指设置	机翻	0	0
หัวไหล่	肩膀	机翻	0	0
หัวอก	胸部	机翻	0	0
หัวอ่อน	柔韧的	机翻	0	0
หัสดิน	大象	机翻	0	0
หัสต	密码	机翻	0	0
หัสนิยาย	小说代码	机翻	0	0
หากว่า	如果	机翻	0	0
หากิน	棘手	机翻	0	0
หาความ	查出	机翻	0	0
หาคู่	寻找合作伙伴	机翻	0	0
หางกะทิ	椰奶	机翻	0	0
หางแกละ	雕刻尾巴	机翻	0	0
ห่างไกล	离这很远	机翻	0	0
หางข้าว	尾矿	机翻	0	0
หางเต่า	龟尾	机翻	0	0
หางแถว	不重要	机翻	0	0
หางนม	乳清	机翻	0	0
หางปลา	鱼尾	机翻	0	0
หางม้า	马尾辫	机翻	0	0
ห้างร้าน	百货商店	机翻	0	0
หางเลข	用于数字的符号	机翻	0	0
หางว่าว	风筝尾巴	机翻	0	0
หางเสียง	鼻音	机翻	0	0
หางเสือ	舵	机翻	0	0
ห่างเห	离这很远	机翻	0	0
ห่างเหิน	随意的	机翻	0	0
หาดทราย	沙滩	机翻	0	0
หาดใหญ่	合艾	机翻	0	0
หาทาง	找到办法	机翻	0	0
หาบเร่	小贩	机翻	0	0
ห้าเบี้ย	五个棋子	机翻	0	0
ห้ามเข้า	不许进入	机翻	0	0
ห้ามจอด	禁止停车	机翻	0	0
ห้ามใจ	克制	机翻	0	0
ห้ามญาติ	佛像风格	机翻	0	0
ห้ามทัพ	禁止军队	机翻	0	0
ห้ามปราม	劝阻	机翻	0	0
ห้ามล้อ	制动	机翻	0	0
หามิได้	我找不到它	机翻	0	0
หายกัน	让我们好起来吧	机翻	0	0
หายโกรธ	摆脱愤怒	机翻	0	0
หายใจออก	呼气	机翻	0	0
หายตัว	消失	机翻	0	0
หายนะ	灾难性的	机翻	0	0
หายป่วย	痊愈	机翻	0	0
หายวับ	消失	机翻	0	0
หายสนิท	完全康复	机翻	0	0
หายสูญ	消失了	机翻	0	0
หายหน้า	消失	机翻	0	0
หายหัว	看不见	机翻	0	0
ห้าแยก	路口	机翻	0	0
ห้าร้อย	五百	机翻	0	0
หารายได้	赚钱	机翻	0	0
หารู้ไม่	我不知道	机翻	0	0
หาวนอน	目瞪口呆	机翻	0	0
หาว่า	找出来	机翻	0	0
หาสู่	寻找	机翻	0	0
หาเสียง	寻找声音	机翻	0	0
หาเหตุ	找茬	机翻	0	0
หาอาหาร	寻找食物	机翻	0	0
ห้ำหั่น	刈	机翻	0	0
หิงสา	迫害	机翻	0	0
หิ่งห้อย	萤火虫	机翻	0	0
หินขัด	水磨石	机翻	0	0
หินโคลน	泥石	机翻	0	0
หินงอก	石笋	机翻	0	0
หินชนวน	石板	机翻	0	0
หินชั้น	沉积岩	机翻	0	0
หินชาติ	国石	机翻	0	0
หินตะกอน	沉积岩	机翻	0	0
หินทราย	砂岩	机翻	0	0
หินปูน	石灰石	机翻	0	0
หินแปร	变质岩	机翻	0	0
หินไฟ	火石	机翻	0	0
หินย้อย	钟乳石	机翻	0	0
หินแลง	红土	机翻	0	0
หินสบู่	滑石	机翻	0	0
หินหนืด	岩浆	机翻	0	0
หินอ่อน	大理石	机翻	0	0
หินอัคนี	花岗岩	机翻	0	0
หิมพานต์	希马潘	机翻	0	0
หิมะ	雪	机翻	0	0
หิมะตก	正在下雪	机翻	0	0
หิมะถล่ม	雪崩	机翻	0	0
หิมาลัย	喜马拉雅山	机翻	0	0
หิริ	谦逊	机翻	0	0
หิวข้าว	饿了想吃米饭	机翻	0	0
หิวจัด	很饿	机翻	0	0
หิวโซ	好饿	机翻	0	0
หิ้วท้อง	忍受饥饿	机翻	0	0
หิ้วปีก	携带翅膀	机翻	0	0
หิวแสง	渴望光明	机翻	0	0
หิวโหย	饥饿的	机翻	0	0
หีนยาน	小乘	机翻	0	0
หีบเพลง	手风琴	机翻	0	0
หีบศพ	棺材	机翻	0	0
หีบเสียง	留声机	机翻	0	0
หีบห่อ	包裹	机翻	0	0
หึงนาน	嫉妒了好久	机翻	0	0
หึงหวง	嫉妒的	机翻	0	0
หืดหอบ	哮喘	机翻	0	0
หุงข้าว	煮饭	机翻	0	0
หุงต้ม	厨师	机翻	0	0
หุ้นกู้	债券	机翻	0	0
หุ่นเชิด	木偶	机翻	0	0
หุ่นโชว์	人体模型展示	机翻	0	0
หุนหัน	浮躁	机翻	0	0
หุบเขา	谷	机翻	0	0
หุบปาก	闭上你的嘴	机翻	0	0
หุบเหว	戴尔	机翻	0	0
หุ้มกลอง	鼓盖	机翻	0	0
หุ้มแพร	缎面覆盖	机翻	0	0
หูกวาง	马拉巴尔	机翻	0	0
หูฉลาม	鱼翅	机翻	0	0
หูฉี่	过分地	机翻	0	0
หูตึง	聋	机翻	0	0
หูตูบ	耳朵下垂	机翻	0	0
หูทวนลม	忽略	机翻	0	0
หูเบา	轻信的	机翻	0	0
หูผึ่ง	认真听	机翻	0	0
หูรูด	活结	机翻	0	0
หูไว	敏锐的耳朵	机翻	0	0
หูไวตาไว	耳快眼快	机翻	0	0
หูหนวก	聋	机翻	0	0
หูหิ้ว	处理	机翻	0	0
หูอื้อ	耳鸣	机翻	0	0
เห่กล่อม	勾引	机翻	0	0
เหงาใจ	孤独	机翻	0	0
เหงาหงอย	愚蠢的	机翻	0	0
เห็ดรา	真菌	机翻	0	0
เห็ดหอม	香菇	机翻	0	0
เหตุ	原因	机翻	0	0
เหตุไฉน	为什么？	机翻	0	0
เหตุใด	为什么？	机翻	0	0
เหตุนี้	为此原因	机翻	0	0
เหตุร้าย	不幸	机翻	0	0
เหตุไร	为什么？	机翻	0	0
เห็นแก่	自私	机翻	0	0
เห็นควร	看来是合适的	机翻	0	0
เห็นจริง	真的看到了	机翻	0	0
เห็นใจ	富有同情心的	机翻	0	0
เห็นชัด	清楚地看到	机翻	0	0
เห็นดี	看得清楚	机翻	0	0
เห็นท่า	看姿势	机翻	0	0
เห็นที	我懂了	机翻	0	0
เห็นทีจะ	看来有可能	机翻	0	0
เหน็บชา	刺痛	机翻	0	0
เหน็บแนม	捏	机翻	0	0
เห็นพ้อง	同意	机翻	0	0
เห็นภาพ	看图片	机翻	0	0
เห็นแย้ง	不同意	机翻	0	0
เหนอะหนะ	粘糊糊的	机翻	0	0
เหม็นคาว	有鱼腥味	机翻	0	0
เหม็นบูด	腐烂的	机翻	0	0
เหม็นสาบ	臭	机翻	0	0
เหม็นหืน	馊	机翻	0	0
เหม็นอับ	霉味	机翻	0	0
เหม่อมอง	愣	机翻	0	0
เหม่อลอย	恍惚	机翻	0	0
เหมันต์	冬天	机翻	0	0
เหมายัน	冬至	机翻	0	0
เหมาะกัน	彼此适合	机翻	0	0
เหมาะกับ	适合于	机翻	0	0
เหมาะมือ	适合手上	机翻	0	0
เหยเก	扭曲的	机翻	0	0
เหรัญญิก	财务主管	机翻	0	0
เหรา	哈哈	机翻	0	0
เห่เรือ	一边划船一边唱歌	机翻	0	0
เหล็กดัด	熟铁	机翻	0	0
เหล็กใน	刺	机翻	0	0
เหล็กพืด	钢板	机翻	0	0
เหล็กไหล	勒克莱	机翻	0	0
เหลวแหลก	消散了	机翻	0	0
เหล้าขาว	白液	机翻	0	0
เหล่าทัพ	军队	机翻	0	0
เหล่านี้	这些	机翻	0	0
เหลียวดู	环顾四周	机翻	0	0
เหลียวแล	看看	机翻	0	0
เหลือขอ	没有什么可要求的了	机翻	0	0
เหลือใจ	无与伦比地	机翻	0	0
เหลือใช้	丰富	机翻	0	0
เหลือทน	难以忍受的	机翻	0	0
เหลือบดู	一眼	机翻	0	0
เหลือบตา	一眼	机翻	0	0
เหลือมือ	双手向左	机翻	0	0
เหลือรับ	没有什么可以接收的了	机翻	0	0
เหลือล้น	过度地	机翻	0	0
เหลือแสน	极其	机翻	0	0
เหลือหลอ	保持	机翻	0	0
เหลืออด	难以忍受的	机翻	0	0
เหวอะหวะ	大而深	机翻	0	0
เห่อเหิม	变得更大胆	机翻	0	0
เห่าหอน	嗥	机翻	0	0
เหินห่าง	不满的	机翻	0	0
เหิมหาญ	勇敢一点	机翻	0	0
เหิมฮึก	崇高的	机翻	0	0
เหียนราก	受到恶心的影响	机翻	0	0
เหือดหาย	消散了	机翻	0	0
แห้งขอด	干涸的	机翻	0	0
แห่งใด	哪个地方？	机翻	0	0
แห้งผาก	干涸的	机翻	0	0
แห้งแล้ง	干旱	机翻	0	0
แหล่งพัก	住宿	机翻	0	0
แหลมคม	尖尖的	机翻	0	0
แหลมทอง	林通	机翻	0	0
แหวกแนว	非常规的	机翻	0	0
แห้วหมู	坚果草	机翻	0	0
แห่ห้อม	环绕	机翻	0	0
แห่แหน	游行	机翻	0	0
โหงพราย	被魔法变得强大的幽灵	机翻	0	0
โหงวเฮ้ง	相貌	机翻	0	0
โหดร้าย	残忍的	机翻	0	0
โหนกแก้ม	颧骨	机翻	0	0
โหมแรง	坚强起来	机翻	0	0
โหยกเหยก	不可靠	机翻	0	0
โหยหวน	尖锐	机翻	0	0
โหยหา	向往	机翻	0	0
โหยไห้	哀叹	机翻	0	0
โหรงเหรง	很少	机翻	0	0
โห่ร้อง	喊	机翻	0	0
โหระพา	罗勒	机翻	0	0
โหรา	霍拉	机翻	0	0
โหลยโท่ย	没关系	机翻	0	0
โหวกเหวก	欢呼	机翻	0	0
โหวงเหวง	轻快地	机翻	0	0
ให้ข่าว	提供新闻	机翻	0	0
ให้คะแนน	评价一下	机翻	0	0
ให้เงิน	给钱	机翻	0	0
ให้เช่า	出租	机翻	0	0
ให้โชค	祝你好运	机翻	0	0
ใหญ่โต	大的	机翻	0	0
ใหญ่หลวง	巨大的	机翻	0	0
ให้ท่า	摆个姿势	机翻	0	0
ให้ท้าย	最后给出	机翻	0	0
ให้ทุน	赠款资金	机翻	0	0
ให้โทษ	惩治	机翻	0	0
ให้นม	哺乳	机翻	0	0
ให้เปล่า	自由的	机翻	0	0
ให้ผล	给出结果	机翻	0	0
ให้พร	送上一份祝福	机翻	0	0
ให้ยา	给药	机翻	0	0
ให้ราคา	给出价格	机翻	0	0
ให้ร้าย	诽谤	机翻	0	0
ใหลตาย	它死了	机翻	0	0
ใหลหลง	着迷	机翻	0	0
ให้ลาภ	赐福	机翻	0	0
ให้ศีล	给予祝福	机翻	0	0
ให้สัญญา	做出承诺	机翻	0	0
ให้สัตย์	说实话	机翻	0	0
ให้สินบน	行贿	机翻	0	0
ให้อาหาร	喂养	机翻	0	0
ให้อำนาจ	赋权	机翻	0	0
ให้โอกาส	给一个机会	机翻	0	0
ไหปลาร้า	锁骨	机翻	0	0
ไหมทอง	锦缎	机翻	0	0
ไหมพรม	纱	机翻	0	0
ไหล่เขา	布雷	机翻	0	0
ไหลตาย	死流	机翻	0	0
ไหล่ถนน	路肩	机翻	0	0
ไหล่ทวีป	陆架	机翻	0	0
ไหล่ทาง	路面	机翻	0	0
ไหลบ่า	肩膀	机翻	0	0
ไหลผ่าน	流过	机翻	0	0
ไหล่รวบ	聚集的肩膀	机翻	0	0
ไหลเวียน	循环	机翻	0	0
ไหลหลั่ง	流动	机翻	0	0
ไหลหลาก	流动的	机翻	0	0
ไหว้ครู	向老师致敬	机翻	0	0
ไหว้เจ้า	尊重上帝	机翻	0	0
ไหวตัว	警惕的	机翻	0	0
ไหวติง	开始行动	机翻	0	0
ไหวทัน	知道	机翻	0	0
ไหว้ผี	向鬼魂表示敬意	机翻	0	0
ไหว้พระ	拜佛	机翻	0	0
ไหวพริบ	资质	机翻	0	0
ไหว้วาน	求人	机翻	0	0
ไหวหวั่น	摇摇欲坠	机翻	0	0
ไหหลำ	海南	机翻	0	0
ฬ	ก	机翻	0	0
อ	氧	机翻	0	0
อกไข่ดาว	煎蛋胸肉	机翻	0	0
อกตัญญู	忘恩负义	机翻	0	0
อกแตก	爆破	机翻	0	0
อกสามศอก	三肘	机翻	0	0
อกหัก	破碎的心	机翻	0	0
อกุศล	邪恶的	机翻	0	0
อโคจร	轨道	机翻	0	0
อโฆษะ	无声	机翻	0	0
องก์	器官	机翻	0	0
องค์	元素	机翻	0	0
องค์กฐิน	卡西娜体	机翻	0	0
องค์กรณ์	组织	机翻	0	0
องค์การ	组织	机翻	0	0
องค์คณะ	学院	机翻	0	0
องคชาต	生殖器	机翻	0	0
องคชาติ	阴茎	机翻	0	0
องคมนตรี	枢密院议员	机翻	0	0
องครักษ์	鱼雷	机翻	0	0
องคาพยพ	身体器官	机翻	0	0
องคุลี	手指	机翻	0	0
องศา	程度	机翻	0	0
อไญยนิยม	不可知论	机翻	0	0
อณู	分子	机翻	0	0
อโณทัย	旭	机翻	0	0
อดใจ	要有耐心	机翻	0	0
อดโซ	我很无聊	机翻	0	0
อดตาย	饿死	机翻	0	0
อดนม	断奶	机翻	0	0
อดนอน	睡眠不足	机翻	0	0
อดสู	可耻	机翻	0	0
อดเหล้า	不含酒精	机翻	0	0
อดอยาก	饿死	机翻	0	0
อดออม	养护	机翻	0	0
อดอาหาร	禁食	机翻	0	0
อดิเรก	爱好	机翻	0	0
อดีตกาล	过去的	机翻	0	0
อดีตชาติ	前世	机翻	0	0
อดีตภพ	前世	机翻	0	0
อดุล	绝世的	机翻	0	0
อดุลยเดช	阿杜德	机翻	0	0
อติ	阿蒂	机翻	0	0
อติชน	阿蒂雄	机翻	0	0
อติชาต	阿蒂查特	机翻	0	0
อติพจน์	夸张	机翻	0	0
อติราช	伟大的国王	机翻	0	0
อท	在	机翻	0	0
อเทวนิยม	无神论	机翻	0	0
อธิกมาส	闰月	机翻	0	0
อธิกรณ์	事情	机翻	0	0
อธิกวาร	双六分相	机翻	0	0
อธิคม	成就	机翻	0	0
อธิฐาน	许个愿	机翻	0	0
อธิบดี	总干事	机翻	0	0
อธิป	主权	机翻	0	0
อธิปัตย์	阿提帕特	机翻	0	0
อธิวาส	阿蒂瓦	机翻	0	0
อธิษฐาน	祈祷	机翻	0	0
อนงค์	阿农	机翻	0	0
อนธการ	安塔坎	机翻	0	0
อนัตตา	没有灵魂的	机翻	0	0
อนันต	阿南塔	机翻	0	0
อนันต์	无限	机翻	0	0
อนาคตกาล	未来	机翻	0	0
อนาคอนดา	蟒蛇	机翻	0	0
อนาจาร	不雅的	机翻	0	0
อนาถ	悲惨的	机翻	0	0
อนาถใจ	悲惨的	机翻	0	0
อนาถา	贫困	机翻	0	0
อนาทร	关心	机翻	0	0
อนามัย	卫生	机翻	0	0
อนารยชน	野蛮人	机翻	0	0
อนารยะ	野蛮	机翻	0	0
อนาล็อก	模拟	机翻	0	0
อนิจกรรม	灭亡	机翻	0	0
อนิจจัง	无常的	机翻	0	0
อนิจจา	唉!	机翻	0	0
อนิจภาพ	无常	机翻	0	0
อนุ	子	机翻	0	0
อนุกรม	系列	机翻	0	0
อนุกาชาด	少年红十字会	机翻	0	0
อนุกูล	交朋友	机翻	0	0
อนุเฉท	下属	机翻	0	0
อนุชน	后人	机翻	0	0
อนุชา	兄弟	机翻	0	0
อนุญาติ	允许	机翻	0	0
อนุเถระ	小和尚	机翻	0	0
อนุทวีป	次大陆	机翻	0	0
อนุทิน	日记	机翻	0	0
อนุบท	条款	机翻	0	0
อนุบาล	幼儿园	机翻	0	0
อนุภรรยา	未成年妻子	机翻	0	0
อนุภาค	粒子	机翻	0	0
อนุมาตรา	条款	机翻	0	0
อนุโมทนา	恭喜你	机翻	0	0
อนุราธ	阿努拉达	机翻	0	0
อนุโลม	允许	机翻	0	0
อนุวงศ์	亚科	机翻	0	0
อนุวัต	阿努瓦特	机翻	0	0
อนุศาสน์	方向	机翻	0	0
อนุสรณ์	纪念馆	机翻	0	0
อนุสัญญา	习俗	机翻	0	0
อเนก	多-	机翻	0	0
อบเชย	肉桂	机翻	0	0
อบรม	火车	机翻	0	0
อบอ้าว	闷	机翻	0	0
อบอุ่น	温暖的	机翻	0	0
อบอุ่นใจ	暖心	机翻	0	0
อบไอน้ำ	蒸汽	机翻	0	0
อบาย	邪恶的	机翻	0	0
อบายมุข	副	机翻	0	0
อภัย	原谅	机翻	0	0
อภัยโทษ	赦免	机翻	0	0
อภิ	阿比	机翻	0	0
อภิชน	贵族	机翻	0	0
อภิชาต	阿皮恰特	机翻	0	0
อภิธรรม	形而上学	机翻	0	0
อภิไธย	阿毗达耶	机翻	0	0
อภินิหาร	超自然	机翻	0	0
อภิบาล	教牧关怀	机翻	0	0
อภิเษก	皇家婚礼	机翻	0	0
อมก	我的天啊	机翻	0	0
อมเงิน	省钱	机翻	0	0
อมต	不朽	机翻	0	0
อมตภาพ	不朽	机翻	0	0
อมตะ	不朽	机翻	0	0
อมนุษย์	不人道	机翻	0	0
อมยิ้ม	微笑地	机翻	0	0
อมร	阿蒙	机翻	0	0
อมรบดี	阿莫恩迪	机翻	0	0
อมฤต	灵丹妙药	机翻	0	0
อมาตย์	阿玛塔	机翻	0	0
อเมริกัน	美国人	机翻	0	0
อเมริกา	美国	机翻	0	0
อยา	我想要	机翻	0	0
อยากจะ	想要	机翻	0	0
อยากได้	想要拥有	机翻	0	0
อยากรู้	想知道	机翻	0	0
อย่าง	在	机翻	0	0
อย่างเคย	照常	机翻	0	0
อย่างดี	非常好	机翻	0	0
อย่างใด	不知何故	机翻	0	0
อย่างนี้	像这样	机翻	0	0
อย่างมาก	非常	机翻	0	0
อย่างย่อ	简而言之	机翻	0	0
อย่างแรง	强烈地	机翻	0	0
อย่างสงบ	平静地	机翻	0	0
อย่างสูง	非常高	机翻	0	0
อย่างไหน	哪条路？	机翻	0	0
อย่าลืม	别忘了	机翻	0	0
อยุธยา	大城府	机翻	0	0
อยู่กรรม	生活在业力中	机翻	0	0
อยู่กิน	住和吃	机翻	0	0
อยู่งาน	在上班	机翻	0	0
อยู่ตัว	确保安全	机翻	0	0
อยู่ท้อง	孕	机翻	0	0
อยู่เป็น	居住	机翻	0	0
อยู่ไฟ	保持火力	机翻	0	0
อยู่มือ	手边	机翻	0	0
อยู่ยาม	保持警惕	机翻	0	0
อยู่โยง	已连接	机翻	0	0
อยู่ร่วม	住在一起	机翻	0	0
อยู่เวร	值班	机翻	0	0
อยู่หมัด	受控制	机翻	0	0
อรชร	林伯尔	机翻	0	0
อรทัย	年轻女孩	机翻	0	0
อรไท	女士	机翻	0	0
อรนุช	美丽的女人	机翻	0	0
อรพินท์	睡莲	机翻	0	0
อรรฆ	拱	机翻	0	0
อรรฆย์	拱	机翻	0	0
อรรจน์	颂	机翻	0	0
อรรณพ	海洋	机翻	0	0
อรรถกถา	评论	机翻	0	0
อรรถคดี	诉讼	机翻	0	0
อรรถบท	本质	机翻	0	0
อรรถรส	享受	机翻	0	0
อรรธ	一半	机翻	0	0
อรรธจักร	大脉轮	机翻	0	0
อรรธสระ	中元音	机翻	0	0
อรหัง	阿罗汉塔	机翻	0	0
อรหัตผล	成就阿罗汉果	机翻	0	0
อรหัน	巫师	机翻	0	0
อรหันต์	阿罗汉	机翻	0	0
อรัญ	丛林	机翻	0	0
อรัญญิก	森林	机翻	0	0
อรัญวาส	森林里的寺庙	机翻	0	0
อรัญวาสี	森林居民	机翻	0	0
อร่าม	照亮的	机翻	0	0
อริ	阿里	机翻	0	0
อริย	高贵	机翻	0	0
อริยกะ	雅利安人	机翻	0	0
อริยผล	优异的成绩	机翻	0	0
อริยมรรค	八正道	机翻	0	0
อริยสงฆ์	高僧	机翻	0	0
อริยสัจ	崇高的真理	机翻	0	0
อริยะ	繁荣	机翻	0	0
อรุณ	黎明	机翻	0	0
อรุณรุ่ง	黎明	机翻	0	0
อรุณี	阿鲁尼	机翻	0	0
อรุโณทัย	脸红	机翻	0	0
อรูป	不形成	机翻	0	0
อลงกต	润	机翻	0	0
อลงกรณ์	阿隆功	机翻	0	0
อลงการ	优雅的	机翻	0	0
อลวน	喧闹的	机翻	0	0
อลเวง	无序的	机翻	0	0
อลหม่าน	不受监管的	机翻	0	0
อลังการ	装饰	机翻	0	0
อลัชชี	无法无天的	机翻	0	0
อโลหะ	非金属	机翻	0	0
อวดกล้า	展现你的勇气	机翻	0	0
อวดเก่ง	炫耀	机翻	0	0
อวดโก้	展现你的风格	机翻	0	0
อวดดี	趾高气扬的	机翻	0	0
อวดตัว	炫耀	机翻	0	0
อวดโต	展现你的成长	机翻	0	0
อวดภูมิ	秀出你的骄傲	机翻	0	0
อวดรวย	炫耀你的财富	机翻	0	0
อวดรู้	自命不凡的	机翻	0	0
อวดอ้าง	夸耀地	机翻	0	0
อวตาร	体现	机翻	0	0
อ้วนท้วน	体重增加	机翻	0	0
อวนลอย	漂浮围网	机翻	0	0
อวนลาก	拖网	机翻	0	0
อวบน้ำ	充满水	机翻	0	0
อวบอ้วน	丰满	机翻	0	0
อวบอัด	丰满	机翻	0	0
อวบอั๋น	丰满	机翻	0	0
อวมงคล	不幸	机翻	0	0
อวยชัย	祈求胜利	机翻	0	0
อวยพร	希望	机翻	0	0
อวสาน	欧米茄	机翻	0	0
อวัยวะ	器官	机翻	0	0
อวิชชา	无知	机翻	0	0
อวิญญู	清白的	机翻	0	0
อเวจี	深渊	机翻	0	0
อโศก	阿索克	机翻	0	0
อสงไขย	无数	机翻	0	0
อสนี	霹雳	机翻	0	0
อสนีบาต	闪电	机翻	0	0
อสมการ	不等式	机翻	0	0
อสมมาตร	不对称的	机翻	0	0
อสรพิษ	加法器	机翻	0	0
อสัญ	无意识	机翻	0	0
อสัญกรรม	死亡	机翻	0	0
อสัญญี	麻醉的	机翻	0	0
อสุจิ	精子	机翻	0	0
อสุนีบาต	雷击	机翻	0	0
อสุภ	恶心的	机翻	0	0
อสุรกาย	幽灵	机翻	0	0
อสุรี	巨大的	机翻	0	0
อสูร	恶魔	机翻	0	0
อเส	阿瑟	机翻	0	0
อหังการ	自信	机翻	0	0
อหิ	阿希	机翻	0	0
อหิงสา	非暴力	机翻	0	0
อหิวาต์	霍乱	机翻	0	0
อโห	啊嗬！	机翻	0	0
อโหสิ	赦免	机翻	0	0
ออกกำลัง	锻炼	机翻	0	0
ออกแขก	序幕	机翻	0	0
ออกโขน	哑剧	机翻	0	0
ออกไข่	产卵	机翻	0	0
ออกงาน	外出工作	机翻	0	0
ออกงิ้ว	表演歌剧	机翻	0	0
ออกเงิน	拿出钱	机翻	0	0
ออกจะ	一定会的	机翻	0	0
ออกจะตาย	我快要死了	机翻	0	0
ออกจาก	离开	机翻	0	0
ออกโฉนด	签发地契	机翻	0	0
ออกชื่อ	说出名字	机翻	0	0
ออกใช้	发布	机翻	0	0
ออกซิเจน	氧	机翻	0	0
ออกญา	披耶	机翻	0	0
ออกดอก	花	机翻	0	0
ออกตัว	起飞	机翻	0	0
ออกทะเล	出海去	机翻	0	0
ออกท่า	摆个姿势	机翻	0	0
ออกทุกข์	脱离苦难	机翻	0	0
ออกทุน	投资资金	机翻	0	0
ออกบวช	宗教的	机翻	0	0
ออกปาก	说出来	机翻	0	0
ออกไป	出去	机翻	0	0
ออกผล	结出果实	机翻	0	0
ออกผื่น	出疹子	机翻	0	0
ออกฝี	脓肿	机翻	0	0
ออกพรรษา	佛教斋戒结束	机翻	0	0
ออกไฟ	熄灯	机翻	0	0
ออกมา	出来	机翻	0	0
ออกยาม	措手不及	机翻	0	0
ออกรถ	下车	机翻	0	0
ออกรบ	参战	机翻	0	0
ออกรวง	产生耳朵	机翻	0	0
ออกรส	津津有味地	机翻	0	0
ออกรับ	收到	机翻	0	0
ออกร้าน	开设店铺	机翻	0	0
ออกเรือ	启航	机翻	0	0
ออกเรือน	结婚了	机翻	0	0
ออกแรง	发挥	机翻	0	0
ออกโรง	封锁	机翻	0	0
ออกฤทธิ์	有效的	机翻	0	0
ออกลาย	图案	机翻	0	0
ออกลูก	小狗	机翻	0	0
ออกวัง	离开宫殿	机翻	0	0
ออกศึก	参战	机翻	0	0
ออกสนาม	在场上	机翻	0	0
ออกเสียง	投票	机翻	0	0
ออกหน้า	出来前面	机翻	0	0
ออกหัด	得了麻疹	机翻	0	0
ออกหาก	叛教者	机翻	0	0
ออกห่าง	离开	机翻	0	0
ออกอุบาย	设计	机翻	0	0
ออกัน	我们一起去吧	机翻	0	0
อ้องแอ้ง	精美的	机翻	0	0
ออเจ้า	我的天啊	机翻	0	0
ออเซาะ	哄骗	机翻	0	0
ออดอ้อน	恳求	机翻	0	0
ออดแอด	不适	机翻	0	0
อ๊อดแอ๊ด	奥德艾德	机翻	0	0
ออเดอร์	命令	机翻	0	0
ออเดิร์ฟ	开胃小菜	机翻	0	0
ออตตาวา	渥太华	机翻	0	0
ออตโตมัน	奥斯曼	机翻	0	0
อ่อนข้อ	软弱的	机翻	0	0
อ่อนความ	软化	机翻	0	0
อ่อนใจ	厌倦	机翻	0	0
อ่อนช้อย	精美的	机翻	0	0
ออนซ์	盎司	机翻	0	0
อ่อนตัว	软化	机翻	0	0
อ่อนนุ่ม	柔软的	机翻	0	0
อ่อนโยน	温和的	机翻	0	0
อ่อนแรง	虚弱的	机翻	0	0
อ่อนล้า	疲劳的	机翻	0	0
อ้อนวอน	上诉	机翻	0	0
อ่อนวัย	年轻的	机翻	0	0
อ่อนหวาน	醇厚	机翻	0	0
อ่อนหัด	缺乏经验的	机翻	0	0
อ่อนหู	软耳的	机翻	0	0
อ้อนออด	求	机翻	0	0
อ้อนแอ้น	细长的	机翻	0	0
ออฟฟิศ	办公室	机翻	0	0
อ้อมกอด	拥抱	机翻	0	0
อ้อมแขน	手臂环绕	机翻	0	0
อ้อมค้อม	迂回的	机翻	0	0
ออมชอม	妥协	机翻	0	0
ออมสิน	保存	机翻	0	0
ออมอด	养护	机翻	0	0
อ้อมแอ้ม	犹豫地	机翻	0	0
อ้อยอิ่ง	萦绕	机翻	0	0
ออร์แกน	器官	机翻	0	0
ออริกอน	俄勒冈州	机翻	0	0
ออริกาโน	牛至	机翻	0	0
ออโรรา	极光	机翻	0	0
ออสเตรีย	奥地利	机翻	0	0
ออสเมียม	锇	机翻	0	0
ออสโล	奥斯陆	机翻	0	0
ออส่วน	部分	机翻	0	0
อ้อแอ้	潺潺	机翻	0	0
อะดีเกยา	阿迪杰亚	机翻	0	0
อะนาโตลี	阿纳托利	机翻	0	0
อะนิเมะ	日本动画片	机翻	0	0
อะมีบา	阿米巴	机翻	0	0
อะลาดิน	阿拉丁	机翻	0	0
อะเลปโป	阿勒颇	机翻	0	0
อะแลสกา	阿拉斯加州	机翻	0	0
อะเส	阿瑟	机翻	0	0
อะหม	古阿萨姆语	机翻	0	0
อะไหล่	备件	机翻	0	0
อะเอื้อย	不断地	机翻	0	0
อักกะ	太阳	机翻	0	0
อักขระ	特点	机翻	0	0
อักโข	大量	机翻	0	0
อักษร	信	机翻	0	0
อักษรควบ	连字	机翻	0	0
อักษรต่ำ	小写字母	机翻	0	0
อักษรนำ	铅信	机翻	0	0
อักษรย่อ	缩写	机翻	0	0
อักษรเลข	字母数字	机翻	0	0
อักษรสูง	高信	机翻	0	0
อักษะ	轴	机翻	0	0
อักอ่วน	尴尬的	机翻	0	0
อัคคี	火	机翻	0	0
อัคคีภัย	火	机翻	0	0
อัคนิ	火	机翻	0	0
อัคนิคณะ	火焰	机翻	0	0
อัคนี	火	机翻	0	0
อัครชายา	女王	机翻	0	0
อังกฤษ	英格兰	机翻	0	0
อังกะลุง	安格隆	机翻	0	0
อังการา	安卡拉	机翻	0	0
อังคณา	安卡纳	机翻	0	0
อังคาร	周二	机翻	0	0
อังฆาต	打	机翻	0	0
อั่งเปา	红包	机翻	0	0
อั้งม่อ	昂莫	机翻	0	0
อั้งม้อ	昂莫尔	机翻	0	0
อั้งยี่	黑手党	机翻	0	0
อั้งโล่	中国火盆	机翻	0	0
อังวะ	因瓦	机翻	0	0
อังสตรอม	埃	机翻	0	0
อังสา	肩膀	机翻	0	0
อั้งหม้อ	昂莫尔	机翻	0	0
อัจกลับ	黄铜灯笼	机翻	0	0
อัจฉริย	天才	机翻	0	0
อัจนา	牺牲	机翻	0	0
อัชฌา	礼貌	机翻	0	0
อัชฌาจาร	失礼	机翻	0	0
อัชฌาสัย	特点	机翻	0	0
อัญ	安雅	机翻	0	0
อัญขยม	我	机翻	0	0
อัญชนะ	眼药水	机翻	0	0
อัญชลี	安查里	机翻	0	0
อัญชัน	蝴蝶豌豆	机翻	0	0
อัญเชิญ	邀请	机翻	0	0
อัญพจน์	口音	机翻	0	0
อัญมณี	宝石	机翻	0	0
อัญรูป	同素异形体	机翻	0	0
อัฏฐ	八	机翻	0	0
อัฐศก	阿塔萨卡	机翻	0	0
อัฐิ	骨头	机翻	0	0
อัฒภาค	分号	机翻	0	0
อัณฑะ	睾丸	机翻	0	0
อัดแจ	果酱	机翻	0	0
อัดฉีด	润滑脂	机翻	0	0
อัดเทป	磁带录音	机翻	0	0
อัดรูป	打印	机翻	0	0
อัดลม	碳酸的	机翻	0	0
อัดสำเนา	复制	机翻	0	0
อัดอั้น	压抑的	机翻	0	0
อัดแอ	拥挤的	机翻	0	0
อัตคัด	贫困	机翻	0	0
อัตต	阿塔	机翻	0	0
อัตตา	自我	机翻	0	0
อัตถ์	要旨	机翻	0	0
อัตนัย	主观	机翻	0	0
อัตโนมือ	自动的	机翻	0	0
อัตภาพ	个别地	机翻	0	0
อัตวิสัย	主观	机翻	0	0
อันดับ	等级	机翻	0	0
อันดามัน	安达曼	机翻	0	0
อันตรธาน	疑病症	机翻	0	0
อันตรภาค	间隔	机翻	0	0
อั้นตั้น	矮胖的	机翻	0	0
อันทุ	哪个	机翻	0	0
อันธการ	愚蠢	机翻	0	0
อันธพาล	暴徒	机翻	0	0
อันธิกา	前夕	机翻	0	0
อันน้อย	小一个	机翻	0	0
อันนั้น	那个	机翻	0	0
อันนี้	这个	机翻	0	0
อันเป็น	这是	机翻	0	0
อันว่า	那就是说	机翻	0	0
อับจน	不可逾越	机翻	0	0
อับเฉา	镇流器	机翻	0	0
อับโชค	倒霉	机翻	0	0
อับปัญญา	不忠	机翻	0	0
อับปาง	创始人	机翻	0	0
อับราฮัม	亚伯拉罕	机翻	0	0
อับเรณู	花药	机翻	0	0
อับอาย	羞愧	机翻	0	0
อัปปาง	失事	机翻	0	0
อัปเปหิ	更新	机翻	0	0
อัปมงคล	不幸	机翻	0	0
อัปยศ	耻辱	机翻	0	0
อัปราชัย	胜利	机翻	0	0
อัปรีย์	地狱般的	机翻	0	0
อัปสร	天使	机翻	0	0
อัมพร	安丰	机翻	0	0
อัมพฤกษ์	麻痹	机翻	0	0
อัมพวัน	芒果园	机翻	0	0
อัมพวา	安帕瓦	机翻	0	0
อัมพา	好女人	机翻	0	0
อัมพาต	麻痹	机翻	0	0
อัมพิล	扑鼻的	机翻	0	0
อัมพิละ	扑鼻的	机翻	0	0
อัมพุ	水	机翻	0	0
อัมพุช	鱼	机翻	0	0
อัมพุท	云	机翻	0	0
อัมมาน	安曼	机翻	0	0
อัยการ	律师	机翻	0	0
อัยกี	奶奶	机翻	0	0
อัยยะ	霸王	机翻	0	0
อัยยิกา	祖母	机翻	0	0
อัลไต	阿尔泰语	机翻	0	0
อัลบั้ม	专辑	机翻	0	0
อัลปากา	羊驼毛	机翻	0	0
อัลมอนด์	杏仁	机翻	0	0
อัลลอหฺ	真主	机翻	0	0
อัลลอฮ์	真主	机翻	0	0
อัลลอฮฺ	真主	机翻	0	0
อัลไล	阿里	机翻	0	0
อัศจรรย์	神奇	机翻	0	0
อัศว	阿萨瓦	机翻	0	0
อัศวมุข	阿萨瓦穆赫	机翻	0	0
อัศวเมธ	祭马仪式	机翻	0	0
อัศวยุช	阿萨瓦尤奇	机翻	0	0
อัศวะ	阿萨瓦	机翻	0	0
อัศวานึก	骑兵	机翻	0	0
อัศวิน	骑士	机翻	0	0
อัศวินี	骑士	机翻	0	0
อัสดง	下去	机翻	0	0
อัสดงคต	西	机翻	0	0
อัสดร	优秀的马	机翻	0	0
อัสตานา	阿斯塔纳	机翻	0	0
อัสนี	螺栓	机翻	0	0
อัสสนี	阿萨尼	机翻	0	0
อัสสัม	阿萨姆邦	机翻	0	0
อัสสุ	泪珠	机翻	0	0
อัสสุชล	泪珠	机翻	0	0
อากร	责任	机翻	0	0
อากังขา	欲望	机翻	0	0
อากัป	穿得好	机翻	0	0
อาก้า	AK	机翻	0	0
อาการนาม	动名词	机翻	0	0
อากาศยาน	飞机	机翻	0	0
อากิตะ	秋田	机翻	0	0
อากู๋	阿古	机翻	0	0
อากูล	未完成的	机翻	0	0
อาขยาน	祈祷	机翻	0	0
อ้าแขน	张开双臂	机翻	0	0
อาคเนย์	东南部	机翻	0	0
อาคม	魔法	机翻	0	0
อาฆาต	世仇	机翻	0	0
อางขนาง	害羞	机翻	0	0
อ้างถึง	参考	机翻	0	0
อ่างทอง	红统	机翻	0	0
อ้างว่า	声称	机翻	0	0
อ้างว้าง	荒凉	机翻	0	0
อาจม	可能	机翻	0	0
อาจหาญ	紧张的	机翻	0	0
อาจอง	阿宗	机翻	0	0
อาจาด	阿贾德	机翻	0	0
อาจาร	礼貌	机翻	0	0
อาจิณ	习惯性地	机翻	0	0
อาเจะฮ์	亚齐	机翻	0	0
อาชกาบัต	阿什哈巴德	机翻	0	0
อาชญา	犯罪	机翻	0	0
อาชญาบท	法律的规定	机翻	0	0
อาชญาศึก	戒严法	机翻	0	0
อาชวะ	诚实	机翻	0	0
อาชา	马	机翻	0	0
อาชาน	亚干	机翻	0	0
อาชาไนย	出身名门的	机翻	0	0
อาชีวะ	职业	机翻	0	0
อาเชี่ยน	亚洲人	机翻	0	0
อ้าซ่า	完全开放	机翻	0	0
อาเซม	亚欧会议	机翻	0	0
อาเซียน	东盟	机翻	0	0
อาญา	刑事	机翻	0	0
อาญาศึก	战争罪	机翻	0	0
อาณัติ	授权	机翻	0	0
อาณา	领土	机翻	0	0
อาณาเขต	领土	机翻	0	0
อาณาจักร	王国	机翻	0	0
อาณานิคม	殖民地	机翻	0	0
อาดัม	亚当	机翻	0	0
อาดูร	哀叹	机翻	0	0
อาตมทาน	我正在施舍	机翻	0	0
อาตมภาพ	我	机翻	0	0
อาตมัน	灵魂	机翻	0	0
อาตมา	自我	机翻	0	0
อาตมาภาพ	自我	机翻	0	0
อาถรรพ์	神秘	机翻	0	0
อาถรรพณ์	超自然现象	机翻	0	0
อาทร	体贴	机翻	0	0
อาทาน	亚森	机翻	0	0
อาทิ	例如	机翻	0	0
อาทิเช่น	例如	机翻	0	0
อาทิตย	星期日	机翻	0	0
อาทิตย์	星期	机翻	0	0
อาทึก	第一的	机翻	0	0
อาเทศ	国家	机翻	0	0
อาธรรม	不敬虔的	机翻	0	0
อานก	阿诺克	机翻	0	0
อ่านใจ	读心术	机翻	0	0
อานม้า	鞍	机翻	0	0
อานรถ	汽车鞍座	机翻	0	0
อ่านเล่น	阅读的乐趣	机翻	0	0
อานุภาพ	力量	机翻	0	0
อานุภาวะ	力量	机翻	0	0
อาบแดด	晒太阳	机翻	0	0
อาบน้ำตา	沐浴我的眼睛	机翻	0	0
อาบน้ำศพ	给尸体洗澡	机翻	0	0
อาบยาพิษ	中毒的	机翻	0	0
อาบเอิบ	被灌输	机翻	0	0
อาบัติ	罪行	机翻	0	0
อาบูจา	阿布贾	机翻	0	0
อาบูดาบี	阿布扎比	机翻	0	0
อาปะ	阿帕	机翻	0	0
อาพันธ์	阿凡	机翻	0	0
อาพาธ	生病了	机翻	0	0
อาเพศ	惊人的	机翻	0	0
อาฟตา	非洲自由贸易区	机翻	0	0
อาฟต้า	非洲自由贸易区	机翻	0	0
อาฟริกา	非洲	机翻	0	0
อาภรณ์	戏服	机翻	0	0
อาภัพ	不幸	机翻	0	0
อาภา	射线	机翻	0	0
อาภากร	太阳	机翻	0	0
อาภาส	阿帕斯	机翻	0	0
อาม่า	奶奶	机翻	0	0
อามิษ	饵	机翻	0	0
อามิส	饵	机翻	0	0
อายตนะ	感觉	机翻	0	0
อายน	伊恩	机翻	0	0
อายัต	刻苦	机翻	0	0
อายัติ	没收	机翻	0	0
อายาจนะ	恳求	机翻	0	0
อายุ	年龄	机翻	0	0
อายุกษัย	死亡	机翻	0	0
อายุความ	诉讼时效	机翻	0	0
อายุมาก	晚年	机翻	0	0
อายุยืน	长寿	机翻	0	0
อายุรเวช	阿育吠陀	机翻	0	0
อายุรเวท	阿育吠陀	机翻	0	0
อายุสั้น	短暂的	机翻	0	0
อาร์	右	机翻	0	0
อาร์กติก	北极	机翻	0	0
อาร์กอน	氩气	机翻	0	0
อาร์ต	艺术	机翻	0	0
อารทรา	阿尔斯拉	机翻	0	0
อารบิก	阿拉伯	机翻	0	0
อาร์ม	手臂	机翻	0	0
อารมณ์ดี	好心情	机翻	0	0
อารย	文明	机翻	0	0
อารยชน	文明人	机翻	0	0
อารยชาติ	文明国家	机翻	0	0
อารยธรรม	文明	机翻	0	0
อารยะ	文明的	机翻	0	0
อารยัน	雅利安人	机翻	0	0
อารักขา	保护	机翻	0	0
อารักษ์	警卫	机翻	0	0
อารัมภบท	序幕	机翻	0	0
อาราธนา	邀请	机翻	0	0
อาราม	修道院	机翻	0	0
อารี	艾莉亚	机翻	0	0
อารูบา	阿鲁巴岛	机翻	0	0
อาละวาด	猖獗	机翻	0	0
อาลักษณ์	隶	机翻	0	0
อาลัย	错过	机翻	0	0
อาลีบาบา	阿里巴巴	机翻	0	0
อาโลก	啊，世界	机翻	0	0
อาโลกนะ	反射	机翻	0	0
อ่าวกินี	几内亚湾	机翻	0	0
อ่าวไทย	泰国湾	机翻	0	0
อาวรณ์	紧贴	机翻	0	0
อาวัล	阿瓦尔	机翻	0	0
อาวาส	寺庙	机翻	0	0
อาวาสิก	僧	机翻	0	0
อาวาหะ	阿瓦哈	机翻	0	0
อาวุธ	武器	机翻	0	0
อาวุธปืน	枪支	机翻	0	0
อาวุโส	高级的	机翻	0	0
อาโวคาโด	牛油果	机翻	0	0
อาศรม	隐士	机翻	0	0
อาศเลษา	阿萨莱萨	机翻	0	0
อาศัย	居住	机翻	0	0
อาศิร	祝福	机翻	0	0
อาสน	座位	机翻	0	0
อาสน์	座位	机翻	0	0
อาสนะ	座位	机翻	0	0
อาสัญ	死	机翻	0	0
อาสัตย์	不诚实	机翻	0	0
อาสา	志愿者	机翻	0	0
อาสิญจ์	倒	机翻	0	0
อาสิน	阿辛	机翻	0	0
อาสูร	同情	机翻	0	0
อาเสี่ย	傍大款	机翻	0	0
อาหนี	啊，逃吧	机翻	0	0
อาหม	阿萨姆语	机翻	0	0
อาหรับ	阿拉伯	机翻	0	0
อาหารขยะ	垃圾食品	机翻	0	0
อาหารคาว	咸味食物	机翻	0	0
อาหารค่ำ	晚餐	机翻	0	0
อาหารจีน	中餐	机翻	0	0
อาหารตา	养眼	机翻	0	0
อาหารปาก	嘴里的食物	机翻	0	0
อาโอโมริ	青森	机翻	0	0
อำแดง	阿姆登	机翻	0	0
อำนวยการ	行政人员	机翻	0	0
อำนวยผล	有帮助	机翻	0	0
อำนวยพร	祝福	机翻	0	0
อำนาจจิต	意志	机翻	0	0
อำนาจศาล	管辖权	机翻	0	0
อำพราง	伪装	机翻	0	0
อำพะนำ	保持沉默	机翻	0	0
อำพัน	琥珀色	机翻	0	0
อำไพ	杰出的	机翻	0	0
อำเภอใจ	任性	机翻	0	0
อำมฤต	不朽	机翻	0	0
อำมหิต	野蛮的	机翻	0	0
อำมาตย์	阿马蒂亚	机翻	0	0
อำลา	告别	机翻	0	0
อ้ำอึ้ง	无言以对	机翻	0	0
อิกลู	圆顶冰屋	机翻	0	0
อิกัวนา	鬣蜥	机翻	0	0
อิคิดนา	针鼹属	机翻	0	0
อิงค์	公司	机翻	0	0
อิงอร	依偎	机翻	0	0
อิงแอบ	依偎	机翻	0	0
อิฉัน	我	机翻	0	0
อิชิกาวะ	石川	机翻	0	0
อิดโรย	重击	机翻	0	0
อิดออด	勉强	机翻	0	0
อิตถี	女性	机翻	0	0
อิตาลี	意大利	机翻	0	0
อิทธิ	繁荣	机翻	0	0
อิทธิบาท	影响	机翻	0	0
อิทธิพล	影响	机翻	0	0
อินซูลิน	胰岛素	机翻	0	0
อินเดีย	印度	机翻	0	0
อินเดียม	铟	机翻	0	0
อินโดจีน	印度支那	机翻	0	0
อินท์	因陀罗	机翻	0	0
อินทผลัม	海枣	机翻	0	0
อินทร์	在	机翻	0	0
อินทรธนู	肩带	机翻	0	0
อินทรี	鹰	机翻	0	0
อินเนอร์	内	机翻	0	0
อินฟาเรด	红外线的	机翻	0	0
อินัง	关心	机翻	0	0
อิบารากิ	茨城	机翻	0	0
อิ่มใจ	使满意	机翻	0	0
อิมพัลซ์	冲动	机翻	0	0
อิ่มหนำ	吃饱	机翻	0	0
อิ่มเอม	满的	机翻	0	0
อิ่มเอิบ	发光	机翻	0	0
อิมัลชัน	乳液	机翻	0	0
อิยิปต์	埃及	机翻	0	0
อิรัก	伊拉克	机翻	0	0
อิริยา	方式	机翻	0	0
อิริยาบถ	姿势	机翻	0	0
อิวาเตะ	岩手县	机翻	0	0
อิศวร	心动过速	机翻	0	0
อิสตรี	女士	机翻	0	0
อิสร	自由	机翻	0	0
อิสรภาพ	自由	机翻	0	0
อิสราเอล	以色列	机翻	0	0
อิสลาม	伊斯兰教	机翻	0	0
อิสิ	隐士	机翻	0	0
อิหม่าม	阿訇	机翻	0	0
อิหร่าน	伊朗	机翻	0	0
อิเหนา	阿多尼斯	机翻	0	0
อิออน	永旺	机翻	0	0
อิอิ	呵呵呵呵	机翻	0	0
อีกด้วย	还	机翻	0	0
อีกที	再一次	机翻	0	0
อีกแล้ว	再次	机翻	0	0
อีกหน่อย	再多一点	机翻	0	0
อีก้อ	阿卡	机翻	0	0
อีก๋อย	鹬	机翻	0	0
อีกา	乌鸦	机翻	0	0
อีเก้ง	吠鹿	机翻	0	0
อีแก่	老太太	机翻	0	0
อีคิว	情商	机翻	0	0
อีจู้	埃朱	机翻	0	0
อีฉัน	我	机翻	0	0
อีซี	欧共体	机翻	0	0
อีแซว	E挑逗	机翻	0	0
อีตัว	妓女	机翻	0	0
อีเต้อ	鹤嘴锄	机翻	0	0
อีโต้	砍刀	机翻	0	0
อีเทอร์	醚	机翻	0	0
อีเป้า	鹅泡	机翻	0	0
อีเมล์	电子邮件	机翻	0	0
อียิปต์	埃及	机翻	0	0
อียู	欧盟	机翻	0	0
อีสเตอร์	复活节	机翻	0	0
อีสป	伊索	机翻	0	0
อีสัตว์	动物	机翻	0	0
อีสาน	东北	机翻	0	0
อีหนู	小女孩	机翻	0	0
อีหลี	伊莱	机翻	0	0
อีเห็น	果子狸	机翻	0	0
อี๋อ๋อ	奉承	机翻	0	0
อีแอบ	我偷偷地	机翻	0	0
อึกทึก	震耳欲聋的	机翻	0	0
อึงคะนึง	嘈杂	机翻	0	0
อึงมี่	热闹地	机翻	0	0
อึงอล	大声	机翻	0	0
อึ่งอ่าง	牛蛙	机翻	0	0
อึดใจ	立即的	机翻	0	0
อึ้ดทึ่ด	惊人的！	机翻	0	0
อึมครึม	阴沉	机翻	0	0
อืดอาด	粘液质的	机翻	0	0
อือ	是的	机翻	0	0
อื้อ	嗯嗯	机翻	0	0
อื้อฉาว	可耻的	机翻	0	0
อื้อซ่า	很多	机翻	0	0
อือออ	同意	机翻	0	0
อื้ออึง	吵闹的	机翻	0	0
อื้อฮือ	啊？	机翻	0	0
อุกกาบาต	陨石	机翻	0	0
อุกฤษฏ์	高超	机翻	0	0
อุกอาจ	积极地	机翻	0	0
อุโฆษ	著名的	机翻	0	0
อุ้งเท้า	爪	机翻	0	0
อุ้งมือ	爪子	机翻	0	0
อุจจาระ	凳子	机翻	0	0
อุจาด	丑陋的	机翻	0	0
อุณห	温度	机翻	0	0
อุณา	羊毛	机翻	0	0
อุณาโลม	眉毛之间的头发	机翻	0	0
อุดเตา	铁	机翻	0	0
อุดฟัน	补牙	机翻	0	0
อุดมคติ	理想的	机翻	0	0
อุดมูร์ต	乌德穆尔特	机翻	0	0
อุดร	乌冬面	机翻	0	0
อุดรธานี	乌隆他尼	机翻	0	0
อุดหู	耳塞	机翻	0	0
อุดอู้	闷	机翻	0	0
อุตดม	丰富	机翻	0	0
อุตดร	左边	机翻	0	0
อุตพิด	乌特皮德	机翻	0	0
อุตมรัฐ	乌塔姆拉特	机翻	0	0
อุตราษาฒ	北阿坎德邦	机翻	0	0
อุตริ	不自然的	机翻	0	0
อุตลุด	匆忙中	机翻	0	0
อุตสาห	行业	机翻	0	0
อุตส่าห์	努力	机翻	0	0
อุตสาหะ	辛苦的	机翻	0	0
อุตุ	健全地	机翻	0	0
อุตุนิยม	气象	机翻	0	0
อุทก	水	机翻	0	0
อุทกธาร	潮	机翻	0	0
อุทกภัย	洪水	机翻	0	0
อุทธัจ	尴尬	机翻	0	0
อุทบาตร	锅炉	机翻	0	0
อุทยาน	公园	机翻	0	0
อุทร	肠子	机翻	0	0
อุทลุม	乌斯勒姆	机翻	0	0
อุทัย	乌泰	机翻	0	0
อุทาน	射精	机翻	0	0
อุทาร	出色的	机翻	0	0
อุทาหรณ์	例子	机翻	0	0
อุทิศ	奉献的	机翻	0	0
อุทิศตัว	投入的	机翻	0	0
อุทุมพร	乌通蓬	机翻	0	0
อุเทศ	插图	机翻	0	0
อุธัจ	尴尬	机翻	0	0
อุนจิ	云地	机翻	0	0
อุ่นใจ	安心	机翻	0	0
อุบล	乌汶府	机翻	0	0
อุบอิบ	隐约地	机翻	0	0
อุบัติ	出现	机翻	0	0
อุบาท	发生	机翻	0	0
อุบาทว์	险恶	机翻	0	0
อุบาย	阴谋	机翻	0	0
อุบาสก	常去教堂的人	机翻	0	0
อุบาสิกา	女教士	机翻	0	0
อุเบกขา	平静	机翻	0	0
อุโบสถ	教堂	机翻	0	0
อุป	设备	机翻	0	0
อุปกรม	设备	机翻	0	0
อุปการ	支持	机翻	0	0
อุปการี	赞助人	机翻	0	0
อุปกิเลส	十六种悲伤的原因	机翻	0	0
อุปจาร	周围环境	机翻	0	0
อุปทูต	临时代办	机翻	0	0
อุปนัย	就职	机翻	0	0
อุปนายก	副总裁	机翻	0	0
อุปนิสัย	特点	机翻	0	0
อุปพันธ์	依恋	机翻	0	0
อุปโภค	消费者	机翻	0	0
อุปมัย	隐喻	机翻	0	0
อุปมา	相似性	机翻	0	0
อุปมาน	感应式	机翻	0	0
อุปไมย	隐喻	机翻	0	0
อุปโยค	就业	机翻	0	0
อุปโยราช	总督	机翻	0	0
อุปรากร	歌剧	机翻	0	0
อุปราคา	蚀	机翻	0	0
อุปราช	摄政	机翻	0	0
อุปโลกน์	发明了	机翻	0	0
อุปสมบท	按立	机翻	0	0
อุปัชฌา	优帕佳	机翻	0	0
อุปัชฌาย	导师	机翻	0	0
อุปัฏฐาก	外行人	机翻	0	0
อุปาทาน	先入为主的	机翻	0	0
อุ้มชู	珍惜	机翻	0	0
อุ้มท้อง	怀孕	机翻	0	0
อุ้มน้ำ	吸收水分	机翻	0	0
อุ้มบาตร	持施舍	机翻	0	0
อุ้มบุญ	代孕	机翻	0	0
อุมเบรีย	翁布里亚	机翻	0	0
อุ้มสม	匹配	机翻	0	0
อุมา	乌玛	机翻	0	0
อุ๊ยตาย	哎哟!	机翻	0	0
อุ้ยอ้าย	笨重的	机翻	0	0
อุรคะ	乌尔卡	机翻	0	0
อุรณะ	乌拉娜	机翻	0	0
อุรณี	乌拉尼	机翻	0	0
อุรา	母羊	机翻	0	0
อุรุ	乌鲁	机翻	0	0
อุรุกวัย	乌拉圭	机翻	0	0
อุไร	浦井	机翻	0	0
อุลิด	乌利德	机翻	0	0
อุแว้	哭	机翻	0	0
อุษา	极光	机翻	0	0
อุสุม	齿龈擦音辅音	机翻	0	0
อุเหม่	梅	机翻	0	0
อูกูเลเล	尤克里里	机翻	0	0
อู่น้ำ	湿船坞	机翻	0	0
อู้ฟู่	呜呜呜呜呜呜呜呜呜呜呜呜呜呜呜	机翻	0	0
อูมามิ	鲜味	机翻	0	0
อูรดู	乌尔都语	机翻	0	0
อู่รถ	车库	机翻	0	0
อูรุ	大腿	机翻	0	0
อู่เรือ	船厂	机翻	0	0
อู่ลอย	浮船坞	机翻	0	0
อู่แห้ง	干船坞	机翻	0	0
อู้อี้	咕哝	机翻	0	0
อู้ฮู	噢！	机翻	0	0
เอกเขนก	休息室	机翻	0	0
เอกจิต	相同意见	机翻	0	0
เอกฉันท์	一致	机翻	0	0
เอกซ์	X	机翻	0	0
เอ็กซ์	X	机翻	0	0
เอกเทศ	单独地	机翻	0	0
เอกโทษ	打扰一下	机翻	0	0
เอกนัย	一种感觉	机翻	0	0
เอกบุคคล	个人	机翻	0	0
เอกบุรุษ	杰出人物	机翻	0	0
เอกพจน์	单数	机翻	0	0
เอกภพ	宇宙	机翻	0	0
เอกภาคี	单方面	机翻	0	0
เอกมัย	完全相同的	机翻	0	0
เอกรส	文档	机翻	0	0
เอกราช	独立	机翻	0	0
เอกรูป	统一	机翻	0	0
เอกศก	单一时代	机翻	0	0
เอกอุ	主要的	机翻	0	0
เอกัตภาพ	统一	机翻	0	0
เอกา	独自的	机翻	0	0
เอเคอร์	英亩	机翻	0	0
เอช	H	机翻	0	0
เอชไอวี	艾滋病病毒	机翻	0	0
เอเชีย	亚洲	机翻	0	0
เอ็ดตะโร	叫嚣	机翻	0	0
เอดส์	艾滋病	机翻	0	0
เอตทัคคะ	专家	机翻	0	0
เอ้เต	埃特	机翻	0	0
เอเธนส์	雅典	机翻	0	0
เอนกาย	哈哈	机翻	0	0
เอ็นจีโอ	非政府组织	机翻	0	0
เอนไซม์	酶	机翻	0	0
เอ็นดู	可爱的	机翻	0	0
เอนทัลปี	焓	机翻	0	0
เอนทาลปี	焓	机翻	0	0
เอนโทรปี	熵	机翻	0	0
เอ็นบีเอ	NBA	机翻	0	0
เอ็นยึด	韧带	机翻	0	0
เอนหลัง	向后倾斜	机翻	0	0
เอบีเอส	腹肌	机翻	0	0
เอป	猿	机翻	0	0
เอปไซลอน	厄普西隆	机翻	0	0
เอเปค	亚太经合组织	机翻	0	0
เอฟ	F	机翻	0	0
เอฟเอ็ม	调频	机翻	0	0
เอ็มดี	医学博士	机翻	0	0
เอมอร	迷人	机翻	0	0
เอมโอช	令人愉快的味道	机翻	0	0
เอมิเรต	阿联酋航空	机翻	0	0
เอ่ยถึง	提到	机翻	0	0
เอ่ยปาก	张开嘴	机翻	0	0
เอ่ยอ้าง	宣称	机翻	0	0
เอยูเอ	AUA	机翻	0	0
เอเย่นต์	代理人	机翻	0	0
เอร็ด	埃德	机翻	0	0
เอลนีโญ	厄尔尼诺现象	机翻	0	0
เอลฟ์	小精灵	机翻	0	0
เอลาฬุก	埃拉鲁克	机翻	0	0
เอวกลม	圆腰	机翻	0	0
เอวบาง	细腰	机翻	0	0
เอส	S	机翻	0	0
เอสกิโม	爱斯基摩人	机翻	0	0
เอสพีเอฟ	SPF	机翻	0	0
เออแน่ะ	哦，当然	机翻	0	0
เอ่อล้น	溢出来	机翻	0	0
เอออร์ตา	主动脉	机翻	0	0
เอออวย	同意	机翻	0	0
เออออ	哦是的	机翻	0	0
เอเอชเอ	美国心脏协会	机翻	0	0
เอเอ็ม	是	机翻	0	0
เอไอ	人工智能	机翻	0	0
เอไอที	人工智能技术协会	机翻	0	0
เอฮิเมะ	爱媛	机翻	0	0
เอะใจ	怀疑	机翻	0	0
เอะอะ	大惊小怪	机翻	0	0
เอากำไร	获利了结	机翻	0	0
เอาคืน	收回	机翻	0	0
เอางาน	接受这份工作	机翻	0	0
เอาจริง	严重地	机翻	0	0
เอาใจ	安抚	机翻	0	0
เอาชนะ	克服	机翻	0	0
เอาชัย	赢	机翻	0	0
เอาชีวิต	夺取生命	机翻	0	0
เอาเชิง	严重地	机翻	0	0
เอาใช้	拿走并使用它	机翻	0	0
เอาตาย	严重地！	机翻	0	0
เอาแต่	仅有的	机翻	0	0
เอาถ่าน	坚持不懈	机翻	0	0
เอาเถอะ	快点	机翻	0	0
เอาเถิด	快点	机翻	0	0
เอาท์พุต	输出	机翻	0	0
เอาโทษ	惩治	机翻	0	0
เอาธุระ	照顾好生意	机翻	0	0
เอาผิด	定罪	机翻	0	0
เอามา	带上它	机翻	0	0
เอารส	尝尝味道	机翻	0	0
เอาแรง	要坚强	机翻	0	0
เอาฤกษ์	开始	机翻	0	0
เอาละ	出色地！	机翻	0	0
เอาล่ะ	好的	机翻	0	0
เอาหน้า	拿脸	机翻	0	0
เอาใหญ่	拿大一点	机翻	0	0
เอาอย่าง	仿真	机翻	0	0
เอาอยู่	我能应付	机翻	0	0
เอิบอาบ	渗透	机翻	0	0
เอียงหู	倾斜你的耳朵	机翻	0	0
เอียงอาย	端庄的	机翻	0	0
เอียงเอน	倾斜	机翻	0	0
แองโกลา	安哥拉	机翻	0	0
แอ่งน้ำ	水坑	机翻	0	0
แอ้งแม้ง	一动不动地	机翻	0	0
แอนติเจน	抗原	机翻	0	0
แอ่นลม	吞	机翻	0	0
แอนไอออน	负离子	机翻	0	0
แอบซ่อน	隐	机翻	0	0
แอบดู	偷窥	机翻	0	0
แอ๊บแบ๊ว	埃吉奥	机翻	0	0
แอบแฝง	隐蔽	机翻	0	0
แอบมอง	窥视	机翻	0	0
แอบหนี	偷偷溜走	机翻	0	0
แอบอ้าง	模仿	机翻	0	0
แอบอิง	依偎	机翻	0	0
แอปแดง	红苹果	机翻	0	0
แอปเปิ้ล	苹果	机翻	0	0
แอปรุ้ง	彩虹应用程序	机翻	0	0
แอพริคอต	杏	机翻	0	0
แอฟริกา	非洲	机翻	0	0
แอมป์	扩音器	机翻	0	0
แอมเปรอ	安培	机翻	0	0
แอมแปร์	安培	机翻	0	0
แอร์	空调	机翻	0	0
แอร่ม	出色地	机翻	0	0
แอริโซนา	亚利桑那	机翻	0	0
แอลฟา	阿尔法	机翻	0	0
แอละแบมา	阿拉巴马州	机翻	0	0
แอสทาทีน	砹	机翻	0	0
แอสไพริน	阿司匹林	机翻	0	0
แอสฟัลต์	沥青	机翻	0	0
โอกาสดี	良机	机翻	0	0
โอเค	好的	机翻	0	0
โอฆสงสาร	持续重生	机翻	0	0
โองการ	诗句	机翻	0	0
โองโขดง	翁科洞	机翻	0	0
โอ่งน้ำ	水罐	机翻	0	0
โอโจ้	大条	机翻	0	0
โอชะ	美味地	机翻	0	0
โอชา	可口	机翻	0	0
โอซากะ	大阪	机翻	0	0
โอซาก้า	大阪	机翻	0	0
โอโซน	臭氧	机翻	0	0
โอฑิศา	奥里萨邦	机翻	0	0
โอดครวญ	哀号	机翻	0	0
โอดโอย	上诉	机翻	0	0
โอเดสซา	敖德萨	机翻	0	0
โอ่โถง	灿烂	机翻	0	0
โอที	奥特	机翻	0	0
โอนเงิน	转账	机翻	0	0
โอนชาติ	全国转让	机翻	0	0
โอนอ่อน	宽容	机翻	0	0
โอนเอน	动摇	机翻	0	0
โอนเอียง	摇摆	机翻	0	0
โอนิงิริ	饭团	机翻	0	0
โอบกอด	拥抱	机翻	0	0
โอบรัด	拥抱	机翻	0	0
โอบล้อม	环绕	机翻	0	0
โอบอ้อม	拥抱	机翻	0	0
โอบอุ้ม	支撑	机翻	0	0
โอบเอื้อ	慷慨的	机翻	0	0
โอบามา	奥巴马	机翻	0	0
โอปอล	蛋白石	机翻	0	0
โอเปก	欧佩克	机翻	0	0
โอเปค	欧佩克	机翻	0	0
โอเปร่า	歌剧	机翻	0	0
โอพอสซัม	负鼠	机翻	0	0
โอพีดี	OPD	机翻	0	0
โอภา	迎接	机翻	0	0
โอภาส	光辉	机翻	0	0
โอมาน	阿曼	机翻	0	0
โอมาฮา	奥马哈	机翻	0	0
โอเมกา	欧米茄	机翻	0	0
โอโม่	奥莫	机翻	0	0
โอไมครอน	奥米克戎	机翻	0	0
โอยัวะ	天啊！	机翻	0	0
โอรส	儿子	机翻	0	0
โอริยา	奥里亚语	机翻	0	0
โอละพ่อ	顺便说一句，父亲	机翻	0	0
โอลิมปิก	奥运会	机翻	0	0
โอลิมปิค	奥林匹克	机翻	0	0
โอลีฟ	橄榄	机翻	0	0
โอเลี้ยง	奥良	机翻	0	0
โอ้โลม	勾引	机翻	0	0
โอวาท	服从	机翻	0	0
โอษฐ์	嘴唇	机翻	0	0
โอษฐชะ	双唇	机翻	0	0
โอษฐภัย	说话造成的危险	机翻	0	0
โอสถ	药品	机翻	0	0
โอสถกรรม	药品	机翻	0	0
โอสถมวน	卷烟药	机翻	0	0
โอสถศาลา	药房萨拉	机翻	0	0
โอห์ม	欧姆	机翻	0	0
โอหัง	傲慢	机翻	0	0
โอฬาร	庄严	机翻	0	0
โอฬาริก	庞大	机翻	0	0
โอฬารึก	奥拉鲁克	机翻	0	0
โอ่อวด	吹牛	机翻	0	0
โอ้อวด	夸	机翻	0	0
โอ่อ่า	炫耀的	机翻	0	0
โออิชิ	大石	机翻	0	0
โอ้เอ้	圣歌	机翻	0	0
โอเอซิส	绿洲	机翻	0	0
โอ้เอ๋ว	哦，呃！	机翻	0	0
โอไฮโอ	俄亥俄州	机翻	0	0
ไอกรน	百日咳	机翻	0	0
ไอ้เข้	鳄鱼	机翻	0	0
ไอคอน	图标	机翻	0	0
ไอคิว	智商	机翻	0	0
ไอ้งั่ง	你这个白痴！	机翻	0	0
ไอจิ	爱知县	机翻	0	0
ไอซี	我知道了	机翻	0	0
ไอซีคิว	ICQ	机翻	0	0
ไอซียู	重症监护室	机翻	0	0
ไอโซโทป	同位素	机翻	0	0
ไอดอล	偶像	机翻	0	0
ไอดาโฮ	爱达荷州	机翻	0	0
ไอเดีย	主意	机翻	0	0
ไอแดด	阳光的热量	机翻	0	0
ไอตัว	咳嗽	机翻	0	0
ไอติม	冰淇淋	机翻	0	0
ไอที	它	机翻	0	0
ไอน้ำ	蒸汽	机翻	0	0
ไอ้บ้า	疯狂的混蛋	机翻	0	0
ไอพ่น	喷气发动机	机翻	0	0
ไอพิษ	气体	机翻	0	0
ไอโฟน	iPhone	机翻	0	0
ไอยคุปต์	埃及	机翻	0	0
ไอยรา	伊亚拉	机翻	0	0
ไอยเรศ	伊亚雷特	机翻	0	0
ไอระเหย	汽	机翻	0	0
ไอราวัณ	伊拉万	机翻	0	0
ไอ้เวร	混蛋	机翻	0	0
ไอศครีม	冰淇淋	机翻	0	0
ไอศวรรย์	艾萨旺	机翻	0	0
ไอศูรย์	王权	机翻	0	0
ไอเสีย	排气	机翻	0	0
ไอ้หนู	男生	机翻	0	0
ไอ้หยา	艾雅	机翻	0	0
ไอออน	离子	机翻	0	0
ไอออนบวก	阳离子	机翻	0	0
ไอออนลบ	负离子	机翻	0	0
ไออุ่น	温暖	机翻	0	0
ไอเอสโอ	国际标准化组织	机翻	0	0
ไอโอ	木卫一	机翻	0	0
ไอโอดีน	碘	机翻	0	0
ไอโอวา	爱荷华州	机翻	0	0
ฮ	H	机翻	0	0
ฮกเกี้ยน	闽南语	机翻	0	0
ฮกไกโด	北海道	机翻	0	0
ฮนชู	本州	机翻	0	0
ฮวงจุ้ย	风水	机翻	0	0
ฮวงซุ้ย	陵	机翻	0	0
ฮ้วนหมู	胡焕武	机翻	0	0
ฮวบฮาบ	彻底地	机翻	0	0
ฮอกกี้	曲棍球	机翻	0	0
ฮ่องกง	香港	机翻	0	0
ฮ่องเต้	皇帝	机翻	0	0
ฮองเฮา	香港	机翻	0	0
ฮอตดอก	热狗	机翻	0	0
ฮอนดูรัส	洪都拉斯	机翻	0	0
ฮอบบิท	霍比特人	机翻	0	0
ฮอร์โมน	激素	机翻	0	0
ฮอลลีวูด	好莱坞	机翻	0	0
ฮอลแลนด์	荷兰	机翻	0	0
ฮอลันดา	荷兰语	机翻	0	0
ฮะเก๋า	哈考	机翻	0	0
ฮังการี	匈牙利	机翻	0	0
ฮังเล	红雷咖喱	机翻	0	0
ฮัจญ์	朝觐	机翻	0	0
ฮัจญี	哈吉	机翻	0	0
ฮัดชิ่ว	哈德奇	机翻	0	0
ฮัดชิ้ว	哈德西！	机翻	0	0
ฮันกึล	韩文	机翻	0	0
ฮั่นจื้อ	汉志	机翻	0	0
ฮันบก	韩服	机翻	0	0
ฮัมบวร์ค	汉堡	机翻	0	0
ฮัลโล	你好	机翻	0	0
ฮัลโหล	你好	机翻	0	0
ฮัสเซียม	哈西姆	机翻	0	0
ฮากกา	客家	机翻	0	0
ฮ่างหลวง	杭銮	机翻	0	0
ฮานอย	河内	机翻	0	0
ฮาป่า	非常有趣	机翻	0	0
ฮามาส	哈马斯	机翻	0	0
ฮาร์ป	竖琴	机翻	0	0
ฮาเร็ม	后宫	机翻	0	0
ฮาลาล	清真	机翻	0	0
ฮาโลวีน	万圣节	机翻	0	0
ฮาวานา	哈瓦那	机翻	0	0
ฮาวาย	夏威夷	机翻	0	0
ฮ้าไฮ้	合唱声	机翻	0	0
ฮิญาบ	盖头	机翻	0	0
ฮิตเลอร์	希特勒	机翻	0	0
ฮินดี	印地语	机翻	0	0
ฮินดู	印度教	机翻	0	0
ฮิบรู	希伯来语	机翻	0	0
ฮิปปี้	嬉皮士	机翻	0	0
ฮิปโป	河马	机翻	0	0
ฮิระงะนะ	平假名	机翻	0	0
ฮิรางานะ	平假名	机翻	0	0
ฮิโรชิมะ	广岛	机翻	0	0
ฮีบรู	希伯来语	机翻	0	0
ฮีโร่	英雄	机翻	0	0
ฮีเลียม	氦	机翻	0	0
ฮึกหาญ	英勇	机翻	0	0
ฮึกห้าว	好斗的	机翻	0	0
ฮึกเหิม	武术	机翻	0	0
ฮึกโหม	使出全力	机翻	0	0
ฮึกฮัก	激怒了	机翻	0	0
ฮึดฮัด	不满	机翻	0	0
ฮื่อ	啊？	机翻	0	0
ฮื้อ	啊？	机翻	0	0
ฮือฮา	令人兴奋	机翻	0	0
ฮุยเลฮุย	慧乐慧	机翻	0	0
ฮูหยิน	胡寅	机翻	0	0
เฮก	哎呀	机翻	0	0
เฮกตาร์	公顷	机翻	0	0
เฮงซวย	下	机翻	0	0
เฮช	H	机翻	0	0
เฮชไอวี	艾滋病病毒	机翻	0	0
เฮติ	海地	机翻	0	0
เฮนรี	亨利	机翻	0	0
เฮโรอิน	海洛因	机翻	0	0
เฮโรอีน	海洛因	机翻	0	0
เฮลซิงกิ	赫尔辛基	机翻	0	0
เฮเลนา	海伦娜	机翻	0	0
เฮโล	蜂群	机翻	0	0
เฮอริเคน	飓风	机翻	0	0
เฮฮา	搞笑的	机翻	0	0
เฮิรตซ์	赫兹	机翻	0	0
เฮียวโงะ	兵库县	机翻	0	0
แฮ่กึ๊น	虾球	机翻	0	0
แฮนด์	车把	机翻	0	0
แฮนด์บอล	手球	机翻	0	0
แฮป	快乐的	机翻	0	0
แฮปปี้	快乐的	机翻	0	0
แฮฟเนียม	铪	机翻	0	0
โฮกฮาก	粗声粗气	机翻	0	0
โฮเต็ล	酒店	机翻	0	0
โฮมเพจ	主页	机翻	0	0
โฮลเมียม	钬	机翻	0	0
ไฮโซ	上流社会	机翻	0	0
ไฮดรา	九头蛇	机翻	0	0
ไฮโดรเจน	氢	机翻	0	0
ไฮเตอร์	海特	机翻	0	0
ไฮเทค	高科技	机翻	0	0
ไฮยีน่า	鬣狗	机翻	0	0
ไฮเวย์	公路	机翻	0	0
ะ	哦	机翻	0	0
ั	ก	机翻	0	0
า	ก	机翻	0	0
ำ	ก	机翻	0	0
ิ	它	机翻	0	0
ี	是的	机翻	0	0
ึ	呃	机翻	0	0
ื	ฺ	机翻	0	0
ุ	你	机翻	0	0
ู	你	机翻	0	0
เ	t	机翻	0	0
แ	和	机翻	0	0
โ	哦	机翻	0	0
ใ	在	机翻	0	0
ไ	什么？	机翻	0	0
